指标名称,安徽:建筑业:建筑业总产值:累计值,北京:建筑业:建筑业总产值:累计值,福建:建筑业:建筑业总产值:累计值,甘肃:建筑业:建筑业总产值:累计值,广东:建筑业:建筑业总产值:累计值,广西:建筑业:建筑业总产值:累计值,贵州:建筑业:建筑业总产值:累计值,海南:建筑业:建筑业总产值:累计值,河北:建筑业:建筑业总产值:累计值,黑龙江:建筑业:建筑业总产值:累计值,河南:建筑业:建筑业总产值:累计值,湖北:建筑业:建筑业总产值:累计值,湖南:建筑业:建筑业总产值:累计值,江苏:建筑业:建筑业总产值:累计值,江西:建筑业:建筑业总产值:累计值,吉林:建筑业:建筑业总产值:累计值,辽宁:建筑业:建筑业总产值:累计值,内蒙古:建筑业:建筑业总产值:累计值,宁夏:建筑业:建筑业总产值:累计值,青海:建筑业:建筑业总产值:累计值,山东:建筑业:建筑业总产值:累计值,上海:建筑业:建筑业总产值:累计值,陕西:建筑业:建筑业总产值:累计值,山西:建筑业:建筑业总产值:累计值,四川:建筑业:建筑业总产值:累计值,天津:建筑业:建筑业总产值:累计值,新疆:建筑业:建筑业总产值:累计值,西藏:建筑业:建筑业总产值:累计值,云南:建筑业:建筑业总产值:累计值,浙江:建筑业:建筑业总产值:累计值,重庆:建筑业:建筑业总产值:累计值
2003-06,246.22 ,454.90 ,168.64 ,76.39 ,555.33 ,107.02 ,82.98 ,18.55 ,267.60 ,98.61 ,218.15 ,272.14 ,225.28 ,1051.85 ,124.99 ,95.14 ,260.31 ,72.71 ,35.87 ,20.61 ,495.48 ,419.34 ,160.12 ,166.41 ,413.89 ,201.25 ,93.40 ,11.99 ,143.41 ,1128.61 ,231.93 
2003-12,641.84 ,1269.85 ,495.36 ,200.32 ,1479.84 ,290.84 ,207.34 ,23.99 ,730.40 ,426.94 ,613.57 ,703.79 ,674.41 ,2560.23 ,344.33 ,373.32 ,1016.48 ,245.74 ,104.37 ,73.39 ,1402.23 ,1055.88 ,422.47 ,492.92 ,1323.67 ,498.66 ,295.57 ,11.99 ,348.82 ,2973.65 ,563.25 
2004-03,134.25 ,202.25 ,95.66 ,23.79 ,371.46 ,59.06 ,49.14 ,7.24 ,105.89 ,5.79 ,114.64 ,162.74 ,151.57 ,423.91 ,74.46 ,12.80 ,53.58 ,10.72 ,7.78 ,5.87 ,211.86 ,255.44 ,68.21 ,69.06 ,263.25 ,97.02 ,7.72 ,,83.67 ,612.98 ,140.34 
2004-06,310.73 ,589.12 ,218.20 ,85.53 ,796.11 ,131.80 ,105.57 ,20.25 ,321.88 ,107.54 ,303.16 ,356.98 ,258.62 ,1264.03 ,165.38 ,98.43 ,334.24 ,97.16 ,42.95 ,29.60 ,648.23 ,594.82 ,201.90 ,231.07 ,460.05 ,273.95 ,91.21 ,7.89 ,172.54 ,1499.38 ,278.66 
2004-09,430.53 ,965.87 ,369.97 ,146.18 ,1224.80 ,203.56 ,159.78 ,28.34 ,485.18 ,262.22 ,476.92 ,557.94 ,569.42 ,1786.81 ,349.03 ,200.35 ,686.60 ,202.70 ,77.34 ,51.86 ,1036.45 ,895.10 ,324.51 ,389.30 ,787.98 ,439.73 ,201.73 ,15.72 ,256.95 ,2477.91 ,426.53 
2004-12,775.44 ,1464.54 ,565.62 ,206.13 ,1749.56 ,333.59 ,245.73 ,47.07 ,849.11 ,476.48 ,787.49 ,1065.64 ,956.67 ,3370.57 ,449.56 ,361.26 ,1222.95 ,327.50 ,109.42 ,81.91 ,1902.11 ,1738.00 ,525.01 ,749.49 ,1366.46 ,631.34 ,316.74 ,20.79 ,419.96 ,3966.77 ,662.67 
2005-03,141.73 ,232.80 ,110.10 ,18.76 ,402.88 ,64.17 ,48.98 ,7.93 ,116.96 ,4.29 ,137.53 ,186.02 ,200.92 ,516.57 ,89.32 ,17.26 ,66.62 ,13.99 ,6.03 ,6.78 ,269.32 ,300.27 ,67.04 ,86.85 ,268.51 ,101.29 ,9.17 ,0.06 ,99.52 ,760.31 ,162.23 
2005-06,325.37 ,712.09 ,269.05 ,74.81 ,878.80 ,155.85 ,108.56 ,21.88 ,389.11 ,124.27 ,366.57 ,441.78 ,429.51 ,1536.80 ,200.88 ,109.84 ,394.86 ,124.93 ,38.33 ,29.68 ,825.31 ,728.40 ,228.16 ,288.21 ,514.20 ,293.80 ,93.59 ,8.43 ,210.15 ,1802.57 ,330.83 
2005-09,523.95 ,1177.14 ,456.28 ,143.23 ,1356.46 ,244.42 ,172.43 ,32.54 ,636.95 ,307.27 ,584.43 ,686.85 ,694.65 ,2371.16 ,424.33 ,241.57 ,794.27 ,234.80 ,70.50 ,54.86 ,1353.46 ,1136.86 ,355.81 ,493.43 ,903.83 ,486.60 ,212.06 ,23.69 ,336.06 ,3040.02 ,506.99 
2005-12,961.56 ,1894.29 ,804.00 ,276.30 ,2067.42 ,410.14 ,260.39 ,59.46 ,1268.40 ,572.33 ,1055.85 ,1247.82 ,1177.18 ,4365.09 ,543.38 ,485.24 ,1472.03 ,366.60 ,111.07 ,87.87 ,2490.85 ,1892.97 ,594.06 ,792.27 ,1478.44 ,725.26 ,343.28 ,35.53 ,502.09 ,4620.30 ,784.57 
2006-03,188.00 ,284.75 ,151.92 ,24.24 ,460.52 ,80.70 ,55.60 ,8.95 ,138.08 ,5.46 ,186.73 ,239.95 ,233.32 ,629.20 ,115.88 ,23.36 ,87.30 ,19.17 ,7.27 ,6.99 ,344.81 ,337.96 ,88.82 ,96.35 ,317.71 ,122.52 ,8.85 ,0.91 ,127.62 ,944.57 ,183.26 
2006-06,466.03 ,823.51 ,382.96 ,99.25 ,998.48 ,196.47 ,130.23 ,24.52 ,498.98 ,151.88 ,506.13 ,600.24 ,554.34 ,1881.66 ,259.60 ,143.65 ,526.09 ,163.91 ,43.41 ,31.64 ,1064.79 ,812.76 ,306.49 ,343.22 ,630.14 ,363.67 ,104.41 ,15.32 ,271.86 ,2163.20 ,372.32 
2006-09,751.86 ,1398.11 ,635.24 ,190.28 ,1568.70 ,302.36 ,196.03 ,36.61 ,798.33 ,376.45 ,845.46 ,948.28 ,895.30 ,3054.53 ,524.86 ,320.70 ,1048.29 ,307.90 ,82.82 ,58.29 ,1755.35 ,1265.42 ,481.35 ,555.22 ,1102.02 ,598.45 ,233.66 ,35.39 ,423.43 ,3556.82 ,567.03 
2006-12,1139.10 ,2161.37 ,1158.22 ,344.33 ,2536.79 ,514.11 ,291.16 ,64.59 ,1439.35 ,699.33 ,1495.59 ,1702.00 ,1475.13 ,5154.48 ,662.31 ,685.02 ,1767.99 ,474.06 ,130.76 ,105.69 ,2788.64 ,2107.57 ,895.38 ,892.04 ,1780.06 ,924.28 ,404.01 ,53.92 ,652.08 ,5590.93 ,885.18 
2007-03,253.01 ,341.09 ,220.67 ,33.19 ,556.93 ,98.11 ,62.56 ,11.30 ,163.77 ,7.13 ,260.45 ,346.08 ,289.61 ,718.58 ,133.40 ,31.30 ,112.37 ,20.06 ,8.58 ,10.14 ,406.85 ,373.06 ,117.13 ,101.12 ,370.19 ,158.84 ,11.78 ,1.26 ,146.92 ,1135.89 ,207.45 
2007-06,585.79 ,989.20 ,536.53 ,129.35 ,1194.58 ,240.61 ,144.59 ,30.24 ,555.64 ,175.54 ,707.21 ,783.09 ,713.74 ,2291.65 ,300.56 ,209.01 ,633.68 ,185.85 ,47.37 ,42.37 ,1261.28 ,938.94 ,406.44 ,354.65 ,756.76 ,485.94 ,121.11 ,22.84 ,314.58 ,2610.29 ,443.44 
2007-09,973.38 ,1649.86 ,888.54 ,234.30 ,1867.22 ,366.47 ,224.44 ,46.13 ,971.20 ,436.92 ,1178.79 ,1219.04 ,1153.22 ,3915.73 ,533.81 ,414.75 ,1220.12 ,344.73 ,97.48 ,77.34 ,2055.65 ,1481.80 ,664.38 ,621.82 ,1320.58 ,801.33 ,273.97 ,46.84 ,473.65 ,4325.50 ,703.26 
2007-12,1486.74 ,2580.13 ,1490.71 ,436.90 ,3037.25 ,616.65 ,346.37 ,81.95 ,1614.29 ,875.51 ,2077.57 ,2011.85 ,1888.26 ,6511.73 ,778.18 ,772.35 ,2099.15 ,664.97 ,151.37 ,119.30 ,3301.63 ,2425.21 ,1208.57 ,1025.88 ,2092.39 ,1183.92 ,434.18 ,53.71 ,742.05 ,6790.32 ,1119.54 
2008-03,298.52 ,452.02 ,311.49 ,42.86 ,638.74 ,123.73 ,69.90 ,16.90 ,216.48 ,8.73 ,361.31 ,431.01 ,336.82 ,921.00 ,161.77 ,39.95 ,148.21 ,18.82 ,10.99 ,16.13 ,488.33 ,418.67 ,173.12 ,111.54 ,442.81 ,207.14 ,15.05 ,1.47 ,170.03 ,1427.36 ,266.14 
2008-06,714.91 ,1330.64 ,728.35 ,161.20 ,1433.53 ,288.00 ,167.24 ,43.66 ,712.23 ,207.30 ,974.41 ,967.44 ,844.41 ,2805.46 ,381.41 ,290.87 ,750.53 ,225.43 ,65.89 ,51.89 ,1492.08 ,1167.17 ,568.20 ,381.29 ,940.16 ,579.85 ,159.61 ,24.35 ,374.81 ,3244.82 ,587.37 
2008-09,1163.98 ,1916.24 ,1154.37 ,290.30 ,2169.56 ,448.47 ,261.44 ,64.64 ,1205.32 ,507.96 ,1613.06 ,1588.07 ,1401.42 ,4801.99 ,641.56 ,544.80 ,1445.09 ,430.74 ,122.18 ,85.69 ,2413.57 ,1868.40 ,930.62 ,732.81 ,1644.05 ,962.76 ,365.98 ,51.65 ,559.22 ,5234.45 ,931.97 
2008-12,1884.09 ,3065.38 ,1860.75 ,480.45 ,3375.03 ,746.75 ,381.63 ,110.99 ,1903.44 ,1057.59 ,2826.07 ,2597.65 ,2286.67 ,8308.46 ,969.79 ,962.79 ,2512.65 ,759.80 ,184.05 ,134.49 ,3787.80 ,3071.76 ,1649.29 ,1282.59 ,2536.97 ,1405.84 ,558.44 ,72.29 ,899.86 ,8040.76 ,1430.16 
2009-03,371.55 ,506.22 ,339.11 ,56.74 ,675.82 ,149.63 ,78.09 ,22.39 ,276.70 ,11.93 ,469.14 ,579.69 ,397.52 ,1179.27 ,197.02 ,47.96 ,209.48 ,28.97 ,16.28 ,18.29 ,575.83 ,543.04 ,241.07 ,186.06 ,551.00 ,260.65 ,25.19 ,2.69 ,219.71 ,1543.13 ,336.44 
2009-06,872.86 ,1474.84 ,795.12 ,208.73 ,1518.62 ,352.75 ,204.16 ,55.80 ,917.29 ,242.64 ,1290.87 ,1340.39 ,991.22 ,3463.98 ,464.91 ,319.88 ,917.57 ,302.76 ,85.74 ,69.48 ,1777.05 ,1474.57 ,785.91 ,606.96 ,1190.66 ,742.77 ,211.02 ,38.40 ,475.36 ,3536.54 ,773.38 
2009-09,1414.99 ,2479.93 ,1326.36 ,374.82 ,2410.57 ,566.99 ,331.03 ,81.11 ,1591.95 ,608.61 ,2081.05 ,2094.13 ,1659.44 ,5946.83 ,798.32 ,625.65 ,1832.74 ,583.91 ,170.73 ,120.94 ,2888.65 ,2365.64 ,1301.33 ,1108.78 ,2098.05 ,1235.04 ,488.07 ,62.25 ,732.78 ,5895.04 ,1242.54 
2009-12,2269.70 ,4059.76 ,2162.29 ,576.38 ,3666.71 ,926.95 ,508.65 ,142.75 ,2489.15 ,1327.06 ,3560.94 ,3409.02 ,2504.92 ,10181.30 ,1285.00 ,1151.75 ,3373.84 ,952.06 ,259.21 ,201.08 ,4578.31 ,3827.84 ,2312.99 ,1772.80 ,3289.08 ,1808.46 ,760.57 ,87.96 ,1179.16 ,9350.97 ,1887.16 
2010-03,462.55 ,710.17 ,424.23 ,75.23 ,749.21 ,196.34 ,101.14 ,32.72 ,349.19 ,16.12 ,608.85 ,766.78 ,507.75 ,1463.16 ,251.80 ,53.49 ,237.69 ,35.03 ,21.17 ,25.04 ,693.02 ,682.46 ,329.70 ,221.95 ,714.35 ,342.96 ,29.66 ,1.35 ,281.12 ,1892.21 ,430.48 
2010-06,1100.59 ,2014.01 ,993.90 ,273.89 ,1729.55 ,468.48 ,251.65 ,79.47 ,1150.70 ,322.38 ,1633.32 ,1685.61 ,1215.53 ,4142.51 ,606.10 ,368.86 ,1193.21 ,322.09 ,109.77 ,97.92 ,2117.36 ,1784.93 ,1077.64 ,703.51 ,1518.24 ,983.67 ,253.83 ,43.96 ,596.07 ,4347.77 ,1006.86 
2010-09,1796.66 ,3306.78 ,1670.93 ,483.38 ,2820.28 ,755.54 ,396.10 ,115.95 ,2012.75 ,809.33 ,2564.16 ,2631.70 ,2004.11 ,7083.61 ,1006.38 ,715.92 ,2433.31 ,665.39 ,216.89 ,169.70 ,3446.30 ,2735.81 ,1769.16 ,1270.78 ,2633.06 ,1633.80 ,596.74 ,65.04 ,915.89 ,7279.58 ,1621.53 
2010-12,2871.12 ,5196.02 ,2852.01 ,730.26 ,4500.59 ,1212.46 ,618.14 ,198.44 ,3210.77 ,1767.24 ,4399.80 ,4231.69 ,3134.98 ,12323.59 ,1677.02 ,1348.78 ,4693.28 ,1098.10 ,342.69 ,273.85 ,5495.11 ,4298.12 ,3126.13 ,2083.33 ,4147.68 ,2473.25 ,938.48 ,108.07 ,1496.44 ,11859.99 ,2498.39 
2011-03,625.68 ,884.10 ,583.90 ,99.94 ,944.04 ,259.27 ,137.49 ,42.90 ,444.88 ,18.95 ,781.60 ,1018.11 ,658.41 ,1773.14 ,334.15 ,61.23 ,326.91 ,43.05 ,26.69 ,37.06 ,838.52 ,739.23 ,450.21 ,252.94 ,921.36 ,456.24 ,37.01 ,4.14 ,348.85 ,2381.17 ,565.18 
2011-06,1401.38 ,2491.03 ,1368.29 ,362.74 ,2215.99 ,631.08 ,345.02 ,101.53 ,1473.47 ,407.47 ,2098.97 ,2207.30 ,1583.82 ,5029.64 ,793.15 ,434.08 ,1614.74 ,387.05 ,136.23 ,121.79 ,2539.01 ,1845.54 ,1479.86 ,781.33 ,1972.40 ,1269.04 ,326.53 ,33.31 ,753.89 ,5567.17 ,1338.04 
2011-09,2296.10 ,4111.00 ,2297.50 ,632.10 ,3619.80 ,984.50 ,540.80 ,153.40 ,2563.50 ,1053.00 ,3244.30 ,3402.60 ,2500.10 ,8687.40 ,1297.90 ,900.40 ,3298.80 ,816.80 ,264.70 ,195.90 ,4121.40 ,2900.00 ,2368.90 ,1384.90 ,3351.90 ,2012.10 ,786.40 ,68.30 ,1161.20 ,9296.20 ,2153.90 
2011-12,3599.40 ,6214.31 ,3696.45 ,911.69 ,5859.10 ,1552.16 ,825.84 ,254.72 ,3931.11 ,2133.68 ,5335.02 ,5617.29 ,3839.39 ,15062.18 ,2077.56 ,1615.43 ,6170.57 ,1377.90 ,417.05 ,319.90 ,6501.68 ,4579.37 ,4098.43 ,2246.49 ,5300.38 ,2925.57 ,1274.47 ,123.35 ,1867.06 ,14686.41 ,3320.19 
2012-03,745.00 ,981.00 ,737.21 ,125.49 ,1103.52 ,314.38 ,185.27 ,59.42 ,562.62 ,24.43 ,944.95 ,1195.84 ,753.60 ,2107.17 ,418.89 ,43.87 ,430.55 ,49.15 ,33.49 ,45.33 ,958.66 ,835.17 ,416.82 ,226.89 ,1131.24 ,489.93 ,48.57 ,5.09 ,388.84 ,2743.94 ,724.30 
2012-06,1693.70 ,2643.73 ,1755.95 ,485.63 ,2562.02 ,747.75 ,413.97 ,113.94 ,1783.19 ,476.58 ,2325.77 ,2670.96 ,1754.49 ,6402.44 ,997.24 ,483.55 ,2150.44 ,387.18 ,163.72 ,122.89 ,2854.80 ,1932.57 ,1262.79 ,858.62 ,2482.69 ,1368.24 ,458.41 ,29.33 ,891.84 ,6601.16 ,1584.10 
2012-09,2750.14 ,4440.77 ,2809.88 ,832.86 ,4087.57 ,1160.08 ,669.51 ,174.91 ,3044.61 ,1167.34 ,3758.60 ,4135.88 ,2844.67 ,11042.46 ,1691.44 ,1027.91 ,4345.52 ,856.40 ,299.26 ,206.58 ,4696.72 ,3089.46 ,2241.26 ,1601.06 ,4133.93 ,2213.70 ,1050.77 ,53.25 ,1432.80 ,10838.68 ,2545.24 
2012-12,4185.11 ,6564.80 ,4399.93 ,1227.12 ,6343.44 ,1866.03 ,1028.71 ,279.99 ,4784.38 ,2367.39 ,6081.85 ,6865.67 ,4375.69 ,17927.23 ,2729.89 ,1958.61 ,7507.97 ,1433.90 ,461.93 ,312.39 ,7203.75 ,4564.13 ,3533.54 ,2622.16 ,6255.84 ,3256.98 ,1614.74 ,84.92 ,2386.40 ,17144.72 ,3934.14 
2013-03,874.37 ,1029.86 ,926.41 ,170.01 ,1360.66 ,386.69 ,221.30 ,61.94 ,660.43 ,30.59 ,1106.47 ,1497.15 ,858.82 ,2633.17 ,552.90 ,73.24 ,518.46 ,59.53 ,38.28 ,42.05 ,1129.60 ,965.86 ,534.61 ,292.07 ,1349.57 ,547.76 ,60.94 ,9.07 ,498.82 ,3276.75 ,866.47 
2013-06,2012.80 ,3009.16 ,2205.48 ,600.70 ,3134.03 ,917.66 ,528.98 ,119.64 ,2024.96 ,505.23 ,2729.60 ,3368.08 ,2082.92 ,7786.46 ,1228.59 ,555.17 ,2598.53 ,390.14 ,195.02 ,139.96 ,3273.11 ,2161.45 ,1574.69 ,1014.87 ,2993.56 ,1531.79 ,572.01 ,19.78 ,1128.87 ,7884.01 ,1889.85 
2013-09,3234.67 ,5015.59 ,3515.16 ,1044.12 ,4990.93 ,1443.55 ,869.16 ,182.11 ,3494.06 ,1239.89 ,4437.95 ,5211.21 ,3417.62 ,13361.37 ,2098.73 ,1228.51 ,5255.30 ,940.76 ,349.28 ,248.82 ,5423.39 ,3436.04 ,2713.56 ,1860.89 ,4917.17 ,2479.75 ,1383.75 ,47.09 ,1801.63 ,12809.25 ,3046.93 
2013-12,4970.34 ,7407.09 ,5459.41 ,1708.27 ,7729.24 ,2271.39 ,1365.00 ,285.31 ,5203.92 ,2450.57 ,7082.37 ,8343.40 ,5255.98 ,21712.16 ,3459.53 ,2200.15 ,8743.37 ,1540.48 ,564.66 ,396.39 ,8332.70 ,5102.84 ,3993.81 ,2983.81 ,7239.49 ,3670.53 ,2071.52 ,82.11 ,2888.82 ,20066.42 ,4731.88 
2014-03,1016.55 ,1158.60 ,1135.77 ,206.13 ,1531.12 ,470.11 ,287.03 ,71.09 ,736.65 ,28.61 ,1290.71 ,1727.64 ,1022.26 ,3086.06 ,680.31 ,86.51 ,598.72 ,57.79 ,43.59 ,52.98 ,1300.06 ,1054.48 ,638.35 ,339.10 ,1564.15 ,605.99 ,74.68 ,9.28 ,558.55 ,3785.57 ,1019.67 
2014-06,2363.03 ,3457.93 ,2701.71 ,733.28 ,3490.81 ,1101.74 ,688.73 ,121.25 ,2224.85 ,469.89 ,3140.61 ,4011.38 ,2447.59 ,9169.17 ,1513.07 ,653.37 ,2779.79 ,392.83 ,202.17 ,146.61 ,3780.56 ,2343.51 ,1895.39 ,1187.33 ,3490.68 ,1693.86 ,659.03 ,27.84 ,1249.24 ,9022.49 ,2239.96 
2014-09,3686.67 ,5709.12 ,4302.55 ,1288.87 ,5587.82 ,1672.63 ,1113.82 ,187.96 ,3744.39 ,1154.99 ,5039.82 ,6201.34 ,3977.48 ,15671.59 ,2516.47 ,1425.86 ,5160.63 ,899.53 ,394.25 ,278.79 ,6219.28 ,3692.66 ,3153.70 ,2035.26 ,5678.31 ,2766.83 ,1528.03 ,47.85 ,1970.17 ,14560.56 ,3580.28 
2014-12,5482.93 ,8209.80 ,6689.21 ,1814.52 ,8356.50 ,2608.91 ,1640.24 ,276.33 ,5625.75 ,2150.75 ,7911.89 ,10059.59 ,6020.97 ,24592.93 ,4122.63 ,2521.00 ,7851.12 ,1402.93 ,625.16 ,432.91 ,9313.45 ,5499.94 ,4557.71 ,3103.49 ,8066.66 ,4123.49 ,2306.28 ,71.25 ,3054.67 ,22668.19 ,5552.20 
2015-03,1077.45 ,1276.77 ,1318.63 ,215.37 ,1623.75 ,545.01 ,340.87 ,73.52 ,785.64 ,29.21 ,1450.02 ,1986.84 ,1196.86 ,3426.53 ,795.66 ,94.02 ,478.94 ,53.08 ,44.29 ,52.27 ,1429.96 ,1113.45 ,720.41 ,340.47 ,1748.72 ,660.54 ,83.56 ,9.32 ,566.30 ,4165.90 ,1192.01 
2015-06,2444.41 ,3604.41 ,3128.58 ,753.27 ,3790.75 ,1250.25 ,816.03 ,131.37 ,2239.44 ,358.61 ,3365.85 ,4466.53 ,2772.35 ,9320.13 ,1760.64 ,667.27 ,1961.10 ,319.76 ,173.13 ,151.94 ,3821.19 ,2454.68 ,1957.04 ,1070.13 ,3837.44 ,1846.21 ,646.49 ,29.67 ,1268.86 ,9348.91 ,2617.98 
2015-09,3821.36 ,5795.96 ,5007.75 ,1313.51 ,6027.98 ,1891.15 ,1333.77 ,190.68 ,3590.05 ,815.20 ,5322.37 ,6878.61 ,4402.88 ,15429.93 ,2836.27 ,1314.95 ,3752.23 ,702.24 ,335.53 ,264.98 ,6234.13 ,3807.32 ,3223.75 ,1851.41 ,6079.50 ,3013.61 ,1464.71 ,69.71 ,2026.16 ,14974.13 ,4175.46 
2015-12,5695.94 ,8436.73 ,7605.81 ,1849.02 ,8865.68 ,2953.42 ,1947.74 ,278.63 ,5252.57 ,1680.39 ,8047.65 ,10592.86 ,6630.82 ,24785.81 ,4602.49 ,2216.31 ,5413.76 ,1123.47 ,524.53 ,409.51 ,9381.72 ,5652.47 ,4752.61 ,2931.26 ,8768.24 ,4488.90 ,2255.74 ,106.92 ,3268.93 ,23980.59 ,6256.94 
2016-03,1139.74 ,1291.54 ,1497.97 ,226.85 ,1799.12 ,619.83 ,406.07 ,77.71 ,794.29 ,29.47 ,1567.04 ,2207.81 ,1408.75 ,3521.30 ,899.89 ,98.65 ,418.06 ,54.57 ,47.42 ,52.99 ,1481.97 ,1142.67 ,773.61 ,373.64 ,1910.41 ,712.67 ,91.91 ,10.63 ,628.03 ,4214.58 ,1350.77 
2016-06,2592.98 ,3643.65 ,3535.10 ,798.54 ,4155.64 ,1409.21 ,971.34 ,141.09 ,2336.75 ,370.07 ,3547.85 ,4993.36 ,3139.03 ,9485.91 ,1978.84 ,693.79 ,1740.64 ,328.06 ,180.42 ,161.59 ,4021.92 ,2655.33 ,2103.18 ,1226.27 ,4211.89 ,2002.99 ,676.95 ,33.15 ,1418.59 ,9942.96 ,2964.70 
2016-09,4024.87 ,5871.30 ,5678.47 ,1390.71 ,6500.17 ,2111.66 ,1611.57 ,206.52 ,3758.66 ,860.87 ,5699.19 ,7693.72 ,4867.18 ,15801.93 ,3191.60 ,1339.75 ,2898.35 ,734.64 ,319.01 ,279.79 ,6683.57 ,4176.50 ,3537.39 ,2136.64 ,6830.99 ,3286.30 ,1425.06 ,73.90 ,2351.39 ,15772.84 ,4677.03 
2016-12,6047.29 ,8841.19 ,8531.45 ,1947.24 ,9652.31 ,3449.19 ,2362.95 ,307.76 ,5517.69 ,1716.61 ,8807.99 ,11862.40 ,7304.22 ,25791.76 ,5179.03 ,2283.56 ,3926.71 ,1220.81 ,511.25 ,410.62 ,10087.43 ,6046.19 ,5329.23 ,3318.47 ,9959.68 ,4891.81 ,2258.24 ,111.28 ,3867.22 ,24989.37 ,7035.81 
2017-03,1275.60 ,1358.75 ,1774.19 ,228.00 ,2093.94 ,726.69 ,501.83 ,73.86 ,830.04 ,32.51 ,1803.56 ,2474.58 ,1525.04 ,3779.69 ,1027.84 ,104.47 ,377.88 ,62.38 ,46.89 ,60.58 ,1687.18 ,1151.04 ,893.67 ,413.42 ,2171.70 ,785.81 ,110.82 ,12.29 ,773.85 ,4492.86 ,1537.72 
2017-06,2879.09 ,4050.74 ,4184.33 ,778.62 ,4792.45 ,1740.75 ,1208.94 ,140.54 ,2382.46 ,405.37 ,4042.36 ,5631.11 ,3526.34 ,10425.91 ,2318.00 ,718.24 ,1285.30 ,349.18 ,167.84 ,152.70 ,4544.53 ,2729.91 ,2482.58 ,1283.24 ,4832.18 ,2190.47 ,707.79 ,38.58 ,1732.67 ,10761.01 ,3387.85 
2017-09,4531.71 ,6644.42 ,6617.30 ,1267.74 ,7511.19 ,2538.04 ,2007.68 ,215.06 ,3876.80 ,944.90 ,6422.61 ,8630.52 ,5427.15 ,17220.59 ,3787.35 ,1408.98 ,2405.24 ,724.05 ,337.16 ,254.33 ,7491.46 ,4370.16 ,4147.00 ,2268.41 ,7809.62 ,3375.92 ,1571.18 ,85.70 ,2823.37 ,17276.85 ,5267.26 
2017-12,6829.36 ,9736.71 ,9993.65 ,1825.42 ,11372.52 ,4210.07 ,2932.96 ,322.76 ,5655.96 ,1560.07 ,10085.49 ,13391.23 ,8422.86 ,27955.95 ,6166.81 ,2218.97 ,3687.92 ,1122.19 ,549.21 ,406.78 ,11477.75 ,6426.42 ,6227.47 ,3566.57 ,11400.34 ,4262.35 ,2428.06 ,147.92 ,4726.36 ,27235.82 ,7608.00 
2018-03,1441.40 ,1568.94 ,2076.10 ,221.15 ,2466.94 ,867.35 ,624.64 ,74.33 ,878.56 ,34.50 ,2059.93 ,2833.20 ,1740.87 ,4272.97 ,1264.17 ,110.97 ,397.10 ,60.68 ,52.67 ,72.47 ,1927.68 ,1326.11 ,1062.37 ,465.09 ,2493.77 ,619.43 ,106.64 ,16.92 ,929.52 ,4929.27 ,1696.22 
2018-06,3299.92 ,4528.88 ,4916.59 ,725.95 ,5467.27 ,1959.48 ,1437.38 ,136.97 ,2420.74 ,319.79 ,4597.89 ,6458.89 ,3920.34 ,11615.45 ,2769.99 ,606.73 ,1276.55 ,325.60 ,184.58 ,154.34 ,5163.14 ,3036.12 ,2872.22 ,1430.74 ,5464.90 ,1660.72 ,555.71 ,56.80 ,2008.16 ,11893.95 ,3524.62 
2018-09,5122.11 ,7359.88 ,7792.42 ,1210.03 ,8773.24 ,3002.28 ,2240.88 ,215.69 ,3930.60 ,690.94 ,7185.97 ,9881.95 ,6078.40 ,19199.58 ,4365.32 ,1375.90 ,2240.08 ,628.62 ,352.73 ,262.53 ,8472.99 ,4793.49 ,4698.03 ,2566.31 ,8861.97 ,2594.33 ,1182.56 ,100.37 ,3169.84 ,18592.51 ,5384.68 
2018-12,7888.45 ,10939.76 ,11548.82 ,1796.43 ,13714.37 ,4671.72 ,3329.98 ,339.22 ,5740.25 ,1194.28 ,11360.52 ,15133.87 ,9581.44 ,30846.66 ,6993.40 ,2183.63 ,3528.41 ,1040.12 ,565.04 ,435.14 ,12898.29 ,7072.21 ,7120.15 ,4071.46 ,12983.75 ,3791.10 ,2110.05 ,172.82 ,5458.52 ,28756.20 ,7819.42 
2019-03,1609.61 ,1784.84 ,2383.60 ,235.71 ,2943.23 ,992.10 ,715.58 ,78.82 ,876.89 ,36.62 ,2322.30 ,3202.80 ,1954.71 ,4688.38 ,1406.64 ,116.96 ,408.63 ,60.99 ,55.07 ,78.03 ,2161.57 ,1490.92 ,1219.43 ,534.57 ,2844.94 ,662.43 ,122.13 ,21.97 ,1067.39 ,4923.76 ,1757.79 
2019-06,3726.12 ,5253.14 ,5602.93 ,761.47 ,6593.42 ,2241.66 ,1641.61 ,145.19 ,2409.31 ,316.37 ,5170.56 ,7257.50 ,4407.34 ,12438.98 ,3156.15 ,557.23 ,1307.41 ,329.11 ,188.88 ,156.50 ,5699.32 ,3426.99 ,3247.24 ,1642.12 ,6235.84 ,1726.43 ,647.07 ,58.82 ,2286.02 ,9291.17 ,3694.20 
2019-09,5754.99 ,8484.60 ,8864.32 ,1276.91 ,10586.47 ,3462.16 ,2514.26 ,231.89 ,3985.22 ,676.59 ,8003.49 ,11184.40 ,6849.28 ,20682.23 ,4945.87 ,1143.36 ,2292.70 ,650.39 ,368.90 ,286.29 ,9306.83 ,5365.24 ,5186.18 ,3025.11 ,10092.09 ,2781.72 ,1388.74 ,107.64 ,3705.26 ,13610.45 ,5653.76 
2019-12,8503.26 ,11999.36 ,13164.43 ,1916.35 ,16633.41 ,5407.31 ,3714.89 ,365.98 ,5847.97 ,1181.35 ,12700.97 ,16979.59 ,10800.62 ,33103.64 ,7944.78 ,1863.10 ,3554.56 ,1086.06 ,601.41 ,460.72 ,14269.29 ,7812.65 ,7883.88 ,4653.28 ,14668.15 ,4096.50 ,2276.72 ,220.31 ,6122.09 ,20390.20 ,8222.96 
2020-03,1255.10 ,1685.95 ,2102.66 ,180.54 ,2574.32 ,893.61 ,670.64 ,58.26 ,733.97 ,29.33 ,2144.71 ,1630.68 ,1867.56 ,4212.13 ,1330.65 ,99.70 ,337.59 ,58.09 ,45.60 ,77.20 ,2005.32 ,1213.07 ,980.52 ,522.97 ,2615.96 ,570.86 ,121.89 ,30.41 ,888.71 ,3335.39 ,1643.19 
2020-06,3768.97 ,5249.96 ,5581.60 ,748.54 ,6859.91 ,2294.79 ,1675.52 ,142.57 ,2425.69 ,300.14 ,5242.82 ,5704.20 ,4656.41 ,12428.68 ,3311.38 ,568.48 ,1266.30 ,338.77 ,198.83 ,168.52 ,5696.26 ,3277.08 ,3250.07 ,1768.98 ,6411.41 ,1659.87 ,805.86 ,88.47 ,2457.15 ,8592.38 ,3900.50 
2020-09,6139.19 ,8910.50 ,9400.04 ,1305.92 ,11358.87 ,3623.42 ,2658.90 ,248.22 ,3987.90 ,674.75 ,8305.06 ,9946.85 ,7393.01 ,21297.27 ,5280.42 ,1203.36 ,2380.73 ,675.59 ,386.80 ,305.56 ,9413.20 ,5515.54 ,5400.57 ,3294.69 ,10488.22 ,2924.20 ,1668.30 ,145.29 ,4039.43 ,13395.95 ,6159.23 
2020-12,9365.12 ,12905.87 ,14117.81 ,2049.28 ,18429.71 ,5853.24 ,4080.24 ,391.37 ,5948.09 ,1206.37 ,13122.55 ,16136.10 ,11863.77 ,35251.64 ,8649.16 ,2005.78 ,3816.20 ,1134.44 ,641.81 ,512.24 ,14947.30 ,8277.04 ,8501.13 ,5113.64 ,15612.70 ,4388.17 ,2693.12 ,294.74 ,6724.82 ,20938.61 ,8974.97 
2021-03,1750.14 ,2203.81 ,2831.48 ,257.93 ,3805.83 ,1179.65 ,841.08 ,85.83 ,905.92 ,37.69 ,2542.28 ,2962.86 ,2348.24 ,5048.02 ,1691.56 ,138.87 ,429.22 ,116.67 ,72.69 ,91.49 ,2405.31 ,1672.82 ,1428.98 ,656.28 ,3144.86 ,800.92 ,153.81 ,40.62 ,1226.30 ,4537.23 ,1924.77 
2021-06,4528.63 ,6257.08 ,6694.15 ,904.23 ,8904.44 ,2837.62 ,1966.71 ,170.17 ,2682.68 ,355.69 ,6107.89 ,7404.63 ,5429.11 ,13925.18 ,3928.85 ,643.08 ,1502.10 ,467.26 ,244.45 ,207.82 ,6466.48 ,4022.45 ,3754.60 ,2062.01 ,7490.71 ,2031.13 ,969.62 ,102.72 ,2940.41 ,10342.69 ,4498.96 
2021-09,7117.44 ,10090.17 ,10570.84 ,1513.46 ,14038.88 ,4341.76 ,3009.98 ,284.05 ,4418.85 ,760.10 ,9144.39 ,11886.90 ,8422.07 ,23158.22 ,6096.57 ,1360.93 ,2680.61 ,820.44 ,457.12 ,370.55 ,10532.06 ,6333.04 ,5987.08 ,3703.14 ,11937.99 ,3288.81 ,2001.68 ,147.76 ,4557.93 ,15333.50 ,6917.07 
2021-12,10584.04 ,13987.74 ,15810.43 ,2270.50 ,21346.12 ,6655.96 ,4570.78 ,447.09 ,6484.60 ,1328.50 ,14192.07 ,19031.55 ,13280.16 ,38244.49 ,9762.95 ,2246.29 ,4044.90 ,1279.38 ,681.60 ,587.33 ,16411.48 ,9235.99 ,9175.45 ,5677.71 ,17351.19 ,4653.05 ,3124.77 ,270.73 ,7336.59 ,23010.97 ,9943.01 
2022-03,1949.11 ,2380.64 ,3111.95 ,285.70 ,4173.43 ,1296.43 ,930.52 ,84.99 ,981.81 ,41.37 ,2782.58 ,3409.16 ,2605.04 ,5439.27 ,1867.79 ,96.19 ,467.86 ,131.46 ,80.11 ,97.31 ,2619.92 ,1721.93 ,1570.19 ,723.94 ,3412.52 ,826.79 ,178.62 ,46.63 ,1377.52 ,4898.64 ,2120.09 
2022-06,5003.97 ,6402.69 ,7287.85 ,997.97 ,9628.96 ,3088.03 ,2173.44 ,178.47 ,2898.36 ,383.92 ,6682.59 ,8499.30 ,5963.47 ,14871.98 ,4315.14 ,577.42 ,1595.62 ,498.57 ,269.12 ,222.15 ,6984.42 ,3661.00 ,4127.81 ,2263.17 ,8080.61 ,2108.03 ,1116.03 ,86.70 ,3214.62 ,10866.64 ,4931.70 
2022-09,7890.26 ,10013.23 ,11547.29 ,1668.91 ,15196.21 ,4719.36 ,3154.33 ,294.84 ,4789.99 ,815.63 ,10027.65 ,13579.53 ,9293.02 ,24854.72 ,6727.27 ,1387.87 ,2751.50 ,877.09 ,491.16 ,368.31 ,11397.35 ,6231.17 ,6649.32 ,4082.43 ,12749.89 ,3436.38 ,2197.30 ,111.36 ,5045.28 ,16408.36 ,7488.88 
2022-12,11702.63 ,13866.11 ,17129.46 ,2477.68 ,22956.50 ,7275.76 ,4820.24 ,467.21 ,6951.34 ,1414.53 ,15086.95 ,21154.96 ,14480.99 ,40660.05 ,10694.84 ,2100.75 ,3936.87 ,1332.84 ,725.85 ,566.46 ,17559.63 ,9273.90 ,10067.87 ,6145.48 ,18675.22 ,4751.30 ,3101.50 ,203.79 ,8168.65 ,23861.07 ,10369.40 
2023-03,2127.69 ,2542.96 ,3195.95 ,316.66 ,4664.76 ,1406.96 ,1005.65 ,89.66 ,1058.79 ,45.45 ,3039.03 ,3726.79 ,2823.44 ,5804.53 ,1875.68 ,118.31 ,510.05 ,149.58 ,95.90 ,84.68 ,2814.87 ,1883.83 ,1734.92 ,790.88 ,2855.04 ,918.32 ,202.77 ,39.82 ,1400.63 ,5199.86 ,2279.40 
2023-06,5391.32 ,6768.27 ,7329.55 ,1102.73 ,10586.19 ,2826.37 ,1724.47 ,191.14 ,3102.42 ,409.42 ,5307.11 ,9050.38 ,6216.46 ,15916.78 ,4355.26 ,629.42 ,1736.66 ,554.46 ,307.60 ,234.28 ,7482.43 ,4336.17 ,4371.31 ,2393.40 ,7344.82 ,2274.34 ,1212.60 ,86.28 ,3154.80 ,11375.78 ,4488.52 
