月份,日本,经合组织成员国,OECD成员国_欧洲,OECD和六个非成员经济体,主要亚洲五国(OECD),瑞士,韩国,土耳其,比利时,丹麦,英国,德国,法国,意大利,卢森堡,荷兰,希腊,葡萄牙,西班牙,奥地利,芬兰,匈牙利,波兰,瑞典,爱沙尼亚,拉脱维亚,立陶宛,斯洛文尼亚,捷克,斯洛伐克,巴西,智利,美国,澳大利亚,西方七国,印尼,中华人民共和国,南非,哥伦比亚,墨西哥,新西兰,以色列,哥斯达黎加,欧元区,俄罗斯,爱尔兰
1995-01,100.86 ,100.98,100.79,100.34,100.74,99.21,,,100.5,101.19,99.03,99.78,100.91,101.87,,100.85,100.2,100.01,99.79,102.05,106.02,97.06,,,96.7,,,,100.49,,100.44,,101.13,100.01,100.79,,101.44,101.91,,,101.35,,,100.62,,102.04
1995-02,100.6,100.85,100.73,100.26,100.78,98.84,,,100.42,101.24,99.08,99.71,100.93,101.86,,100.96,100.19,99.83,99.5,101.73,105.55,96.75,,,97.1,,,,100.39,,100.25,,101,99.88,100.67,,101.95,101.79,,,101.32,,,100.56,,102.02
1995-03,100.34,100.71,100.69,100.15,100.8,98.8,,,100.46,101.22,98.99,99.82,101.1,101.64,,101.03,100.2,99.6,99.3,101.4,105.16,96.32,,,98.06,,,,100.22,,99.81,,100.78,100.17,100.51,,102.36,101.73,,,101.38,,,100.57,,101.89
1995-04,100.14,100.66,100.75,100.11,100.79,98.97,,,100.47,101.16,98.87,99.94,101.37,101.74,,101,100.27,99.49,99.31,101.1,104.93,96.14,,,99.63,,,,99.97,,99.35,,100.68,100.48,100.46,,102.63,101.73,,,101.55,,,100.67,,101.7
1995-05,100.05,100.69,100.85,100.12,100.77,99.18,,,100.46,101.09,98.92,100.01,101.61,101.95,,101,100.38,99.57,99.34,100.92,104.82,96.14,,,100.59,,,,99.9,,99.02,,100.67,100.44,100.49,,102.72,101.78,,,101.77,,,100.78,,101.67
1995-06,100.04,100.78,100.97,100.18,100.73,99.33,,,100.44,101.01,99.49,100.07,101.58,102.1,,100.98,100.39,99.75,99.26,100.81,104.87,96.13,,,100.97,,,,100.04,,98.76,,100.79,100.33,100.6,,102.63,101.83,,,101.94,,,100.8,,101.76
1995-07,100.1,100.86,101,100.21,100.68,99.41,,,100.27,101.03,100.04,100.05,101.19,102.17,,100.99,100.27,100.06,99.28,100.58,104.98,96.17,,,101.06,,,,100.33,,98.56,,100.91,100.18,100.69,,102.4,101.89,,,102.02,,,100.72,,101.94
1995-08,100.24,100.83,100.94,100.17,100.65,99.46,,,99.91,101.13,100.34,99.92,100.65,102.13,,101.11,100.32,100.41,99.43,100.15,104.78,96.23,,,100.98,,,,100.54,,98.45,,100.88,100.08,100.66,,102.14,101.95,,,102.01,,,100.56,,102.17
1995-09,100.41,100.7,100.8,100.03,100.66,99.47,,,99.5,101.18,100.56,99.77,99.88,102.03,,101.21,100.64,100.84,99.54,99.66,103.64,96.36,,,100.74,,,,100.69,,98.42,,100.64,100.03,100.5,,101.93,102.03,,,101.93,,,100.34,,102.37
1995-10,100.57,100.58,100.64,99.93,100.71,99.42,,,99.01,101.16,100.8,99.58,99.19,101.87,,101.27,101.12,101.31,99.56,99.34,101.49,96.4,,97.86,100.38,,,,100.81,,98.42,,100.48,100.05,100.37,,101.81,102.13,,,101.81,,,100.1,,102.54
1995-11,100.7,100.5,100.49,99.86,100.79,99.27,,,98.54,101.17,100.95,99.29,98.77,101.7,,101.18,101.35,101.55,99.74,99.36,100.08,96.48,,97.65,100.22,,,,100.9,,98.46,,100.4,100.18,100.28,,101.81,102.21,,,101.71,,,99.89,,102.67
1995-12,100.8,100.48,100.36,99.86,100.89,98.97,,,98.35,101.09,101.08,98.89,98.63,101.47,,100.92,101.54,101.65,100.02,99.46,99.29,96.65,,97.55,100.27,,,,101.01,,98.57,,100.43,100.4,100.25,,101.91,102.22,,,101.7,,,99.67,,102.62
1996-01,100.9,100.48,100.28,99.88,101,98.59,,,98.3,100.99,101.18,98.47,98.83,101.31,,100.69,101.64,101.43,100.38,99.33,98.91,96.79,,97.31,100.44,,,,101.14,,98.76,,100.44,100.72,100.25,,102.05,102.11,,,101.85,,,99.5,,102.55
1996-02,100.99,100.52,100.23,99.93,101.1,98.22,,,98.36,100.78,101.24,98.25,99.05,101.24,,100.51,101.69,100.95,100.57,98.97,98.84,96.96,,97,100.46,,,,101.2,,98.98,,100.52,101,100.3,,102.16,101.91,,,102,,,99.41,,102.43
1996-03,101.06,100.61,100.25,100.01,101.16,97.91,,,98.51,100.66,101.28,98.26,99.16,101.33,,100.36,101.44,100.5,100.69,98.65,98.92,97.16,,96.84,100.2,,,100.96,101.15,,99.14,,100.66,101.25,100.41,,102.19,101.67,,,101.97,,,99.4,,102.33
1996-04,101.1,100.63,100.27,100.03,101.17,97.66,,,98.66,100.61,101.25,98.26,99.1,101.64,,100.38,101.2,100.23,100.68,98.56,99.09,97.32,,96.94,99.65,,,100.92,100.99,,99.17,,100.69,101.27,100.45,,102.16,101.41,,,101.62,,,99.4,,102.3
1996-05,101.07,100.62,100.28,100.01,101.13,97.46,,,98.69,100.5,101.06,98.22,98.95,102.12,,100.54,101.2,99.95,100.63,98.71,99.49,97.32,,97.1,99.19,,,101.21,100.85,,99.11,,100.67,101.11,100.44,,102.11,101.18,,,101.14,,,99.43,,102.27
1996-06,101,100.65,100.28,100.02,101.06,97.32,,,98.75,100.41,100.94,98.21,98.83,102.33,,100.68,101.35,99.8,100.48,98.78,99.99,97.26,,97.28,98.75,,,101.54,100.64,,99.08,,100.78,100.81,100.48,,102.04,101.03,,,100.8,,,99.44,,102.24
1996-07,100.92,100.69,100.26,100.05,100.99,97.26,,,98.9,100.43,101.06,98.27,98.74,102.17,,100.83,101.6,99.77,100.21,98.75,100.39,97.39,,97.4,98.25,,,101.9,100.33,,99.1,,100.94,100.48,100.54,,102,101.02,,,100.82,,,99.42,,102.26
1996-08,100.82,100.73,100.29,100.09,100.92,97.32,,,99.14,100.47,101.33,98.37,98.71,101.84,,100.98,102.01,99.91,100.11,98.73,100.75,97.54,,97.57,98.06,,,102.16,100.11,,99.16,,101.06,100.33,100.58,,101.95,101.1,,,101.04,,,99.43,,102.28
1996-09,100.68,100.75,100.32,100.11,100.83,97.58,,,99.3,100.66,101.64,98.42,98.7,101.38,,101.16,102.43,100.12,100.15,98.71,100.97,97.63,,97.6,98.2,,,102.27,99.97,,99.24,,101.15,100.31,100.59,,101.93,101.2,,,101.28,,,99.42,,102.41
1996-10,100.42,100.76,100.31,100.12,100.66,97.92,,,99.35,100.85,101.91,98.34,98.7,100.93,,101.3,102.56,100.15,100.4,98.68,101.03,97.73,,97.67,98.64,,,102.12,99.83,,99.37,,101.27,100.36,100.57,,101.88,101.28,,,101.41,,,99.38,,102.51
1996-11,99.99,100.74,100.33,100.1,100.34,98.22,,,99.38,100.91,102.09,98.22,98.8,100.73,,101.3,102.26,100.08,100.76,98.64,101.11,97.82,,97.65,98.95,,,102.17,99.75,,99.51,,101.38,100.48,100.53,,101.72,101.32,,,101.43,,,99.36,,102.51
1996-12,99.55,100.71,100.38,100.04,99.91,98.39,,,99.27,100.98,102.13,98.1,99.01,100.82,,101.29,101.84,100.14,101.24,98.54,101.29,97.77,,97.53,99.19,,,102.18,99.7,,99.62,,101.39,100.51,100.48,,101.29,101.29,,,101.36,,,99.42,,102.6
1997-01,99.28,100.74,100.47,100.01,99.45,98.48,,,98.99,101.12,102.24,98.03,99.2,100.97,,101.42,101.59,100.32,101.62,98.44,101.48,97.73,,97.57,99.38,,,102.15,99.59,,99.71,,101.44,100.62,100.49,,100.58,101.15,,,101.2,,,99.52,,102.74
1997-02,99.36,100.82,100.52,100.03,99.28,98.55,,,98.81,101.2,102.52,97.96,99.31,100.93,,101.53,101.56,100.52,101.67,98.38,101.71,97.8,,97.76,99.42,,,101.93,99.34,,99.77,,101.56,100.57,100.59,,100.08,101,,,100.99,,,99.52,,102.94
1997-03,99.65,100.94,100.55,100.11,99.34,98.65,,,98.73,101.23,102.68,98.04,99.35,100.75,,101.62,101.63,100.72,101.72,98.44,101.88,98.01,,98.15,99.23,,,101.71,98.75,,99.81,,101.69,100.49,100.72,,99.84,100.91,,,100.78,,,99.53,,103.07
1997-04,99.96,101.09,100.63,100.23,99.52,98.8,,,98.76,101.12,102.78,98.19,99.5,100.64,,101.69,101.64,100.9,101.88,98.56,101.97,98.31,,98.57,98.85,,,101.48,97.78,,99.74,,101.86,100.3,100.89,,99.84,100.95,,,100.59,,,99.61,,103.12
1997-05,100.17,101.26,100.78,100.37,99.7,99.03,,,98.92,100.95,102.92,98.31,99.89,100.67,,101.67,101.68,101.09,102.14,98.64,101.91,98.61,,98.91,98.59,,,101.4,97.17,,99.51,,102.04,100.08,101.09,,99.98,101.03,,,100.42,,,99.76,,103.2
1997-06,100.25,101.42,100.94,100.51,99.82,99.38,,,99.14,101.01,102.93,98.34,100.46,100.77,,101.69,101.97,101.3,102.53,98.65,101.8,98.84,,99.08,98.44,,,101.36,96.84,,99.3,,102.21,99.93,101.25,,100.17,101.01,,,100.28,,,99.97,,103.29
1997-07,100.13,101.52,101.11,100.6,99.82,99.76,,,99.34,101.11,102.86,98.4,100.77,101.18,,101.76,102.13,101.58,102.74,98.74,101.66,99.09,,99.2,98.39,,,101.32,96.59,,99.16,,102.33,99.92,101.35,,100.32,100.81,,,100.18,,,100.2,,103.37
1997-08,99.76,101.55,101.28,100.61,99.63,100.09,,,99.54,101.15,102.86,98.57,100.9,101.62,,101.85,102.07,101.95,102.81,98.89,101.63,99.41,,99.4,98.5,,,101.44,96.45,,98.95,,102.33,100.04,101.35,,100.37,100.55,,,100.1,,,100.44,,103.47
1997-09,99.29,101.53,101.4,100.58,99.35,100.29,,,99.65,101.07,102.97,98.75,100.9,101.86,,101.95,102.22,102.38,102.65,99.16,101.78,99.73,,99.79,98.84,,,101.53,96.34,,98.68,,102.34,100.17,101.32,,100.32,100.42,,,100.03,,,100.62,,103.65
1997-10,98.89,101.48,101.42,100.52,99.09,100.4,,,99.76,100.98,103.01,98.91,100.77,101.79,,101.96,102.36,102.56,102.54,99.28,101.87,99.85,,100.18,99.45,,,101.44,96.16,,98.47,,102.34,100.28,101.24,,100.24,100.52,,,99.98,,,100.69,,103.78
1997-11,98.71,101.42,101.4,100.46,98.97,100.43,,,99.73,100.97,102.87,98.93,100.59,101.82,,101.94,102.26,102.57,102.61,99.33,101.83,99.94,,100.31,99.85,,,101.23,96.03,,98.37,,102.32,100.36,101.17,,100.2,100.69,,,99.92,,,100.71,,103.85
1997-12,98.65,101.38,101.35,100.43,98.94,100.42,,,99.82,101.01,102.73,98.91,100.4,101.81,,101.94,102.01,102.52,102.75,99.39,101.7,100.06,,100.3,100.1,,,101.13,95.94,,98.32,,102.29,100.39,101.12,,100.22,100.69,,,99.82,,,100.69,,103.72
1998-01,98.63,101.44,101.34,100.48,98.93,100.39,,,100.17,101.03,102.56,98.9,100.27,101.93,,101.95,101.72,102.45,102.9,99.55,101.55,100.38,,100.22,100.29,,,101.07,95.89,,98.41,,102.44,100.54,101.17,,100.21,100.36,,,99.66,,,100.72,,103.47
1998-02,98.58,101.53,101.4,100.51,98.75,100.42,,,100.63,101.03,102.56,98.96,100.39,102,,101.98,101.51,102.41,103.01,99.8,101.52,100.72,,99.98,100.36,,,101.1,95.98,,98.53,,102.6,100.58,101.26,,99.87,99.9,,,99.45,,,100.83,,103.35
1998-03,98.5,101.56,101.52,100.48,98.46,100.55,,,100.91,101.14,102.64,99.16,100.64,102.02,,102.06,101.17,102.44,103.06,99.98,101.65,100.93,,99.88,100.31,,,101.25,96.3,,98.41,,102.61,100.41,101.3,,99.33,99.61,,,99.19,,,100.98,,103.28
1998-04,98.41,101.57,101.62,100.43,98.21,100.75,,,101.05,101.04,102.7,99.34,100.8,102.07,,102.06,101.02,102.46,103.07,100.04,101.78,100.99,,99.95,100.2,,,101.29,96.86,,98.12,,102.59,100.25,101.31,,98.88,99.7,,,98.87,,,101.08,,103.19
1998-05,98.31,101.53,101.7,100.35,97.95,100.99,,,101.08,100.7,102.55,99.56,100.96,102.07,,102.12,101.29,102.48,103.11,100.08,101.87,101.17,,100.01,100.14,,,101.1,97.27,,98.02,,102.49,100.03,101.26,,98.43,99.95,,,98.56,,,101.21,,103.06
1998-06,98.23,101.47,101.73,100.27,97.7,101.27,,,100.98,100.22,102.1,99.89,101.12,101.95,,102.09,101.65,102.49,103.12,100.04,101.91,101.58,,99.93,100.17,,,101.01,97.54,,98.29,,102.37,99.77,101.18,,97.99,100.1,,,98.37,,,101.35,,103.06
1998-07,98.19,101.41,101.77,100.22,97.55,101.53,,,100.79,99.84,101.55,100.25,101.39,101.82,,101.99,101.97,102.46,103.16,99.99,101.81,101.92,,100.05,100.28,,,101.01,97.76,,98.8,,102.23,99.78,101.11,,97.71,99.92,,,98.37,,,101.53,,103.13
1998-08,98.22,101.34,101.78,100.19,97.6,101.71,,,100.61,99.77,101.16,100.44,101.59,101.79,,101.7,102.09,102.36,103.29,99.98,101.43,101.97,,100.13,100.25,,,100.87,97.84,,99.28,,102.04,99.85,101.02,,97.78,99.56,,,98.52,,,101.63,,103.2
1998-09,98.32,101.29,101.82,100.17,97.74,101.75,,,100.47,99.81,101.06,100.59,101.67,102.01,,101.33,102.13,102.24,103.47,100,100.86,101.75,,100.2,99.98,,,100.63,97.8,,99.54,,101.8,99.89,100.96,,97.97,99.21,,,98.76,,,101.73,,103.3
1998-10,98.47,101.29,101.89,100.19,97.92,101.68,,,100.38,99.77,101.09,100.75,101.58,102.32,,101.07,102.2,102.15,103.67,100.07,100.54,101.41,,100.23,99.45,,,100.6,97.65,,99.48,,101.66,100,100.97,,98.17,99,,,99.1,,,101.85,,103.34
1998-11,98.7,101.4,101.94,100.27,98.1,101.55,,,100.46,99.64,101.31,100.79,101.4,102.56,,101.04,102.28,102.14,103.82,100.12,100.6,101.01,,100.22,99.04,,,100.76,97.49,,99.07,,101.76,100.27,101.09,,98.29,98.91,,,99.48,,,101.94,89.67,103.41
1998-12,98.95,101.52,101.94,100.37,98.3,101.38,98.94,,100.74,99.37,101.5,100.7,101.28,102.66,,101.04,102.37,102.25,103.83,100.13,100.82,100.66,,100.06,98.67,,,100.95,97.26,,98.5,,101.9,100.66,101.22,,98.46,98.93,,,99.86,,,101.94,90.21,103.45
1999-01,99.14,101.67,101.94,100.52,98.51,101.19,99.29,,101,99.3,101.76,100.61,101.26,102.67,,100.97,102.41,102.39,103.74,100.2,100.86,100.58,,100.05,98.22,,,101.05,96.88,,98.04,,102.14,101.25,101.39,,98.64,99.04,,,100.21,,,101.91,90.73,103.33
1999-02,99.23,101.77,101.9,100.61,98.62,101.02,99.65,,101.02,99.39,102.1,100.5,101.22,102.4,,100.9,102.44,102.44,103.6,100.23,100.8,100.56,,100.04,97.99,,,101.08,96.54,,97.55,,102.35,101.55,101.51,,98.73,99.19,,,100.51,,,101.77,91.17,103.23
1999-03,99.26,101.76,101.79,100.6,98.68,100.91,100,,100.96,99.56,102.39,100.29,101.1,101.99,,100.87,102.52,102.39,103.44,100.29,100.93,100.35,,100.11,97.88,,,101.18,96.33,,97.07,,102.38,101.57,101.49,,98.76,99.33,,,100.7,,,101.53,91.5,103.29
1999-04,99.28,101.73,101.7,100.58,98.75,100.84,100.41,,100.82,99.71,102.51,100.06,101.01,101.66,,100.97,102.74,102.34,103.29,100.44,101.2,100.02,,100.27,97.82,,,101.25,96.39,98.03,96.93,,102.38,101.55,101.44,,98.82,99.46,,,100.72,,,101.31,91.72,103.36
1999-05,99.34,101.75,101.67,100.63,98.87,100.86,100.85,,100.55,99.88,102.52,99.91,101.05,101.59,,101.1,102.91,102.34,103.28,100.56,101.52,99.81,,100.55,97.68,,,100.97,96.48,97.6,97.2,,102.42,101.46,101.45,,98.95,99.55,,,100.65,,,101.22,91.87,103.47
1999-06,99.41,101.8,101.75,100.72,99,100.99,101.19,,100.21,100.2,102.52,99.87,101.25,101.78,,101.24,102.97,102.39,103.4,100.6,101.7,99.7,,100.85,97.39,,,100.48,96.71,96.95,97.79,,102.43,101.27,101.48,,99.08,99.61,,,100.58,,,101.28,91.97,103.58
1999-07,99.51,101.83,101.86,100.78,99.1,101.19,101.45,,100.24,100.61,102.55,99.92,101.53,101.9,,101.42,102.92,102.47,103.53,100.72,101.64,99.65,,101.07,96.99,,,100.86,96.68,95.97,98.29,,102.38,101.15,101.5,,99.17,99.63,,,100.56,,,101.42,92.12,103.69
1999-08,99.6,101.88,101.97,100.86,99.23,101.42,101.63,,100.53,100.96,102.61,99.97,101.78,101.98,,101.67,102.92,102.51,103.64,100.88,101.53,99.87,,101.37,96.9,,,101.17,96.52,95.42,98.5,,102.32,101.09,101.53,,99.33,99.69,,,100.59,,,101.58,92.45,103.76
1999-09,99.69,101.94,102.1,100.96,99.34,101.67,101.76,,100.94,100.79,102.62,100.04,101.99,102.1,,101.96,103.17,102.51,103.74,100.97,101.53,100.26,,101.6,97.22,,,101.3,96.65,95.35,98.49,,102.31,101.17,101.57,,99.44,99.89,,,100.69,,,101.78,93.12,103.82
1999-10,99.79,102.02,102.25,101.06,99.43,101.92,101.82,,101.35,100.47,102.73,100.17,102.11,102.32,,102.19,103.51,102.5,103.86,100.98,101.64,100.51,,101.67,97.87,,,101.29,97.19,95.6,98.37,,102.29,101.23,101.63,,99.53,100.3,,,100.88,,,102.03,93.97,103.95
1999-11,99.88,102.12,102.36,101.2,99.52,102.16,101.78,,101.77,100.2,102.87,100.3,102.15,102.52,,102.23,103.78,102.43,103.84,100.93,101.77,100.55,,101.69,98.18,,,101.34,97.61,95.93,98.32,,102.4,101.18,101.74,,99.66,100.79,,,101.11,,,102.2,94.87,103.97
1999-12,99.97,102.23,102.46,101.35,99.62,102.39,101.62,,102.09,100.03,103.1,100.43,102.09,102.76,,102.25,104.01,102.37,103.76,100.78,101.97,100.29,,101.78,98.04,,,101.51,97.89,96.32,98.44,,102.57,101.02,101.88,,99.82,101.15,,,101.34,,,102.32,95.71,103.9
2000-01,100.06,102.35,102.53,101.5,99.68,102.57,101.36,,102.32,99.98,103.1,100.55,102,102.97,,102.29,104.14,102.3,103.84,100.54,102.16,100.2,,101.92,97.56,,,101.8,97.95,96.83,98.68,,102.8,100.88,102.02,,99.92,101.2,,,101.49,,,102.42,96.51,103.78
2000-02,100.15,102.36,102.51,101.54,99.74,102.67,101.15,,102.26,100.05,102.83,100.66,101.98,102.9,,102.28,104.16,102.14,103.99,100.19,102.22,100.07,,101.96,97.26,,,101.84,97.9,97.13,98.81,,102.85,100.44,102.05,,100.01,101,,,101.54,,,102.44,96.77,103.61
2000-03,100.25,102.3,102.45,101.53,99.81,102.63,100.96,,102.14,100.2,102.49,100.73,102.08,102.7,,102.28,104.14,101.87,104.06,100.11,102.04,99.87,,102.01,97.13,,,101.51,97.87,97.16,98.62,,102.77,100.06,102.01,,100.09,100.56,,,101.35,,,102.42,97.54,103.54
2000-04,100.34,102.29,102.41,101.53,99.88,102.52,100.8,,101.98,100.4,102.27,100.79,102.22,102.54,,102.26,104.26,101.48,103.95,100.15,101.8,99.73,,101.96,97.13,,,101.23,98.06,97.12,98.32,,102.75,99.74,102.02,,100.18,99.89,,,100.84,,,102.38,98.24,103.54
2000-05,100.44,102.28,102.39,101.54,99.95,102.43,100.67,,101.98,100.56,102.21,100.87,102.3,102.39,,102.2,104.22,101.27,103.75,100.23,101.67,99.8,,101.86,97.23,,,101.14,98.29,97.43,98.13,,102.73,99.68,102.02,,100.27,99.16,,,100.16,,,102.33,98.74,103.45
2000-06,100.52,102.24,102.35,101.52,100.02,102.42,100.66,,102.07,100.65,102.16,100.79,102.33,102.4,,102.15,103.97,101.15,103.62,100.23,101.6,99.86,,101.77,97.5,,,101.03,98.42,97.78,98.15,,102.63,100.02,101.98,,100.35,98.59,,,99.52,,,102.25,98.91,103.4
2000-07,100.57,102.24,102.34,101.53,100.07,102.45,100.58,,102.2,100.66,102.12,100.78,102.29,102.49,,102.07,103.63,101.1,103.5,100.2,101.49,99.85,,101.69,97.96,,,101.14,98.5,98.17,98.19,,102.59,100.55,101.97,,100.44,98.35,,,99.09,,,102.22,98.89,103.41
2000-08,100.53,102.18,102.27,101.48,100.06,102.44,100.18,,102.35,100.7,102.1,100.71,102.07,102.54,,102.05,103.25,101,103.3,100.13,101.2,99.87,,101.67,98.19,,,101.1,98.68,98.55,98.13,,102.56,100.74,101.92,,100.54,98.27,,,98.88,,,102.12,98.84,103.34
2000-09,100.43,102.05,102.13,101.39,99.99,102.35,99.33,,102.42,100.75,102.01,100.48,101.89,102.51,,102.09,103.04,100.84,102.99,99.98,100.83,99.85,,101.53,98.14,,,100.93,98.87,98.68,98.19,,102.51,100.4,101.82,,100.65,98.15,,,98.92,,,101.94,98.85,103.12
2000-10,100.24,101.95,102.16,101.34,99.87,102.21,98.56,,102.62,100.85,102.24,100.35,102.01,102.64,,102.16,102.7,100.7,102.84,99.95,100.68,99.91,,101.39,97.85,,,101,98.99,98.58,98.39,,102.4,100.02,101.74,,100.74,97.89,,,99.31,,,101.94,98.9,103.02
2000-11,99.95,101.82,102.24,101.25,99.71,102.1,97.9,,102.81,100.66,102.49,100.42,102.25,102.66,,102.09,102.41,100.6,102.89,100.17,100.83,100.05,,101.1,97.6,,,101.22,98.91,98.03,98.64,,102.15,99.82,101.61,,100.81,97.65,,,99.87,,,102.06,98.96,103.03
2000-12,99.63,101.61,102.32,101.11,99.57,102.06,97.74,,102.77,100.59,102.72,100.53,102.53,102.68,,101.88,102.3,100.57,102.98,100.09,101.07,100.31,,100.69,97.35,,,101.31,98.79,97.35,98.97,,101.62,99.89,101.36,,100.87,97.73,,,100.42,,,102.16,98.99,103.09
2001-01,99.39,101.4,102.34,100.97,99.51,102.04,98.1,,102.5,100.45,102.81,100.62,102.64,102.65,,101.55,102.17,100.62,103.05,99.98,101.12,100.52,,100.28,97.07,,,101.37,99.15,97.16,99.35,,101.1,99.98,101.1,,100.9,98.33,,,100.86,,,102.15,99.02,102.91
2001-02,99.27,101.23,102.27,100.86,99.52,102,98.59,,102.08,100.23,102.83,100.62,102.48,102.59,,101.19,102.04,100.75,103.04,99.94,100.85,100.63,,99.94,97.01,,,101.26,99.7,96.95,99.51,,100.72,99.72,100.9,,100.93,99.15,,,101.17,,,102.04,99.1,102.74
2001-03,99.2,101.13,102.17,100.8,99.56,101.89,99.06,,101.82,99.88,102.85,100.58,102.16,102.63,,100.91,102.01,100.79,102.92,99.98,100.43,100.61,,99.68,97.41,,,101.15,100.13,96.9,99.36,,100.55,99.24,100.79,,100.97,99.72,,,101.33,,,101.88,99.3,102.49
2001-04,99.05,101.06,102.05,100.75,99.57,101.74,99.48,,101.67,99.71,102.79,100.41,101.77,102.81,,100.72,102.02,100.73,102.66,99.95,100.16,100.59,,99.48,98.66,,,100.94,100.26,97.21,98.99,,100.52,99.16,100.72,97.05,101.04,99.71,,104.9,101.28,,,101.67,99.58,102.42
2001-05,98.74,101.01,101.95,100.71,99.52,101.6,99.86,,101.61,100.03,102.8,100.1,101.33,103.16,,100.59,101.95,100.62,102.49,99.97,100.07,100.64,97.59,99.43,100.89,101.28,96.02,100.46,100.14,97.51,98.44,,100.64,99.55,100.69,97.24,101.08,99.35,,104.21,101.13,,,101.44,99.92,102.46
2001-06,98.35,100.97,101.87,100.67,99.44,101.48,100.07,,101.58,100.5,102.87,99.74,101.05,103.5,,100.41,101.92,100.56,102.35,99.91,99.83,100.73,97.59,99.44,102.39,101.95,96.44,100.26,100.15,97.74,97.81,,100.72,100.17,100.62,97.51,101.14,98.94,,104.11,100.98,,,101.23,100.3,102.37
2001-07,98.02,100.88,101.78,100.63,99.4,101.28,100.04,,101.5,100.96,102.8,99.49,100.85,103.64,,100.32,101.97,100.59,102.29,99.74,99.46,100.88,97.38,99.27,103.05,102.38,96.88,100.2,100.24,98.07,97.6,,100.63,100.52,100.48,98.14,101.19,98.66,,104.56,100.87,,,101.07,100.66,102.05
2001-08,97.87,100.68,101.62,100.5,99.4,100.87,99.81,,101.2,100.86,102.5,99.34,100.65,103.5,,100.27,102.08,100.6,102.33,99.57,99.19,101.01,97.08,99.08,103.1,102.72,97.08,100.27,100.36,98.37,97.56,,100.33,100.55,100.24,99.05,101.15,98.5,,104.68,100.82,,,100.92,100.94,101.66
2001-09,97.84,100.42,101.48,100.3,99.37,100.17,99.5,,100.73,100.73,102.22,99.29,100.54,103.14,,100.26,102.25,100.46,102.35,99.5,99.09,101.16,97.11,98.92,102.57,102.97,97.14,100.42,100.54,98.81,97.51,,99.9,100.43,99.96,99.37,101.07,98.41,,103.89,100.82,,,100.8,101.07,101.43
2001-10,97.9,100.29,101.4,100.18,99.33,99.43,99.57,,100.29,100.68,101.97,99.22,100.65,102.78,,100.28,102.34,100.32,102.37,99.56,99.15,101.39,97.58,99.07,101.74,103.39,97.05,100.47,100.81,99.15,97.33,,99.74,100.22,99.86,99,101.01,98.38,,102.81,100.89,,,100.73,101.06,101.37
2001-11,98.04,100.35,101.41,100.2,99.34,99.01,99.96,,100.32,100.81,102.13,99.05,100.9,102.54,,100.5,102.57,100.27,102.25,99.71,99.37,101.6,97.77,99.44,101.16,103.8,97.15,100.49,101.05,99.47,97.27,,99.89,100.34,99.95,98.47,100.96,98.41,97.05,101.92,100.99,,,100.74,100.92,101.63
2001-12,98.22,100.54,101.53,100.32,99.41,99.21,100.49,,100.81,101.03,102.47,98.89,101.12,102.67,,100.88,102.82,100.33,102.08,99.86,99.86,101.77,97.61,99.99,101.13,103.91,97.28,100.48,101.21,99.62,97.44,,100.25,100.76,100.2,98.06,100.94,98.54,97.57,100.78,101.09,,,100.86,100.63,101.93
2002-01,98.42,100.71,101.64,100.45,99.48,99.75,100.97,,101.38,101.1,102.68,98.75,101.24,102.87,103.75,101.23,103.05,100.46,101.91,99.97,100.42,101.99,97.55,100.68,101.75,103.6,97.41,100.29,101.34,99.74,97.66,,100.59,101.27,100.45,97.67,100.94,98.79,97.66,99.35,101.18,,,100.95,100.3,102.06
2002-02,98.61,100.84,101.69,100.54,99.57,100.26,101.32,,101.71,101.03,102.8,98.67,101.27,102.92,103.45,101.25,102.95,100.63,101.82,99.97,100.86,102.27,97.52,101.32,102.6,103.21,97.43,99.76,101.49,99.81,97.89,,100.8,101.53,100.6,97.45,100.97,99.13,97.05,99,101.24,,,100.96,100.09,102.08
2002-03,98.78,100.95,101.67,100.64,99.67,100.51,101.52,,101.83,100.94,102.88,98.65,101.26,102.75,103.06,101.08,102.6,100.67,101.7,99.92,101.15,102.6,97.49,101.65,103.32,103.1,97.52,99.35,101.67,99.79,98.06,98.61,100.99,101.58,100.72,97.52,100.99,99.44,96.52,99.41,101.3,,,100.86,100.09,102.11
2002-04,98.88,100.98,101.6,100.69,99.73,100.53,101.57,,101.8,100.85,102.92,98.59,101.27,102.44,102.78,100.76,102.17,100.51,101.61,99.89,101.28,102.84,97.51,101.59,103.88,103.22,97.69,99.27,101.99,99.66,98.17,98.62,101.04,101.38,100.75,97.64,100.99,99.68,96.58,100.04,101.34,,,100.67,100.23,102.2
2002-05,98.87,100.97,101.52,100.69,99.76,100.41,101.64,,101.66,100.7,102.82,98.56,101.4,102.16,102.67,100.44,102.11,100.02,101.49,99.83,101.28,103.03,97.62,101.47,104.36,103.25,97.75,99.44,102.07,99.47,98.1,98.66,101.01,101.16,100.72,97.81,101,99.85,97.4,100.62,101.36,,,100.51,100.41,102.11
2002-06,98.8,100.85,101.41,100.61,99.77,100.18,101.74,,101.41,100.56,102.74,98.57,101.36,101.94,102.77,100.11,102.23,99.63,101.25,99.68,101.04,103.26,97.68,101.44,104.62,103.29,97.67,99.76,101.96,99.3,97.92,98.57,100.76,101.01,100.56,98.01,101.03,99.94,98.46,101.05,101.36,,,100.34,100.56,101.81
2002-07,98.7,100.7,101.34,100.5,99.74,99.87,101.65,,101.21,100.49,102.78,98.62,101.16,101.79,102.67,99.84,102.47,99.46,101.04,99.49,100.72,103.5,97.93,101.44,104.62,103.37,97.75,100.08,101.67,99.35,97.97,98.42,100.43,100.83,100.36,98.13,101.04,99.91,98.88,101.42,101.34,,,100.21,100.67,101.39
2002-08,98.6,100.54,101.24,100.39,99.68,99.53,101.37,,101.01,100.49,102.93,98.55,100.92,101.59,102.35,99.62,102.5,99.3,101,99.37,100.44,103.66,98.16,101.28,104.55,103.59,98.04,100.24,101.21,99.52,98.08,98.27,100.15,100.64,100.17,98.12,101.05,99.76,99.03,101.71,101.29,,101.31,100.05,100.75,101.02
2002-09,98.5,100.39,101.15,100.28,99.6,99.17,100.86,,100.89,100.63,103.09,98.34,100.8,101.38,101.95,99.48,102.35,99.08,101.13,99.42,100.34,103.62,98.36,101.05,104.44,103.59,98.51,100.22,100.81,99.46,98.29,98.24,99.91,100.51,100,98.04,101.07,99.47,98.83,101.86,101.26,,100.79,99.89,100.78,100.77
2002-10,98.4,100.23,100.98,100.15,99.51,98.86,100.22,,100.86,100.69,102.99,97.83,100.87,101.22,101.47,99.45,102.24,98.79,101.05,99.47,100.29,103.5,98.29,100.81,104.29,103.9,99.01,100.18,100.63,98.74,98.42,98.38,99.73,100.42,99.82,97.87,101.12,99.02,98.85,102.01,101.24,,100.28,99.65,100.75,100.54
2002-11,98.31,100.12,100.73,100.06,99.43,98.7,99.7,,100.83,100.66,102.65,97.19,100.93,101.04,101.1,99.42,102.15,98.63,100.75,99.52,100.28,103.23,98,100.64,104.42,104.21,99.46,100.56,100.69,97.46,98.58,98.82,99.74,100.5,99.7,97.63,101.19,98.57,99.14,102.11,101.19,,99.81,99.33,100.61,100.26
2002-12,98.22,99.97,100.44,99.94,99.37,98.77,99.44,,100.63,100.62,102.04,96.85,100.84,100.77,100.87,99.23,102.05,98.5,100.21,99.48,100.28,102.92,97.83,100.39,104.57,104.19,100.05,100.72,100.75,96.72,98.75,99.45,99.74,100.6,99.58,97.33,101.26,98.37,99.42,101.65,101.08,,99.42,99.01,100.32,99.9
2003-01,98.18,99.77,100.21,99.77,99.29,98.94,99.26,,100.3,100.47,101.38,96.83,100.48,100.6,100.6,98.88,101.88,98.32,99.95,99.32,100.22,102.61,97.83,100.15,104.7,103.93,100.66,100.57,100.8,96.5,98.85,99.62,99.56,100.6,99.4,96.99,101.25,98.63,99.24,100.76,100.87,,99.13,98.78,100.01,99.76
2003-02,98.21,99.6,100.04,99.6,99.15,99.03,99.07,,100.01,100.17,100.98,96.9,100,100.52,100.49,98.64,101.64,98.15,99.95,99.11,100.09,102.25,97.83,99.94,104.66,103.63,100.87,100.38,100.8,96.52,98.9,99.25,99.4,100.36,99.26,96.97,100.94,99.13,98.82,99.88,100.64,,98.98,98.62,99.82,99.82
2003-03,98.32,99.59,100,99.52,98.82,98.93,98.86,,99.96,99.97,100.97,97.08,99.64,100.39,100.6,98.58,101.4,98.09,100.11,98.85,100.06,102.04,97.83,99.71,104.62,103.36,100.85,100.19,100.78,96.61,99.01,98.94,99.48,100.36,99.3,97.18,100.08,99.62,98.4,99.39,100.52,,99.03,98.57,99.9,99.95
2003-04,98.51,99.84,100.11,99.59,98.32,98.75,98.88,,100.27,100.08,101.18,97.35,99.56,100.37,100.89,98.65,101.38,98.18,100.46,98.68,100.06,101.91,97.98,99.67,104.46,103.46,100.83,100.1,100.66,96.91,99.27,99.23,99.92,100.7,99.58,97.53,98.69,99.88,98.4,99.76,100.6,,99.18,98.68,100.13,100.14
2003-05,98.8,100.11,100.25,99.75,98.1,98.63,98.93,,100.6,100.39,101.22,97.65,99.59,100.44,101,98.75,101.43,98.41,100.81,98.58,100.11,101.75,98.31,99.86,104.3,103.58,100.8,100.02,100.42,97.17,99.54,99.63,100.35,101.04,99.87,97.86,97.85,99.93,98.89,100.26,100.81,,99.35,98.86,100.41,100.16
2003-06,99.12,100.28,100.39,99.91,98.29,98.7,98.93,,100.67,100.62,101.26,97.97,99.63,100.57,101.06,98.74,101.42,98.65,101.04,98.62,100.19,101.49,98.52,100.23,103.97,103.39,100.7,100,100.24,97.06,99.68,99.73,100.5,101.34,100.04,98.04,97.98,99.77,99.46,100.66,101.06,,99.48,99.05,100.65,100.13
2003-07,99.37,100.35,100.45,100.03,98.66,98.89,98.98,,100.63,100.62,101.28,98.2,99.64,100.56,101.21,98.73,101.44,98.84,101.1,98.73,100.36,101.2,98.52,100.58,103.77,102.97,100.68,99.93,100.01,96.98,99.57,99.8,100.51,101.49,100.1,98.12,98.58,99.4,99.8,100.8,101.29,,99.59,99.16,100.85,100.07
2003-08,99.49,100.34,100.46,100.08,98.97,99.12,99.06,,100.66,100.7,101.28,98.21,99.59,100.5,101.35,98.89,101.41,99.06,101.14,98.83,100.51,100.81,98.33,100.84,103.66,102.58,100.88,99.93,99.92,96.96,99.36,100.1,100.42,101.49,100.07,98.1,99.19,99.02,100.07,100.73,101.48,,99.75,99.2,100.99,100.16
2003-09,99.54,100.35,100.47,100.13,99.19,99.32,99.15,,100.84,100.81,101.33,98.17,99.57,100.52,101.49,99.06,101.25,99.35,101.11,98.99,100.65,100.69,98.08,100.91,103.54,102.8,101.04,100.03,99.85,97.08,99.2,100.57,100.38,101.49,100.07,98.15,99.61,98.88,100.06,100.53,101.65,,100,99.24,101.04,100.34
2003-10,99.63,100.42,100.47,100.22,99.39,99.5,99.37,,101.01,100.93,101.26,98.19,99.65,100.54,101.28,99.17,101.02,99.66,100.99,99.09,100.73,100.74,97.71,100.66,103.22,103.38,101.18,100.18,99.39,97,99.2,101,100.53,101.5,100.17,98.23,99.93,99.18,100.15,100.37,101.79,,100.3,99.32,101.06,100.6
2003-11,99.8,100.55,100.48,100.36,99.57,99.68,99.61,,101.27,101,101.21,98.23,99.84,100.46,101.1,99.3,100.68,99.76,100.99,99.13,100.79,100.73,97.51,100.36,102.77,103.78,101.12,100.29,99.12,96.59,99.45,101.3,100.82,101.44,100.35,98.3,100.14,99.64,100.52,100.1,101.89,,100.56,99.41,101.08,100.93
2003-12,100.02,100.69,100.5,100.52,99.74,99.87,99.74,110.33,101.46,101.09,101.23,98.16,100.12,100.31,101.22,99.41,100.55,99.8,101,99.18,100.93,100.54,97.63,100.31,102.2,103.51,101.12,100.27,98.87,96.28,99.85,101.73,101.13,101.51,100.53,98.35,100.31,99.89,101.27,99.8,101.93,,100.72,99.45,101.14,101.1
2004-01,100.21,100.84,100.54,100.65,99.85,100.05,99.71,108.77,101.6,101.22,101.29,98.11,100.4,100.16,101.45,99.49,100.93,99.75,101,99.21,101.04,100.22,97.66,100.54,101.87,102.56,101.11,100.24,98.66,96.29,100.17,102.28,101.41,101.75,100.71,98.38,100.4,99.72,101.85,99.75,101.91,,100.78,99.5,101.23,101.18
2004-02,100.34,100.83,100.57,100.65,99.89,100.21,99.59,108.71,101.66,101.25,101.35,98.19,100.44,100.02,101.51,99.68,101.42,99.68,101.08,99.26,101.04,100.01,97.55,100.71,101.49,101.33,101.01,100.2,98.44,96.47,100.16,102.56,101.29,101.84,100.68,98.43,100.39,99.43,101.71,99.8,101.83,,100.72,99.56,101.33,101.33
2004-03,100.52,100.78,100.57,100.6,99.9,100.33,99.51,108.5,101.59,101.36,101.4,98.19,100.3,99.98,101.36,99.7,101.98,99.63,101.18,99.35,101.01,100.05,97.66,100.57,101.32,100.35,101.02,100.34,98.49,97.02,99.91,102.45,101.12,101.77,100.61,98.56,100.28,99.5,101.38,99.84,101.74,,100.49,99.55,101.44,101.49
2004-04,100.84,100.74,100.53,100.54,99.89,100.39,99.52,108.08,101.55,101.59,101.26,98.15,100.1,99.98,101.2,99.66,102.17,99.65,101.27,99.32,100.95,100.38,98.07,100.43,101.17,100.35,101.06,100.61,98.8,97.69,99.8,102.07,100.95,101.7,100.54,98.8,99.95,100.3,101.16,100.07,101.64,,100.12,99.47,101.54,101.6
2004-05,101.13,100.72,100.49,100.49,99.74,100.39,99.31,107.38,101.54,101.61,101.03,98.12,100.06,100.05,101.27,99.66,102,99.73,101.21,99.22,100.85,100.76,98.69,100.37,101.05,100.67,101.14,100.94,99.32,98.36,99.96,101.69,100.87,101.63,100.52,99,99.41,101.4,101.05,100.3,101.56,,99.6,99.42,101.62,101.63
2004-06,101.29,100.76,100.48,100.49,99.57,100.28,99.02,106.71,101.51,101.56,100.88,98.15,100.1,100.22,101.46,99.69,101.74,99.9,101.01,99.12,100.84,100.99,99.1,100.45,101.34,101.41,101.48,100.97,99.69,98.87,100.02,101.3,101.01,101.64,100.61,99.19,98.92,102.21,100.99,100.29,101.54,,98.92,99.42,101.66,101.69
2004-07,101.59,100.82,100.48,100.52,99.6,100.13,98.76,106.04,101.38,101.53,100.85,98.16,100.2,100.29,101.64,99.8,101.66,100.03,100.89,99.07,100.88,101.06,99.27,100.6,101.69,102.17,101.94,101.01,100.04,99.07,100.15,101,101.12,101.83,100.73,99.42,98.76,102.28,100.88,100.01,101.6,,98.23,99.47,101.62,101.85
2004-08,101.71,100.82,100.48,100.53,99.66,99.99,98.59,105.44,101.3,101.54,100.84,98.22,100.31,100.37,101.69,99.79,101.78,100.05,100.77,99.01,100.87,101.03,99.5,100.77,101.96,102.37,102.51,101.2,99.96,99.11,100.46,100.95,101.1,101.97,100.77,99.68,98.77,101.9,100.63,99.83,101.73,,97.77,99.55,101.46,101.94
2004-09,101.64,100.79,100.52,100.54,99.74,99.92,98.53,105.35,101.14,101.56,100.89,98.29,100.4,100.5,101.68,99.66,101.97,99.94,100.78,98.99,100.8,101.09,99.63,100.82,102.25,102.15,103.11,101.61,99.8,99.21,100.98,101.1,100.98,102.02,100.73,100.09,98.91,101.42,100.47,99.92,101.89,,97.75,99.63,101.11,102.06
2004-10,101.63,100.8,100.58,100.58,99.89,99.89,98.46,105.51,100.99,101.61,101.07,98.28,100.43,100.68,101.68,99.46,101.86,99.76,100.91,98.94,100.73,101.13,99.65,100.78,102.61,102,103.44,102.07,99.88,99.57,101.57,101.52,100.89,102.01,100.71,100.62,99.13,101.11,100.68,100.09,102.09,,98,99.68,100.69,102.18
2004-11,101.54,100.85,100.63,100.66,100,99.9,98.36,105.73,100.95,101.68,101.28,98.31,100.38,100.73,101.77,99.3,101.59,99.65,101.01,98.94,100.76,101.14,99.64,100.78,102.94,102.11,103.31,102.27,100.24,100.01,101.92,102.01,100.95,102.07,100.75,100.96,99.37,101.01,101.07,100.49,102.27,,98.38,99.69,100.33,102.23
2004-12,101.38,100.95,100.7,100.75,100.03,99.94,98.42,106.08,101.03,101.79,101.39,98.46,100.35,100.71,101.88,99.23,101.4,99.63,101.04,99.1,100.97,101.09,99.68,100.86,102.91,102.54,102.99,102.47,100.7,100.36,102.04,102.4,101.09,102.15,100.82,100.87,99.57,101.2,101.31,101.11,102.38,,98.78,99.76,100.16,102.34
2005-01,101.39,101.03,100.78,100.83,100.1,99.98,98.9,106.19,101.17,101.9,101.51,98.67,100.28,100.74,101.9,99.35,101.37,99.71,100.95,99.3,101.17,101.08,99.73,100.86,102.92,103.13,102.7,102.6,101.02,100.59,102.14,102.83,101.08,102.25,100.85,100.41,99.74,101.73,101.42,101.78,102.35,,99.13,99.87,100.14,102.35
2005-02,101.35,101.01,100.8,100.83,100.17,100,99.65,105.94,101.27,101.94,101.66,98.73,100.21,100.81,101.73,99.53,101.38,99.85,100.83,99.4,101.37,100.99,99.69,100.78,102.99,103.45,102.5,102.55,101.15,100.87,102.17,102.85,100.92,101.86,100.79,99.87,99.88,102.4,101.21,102.17,102.22,,99.33,99.91,100.23,102.33
2005-03,101.24,100.87,100.73,100.74,100.18,99.96,100.14,105.32,101.17,101.85,101.72,98.7,100.02,100.78,101.56,99.63,101.4,100.03,100.73,99.45,101.43,100.84,99.67,100.63,103.15,103.54,102.47,102.42,101.16,101.23,102.05,102.52,100.69,101.17,100.64,99.35,100,102.92,100.98,101.84,102.04,,99.32,99.85,100.45,102.27
2005-04,101.31,100.72,100.59,100.63,100.22,99.89,100.2,104.75,100.86,101.63,101.61,98.66,99.68,100.61,101.2,99.67,101.33,100.02,100.73,99.38,101.17,100.6,99.71,100.38,103.24,103.45,102.61,102.42,101.25,101.59,101.79,102.07,100.5,100.92,100.51,99.18,100.07,103.12,101.07,101.21,101.8,,99.14,99.66,100.74,102.11
2005-05,101.39,100.67,100.43,100.6,100.25,99.8,100.01,104.36,100.52,101.41,101.44,98.65,99.44,100.25,100.79,99.52,101.22,99.68,100.76,99.27,100.7,100.45,99.75,100.29,103.56,103.38,102.65,102.16,101.4,101.75,101.46,101.8,100.57,101.04,100.5,99.38,100.07,103.09,101.39,100.71,101.57,,98.87,99.43,101.08,102.01
2005-06,101.44,100.71,100.33,100.64,100.27,99.73,99.77,104.02,100.3,101.35,101.32,98.62,99.52,99.94,100.47,99.4,100.97,99.12,100.81,99.19,100.29,100.52,99.67,100.33,104.08,103.13,102.67,101.66,101.6,101.67,101.21,101.74,100.82,101.08,100.59,99.6,100.07,103.01,101.88,100.6,101.4,,98.51,99.29,101.46,101.87
2005-07,101.56,100.67,100.3,100.61,100.29,99.66,99.7,103.72,100.18,101.44,101.33,98.62,99.61,99.88,100.64,99.36,100.79,98.73,100.84,99.01,100.34,100.79,99.71,100.43,104.53,103.13,102.59,101.34,101.61,101.23,100.96,101.69,100.73,100.98,100.56,99.59,100.05,102.95,102.33,100.62,101.32,,98.14,99.26,101.81,101.66
2005-08,101.57,100.46,100.31,100.44,100.26,99.62,99.79,103.36,100.16,101.62,101.31,98.73,99.75,99.95,100.56,99.26,100.5,98.56,100.83,98.84,100.49,100.98,99.84,100.56,104.36,103.38,102.46,101.24,101.42,100.61,100.62,101.76,100.13,100.8,100.28,99.36,100.01,102.93,102.52,100.78,101.27,,97.82,99.32,102.06,101.32
2005-09,101.49,100.21,100.32,100.22,100.16,99.63,100.01,103.2,100.23,101.76,101.19,98.87,99.71,100.1,99.99,99.31,100.09,98.58,100.75,98.74,100.5,101.15,100.02,100.63,104.07,103.58,102.35,101.05,101.31,100.08,100.35,101.98,99.41,100.29,99.91,98.87,99.94,102.98,102.25,101.35,101.14,,97.66,99.36,102.11,101.14
2005-10,101.6,100.19,100.35,100.18,100.14,99.71,100.26,103.49,100.54,101.89,101,99.02,99.34,100.36,99.75,99.55,99.78,98.73,100.61,98.88,100.67,101.34,100.2,100.75,104.76,104.06,102.63,100.8,101.35,100.13,100.27,102.39,99.18,100.07,99.82,98.41,99.86,103.09,102.06,102.03,100.87,,97.7,99.46,102.03,101.38
2005-11,101.74,100.42,100.44,100.34,100.18,99.9,100.41,103.94,100.88,101.94,100.88,99.2,99.17,100.49,99.9,99.84,99.89,98.92,100.41,99.15,100.78,101.63,100.38,100.95,105.37,104.69,103.09,100.62,101.57,100.34,100.27,102.9,99.57,100.23,100.05,98.32,99.85,103.23,102.1,102.57,100.53,,98.07,99.62,101.88,101.89
2005-12,101.85,100.75,100.62,100.6,100.26,100.25,100.43,104.35,101.17,102.05,100.86,99.48,99.4,100.53,100.1,100.08,100.24,99.07,100.36,99.55,100.85,101.99,100.59,101.2,105.9,105.47,103.35,100.95,101.65,100.48,100.48,103.55,100.15,100.48,100.41,98.49,99.91,103.37,102.41,102.96,100.24,,98.89,99.9,101.7,102.27
2006-01,102.03,100.97,100.81,100.79,100.34,100.66,100.33,104.77,101.34,102.2,100.97,99.82,99.67,100.51,100.34,100.26,100.55,99.18,100.22,99.92,100.88,102.33,100.85,101.45,106.35,106.1,103.41,101.47,101.85,100.54,100.79,104.09,100.41,100.87,100.65,98.64,99.93,103.46,102.78,103.27,100.08,,99.93,100.13,101.54,102.38
2006-02,102.08,101.02,100.9,100.83,100.33,100.98,100.2,105,101.33,102.14,101.03,99.97,99.75,100.65,100.22,100.42,100.51,99.31,100.13,100.07,100.85,102.58,100.9,101.46,106.58,106.41,103.33,101.51,101.98,100.67,100.95,104.24,100.36,101.07,100.67,98.72,99.89,103.51,103.06,103.55,100,,100.84,100.23,101.49,102.3
2006-03,101.97,100.98,100.93,100.8,100.28,101.11,100,105.04,101.26,102.02,100.97,100.04,99.74,100.85,99.95,100.6,100.34,99.4,100.12,100.14,100.65,102.56,100.71,101.4,106.75,106.61,103.3,101.28,102.11,100.97,100.95,104.21,100.22,101.11,100.61,98.81,99.87,103.54,103.38,103.73,99.94,,101.38,100.28,101.63,102.13
2006-04,101.94,100.88,100.93,100.73,100.23,101.12,99.73,104.66,101.19,101.87,101.01,100.12,99.71,100.97,99.51,100.75,100.44,99.4,100.13,100.12,100.54,102.09,100.5,101.34,106.97,106.88,103.51,101.33,102.15,101.16,100.84,103.74,99.97,100.94,100.5,98.83,99.84,103.51,103.62,103.7,99.84,,101.58,100.3,101.88,101.93
2006-05,101.81,100.7,100.83,100.61,100.18,101.13,99.52,103.58,101.13,101.72,100.97,100.21,99.48,101.05,99.29,100.85,100.65,99.38,100.06,100.12,100.62,100.94,100.48,101.33,107.09,107.21,103.66,101.65,102.13,101.34,100.71,102.95,99.69,100.62,100.34,98.89,99.83,103.46,103.81,103.6,99.74,,101.49,100.27,102.15,101.55
2006-06,101.64,100.61,100.7,100.55,100.15,101.2,99.41,102.02,101.17,101.6,100.92,100.14,99.44,101.03,99.61,100.99,100.84,99.46,99.99,100.09,100.67,99.6,100.66,101.2,107.04,107.44,103.71,101.94,102.06,101.65,100.66,102.01,99.67,100.35,100.29,99.02,99.87,103.36,103.87,103.6,99.72,,101.08,100.25,102.39,101.22
2006-07,101.59,100.58,100.65,100.56,100.19,101.3,99.33,100.97,101.22,101.5,100.85,99.99,99.69,101.15,99.93,101.07,100.85,99.62,100.03,100.05,100.54,98.67,100.83,101.1,107.01,107.65,103.67,101.97,101.9,101.99,100.69,101.42,99.71,100.06,100.29,99.18,99.96,103.23,103.72,103.73,99.84,,100.62,100.31,102.6,101.13
2006-08,101.52,100.61,100.67,100.61,100.26,101.4,99.32,100.81,101.22,101.54,100.85,99.84,99.93,101.24,100.34,101.14,100.78,99.89,100.18,100.05,100.53,98.2,100.85,101.16,107,107.65,103.72,101.85,101.75,102.29,100.77,101.23,99.8,99.7,100.33,99.29,100.13,103.09,103.59,103.85,100.05,,100.44,100.39,102.76,101.04
2006-09,101.49,100.75,100.75,100.76,100.38,101.45,99.35,100.97,101.35,101.66,100.96,99.72,100.13,101.35,100.68,101.23,100.75,100.14,100.36,100.19,100.62,97.97,100.85,101.27,107.08,107.69,103.99,101.83,101.68,102.65,100.93,101.39,100.12,99.77,100.5,99.42,100.35,102.99,103.46,103.93,100.32,,100.82,100.49,102.89,101.08
2006-10,101.65,100.96,100.83,100.95,100.53,101.46,99.36,101.22,101.55,101.85,101.12,99.65,100.33,101.28,100.78,101.26,100.7,100.23,100.61,100.33,100.78,97.99,100.92,101.32,107.12,107.41,104.26,101.89,101.69,103.06,101.21,101.67,100.54,99.93,100.74,99.56,100.52,102.97,103.67,103.89,100.63,,101.55,100.58,102.98,101.13
2006-11,101.77,101.07,100.9,101.08,100.64,101.45,99.32,101.44,101.63,101.91,101.03,99.74,100.42,101.33,100.89,101.32,100.73,100.21,100.71,100.41,101.03,97.96,101.09,101.24,107.04,107.36,104.67,101.93,101.73,103.64,101.51,102.03,100.77,100.05,100.89,99.63,100.66,103.03,103.92,103.55,100.92,,102.41,100.71,103.03,101.14
2006-12,101.77,101.13,100.94,101.14,100.66,101.44,99.21,101.44,101.58,101.84,100.83,99.93,100.47,101.46,100.91,101.46,100.83,100.15,100.58,100.49,101.12,97.86,101.28,101.19,107.03,107.27,105.18,102.01,101.85,104.32,101.73,102.33,100.89,100.53,100.97,99.54,100.74,103.16,104.09,103.07,101.12,,103.23,100.84,103.05,101.18
2007-01,101.84,101.14,100.93,101.14,100.62,101.44,99.16,101.42,101.55,101.78,100.58,100.16,100.54,101.33,101,101.56,100.9,100.02,100.37,100.76,101.11,97.8,101.27,101.21,107.18,107.15,105.76,102.33,101.92,104.6,101.8,102.2,100.92,101.08,101.01,99.35,100.67,103.37,103.94,102.57,101.17,,103.87,100.9,103.09,101.12
2007-02,101.78,101.07,100.99,101.08,100.54,101.46,99.25,101.51,101.55,101.74,100.56,100.47,100.64,101.2,101.05,101.57,100.98,99.96,100.28,100.92,101.03,97.91,101.32,101.38,107.17,106.72,106.12,102.5,101.94,104.65,101.77,101.77,100.7,101.43,100.92,99.23,100.56,103.59,103.7,102.38,101.1,,104.13,100.99,103.18,100.91
2007-03,101.57,100.99,101.08,101.02,100.47,101.5,99.38,101.65,101.52,101.72,100.69,100.8,100.8,101.05,101.19,101.57,101.08,99.97,100.28,100.94,100.99,98.08,101.28,101.49,106.97,106.07,106.2,102.46,101.8,104.68,101.67,101.27,100.42,101.68,100.8,99.23,100.51,103.75,103.46,102.44,100.95,,103.81,101.09,103.39,100.59
2007-04,101.37,100.97,101.2,101.03,100.5,101.53,99.58,101.91,101.56,101.66,100.93,101.14,101.12,100.76,101.38,101.62,101.04,99.98,100.26,100.93,101.03,98.17,101.46,101.66,106.58,105.74,106.04,102.38,101.57,104.72,101.7,101,100.25,101.91,100.74,99.33,100.64,103.76,103.17,102.6,100.74,,103.23,101.19,103.64,100.44
2007-05,101.13,100.99,101.33,101.09,100.55,101.53,99.86,102.2,101.56,101.63,101.21,101.4,101.56,100.45,101.79,101.65,101.03,99.95,100.31,100.89,101.04,98.19,101.66,101.57,106.12,105.8,105.87,102.51,101.56,104.52,101.86,100.8,100.19,102.19,100.73,99.42,100.81,103.67,102.85,102.7,100.52,,102.75,101.3,103.84,100.7
2007-06,100.86,100.96,101.36,101.1,100.57,101.47,100.16,102.47,101.46,101.66,101.3,101.42,101.76,100.16,101.85,101.68,100.98,99.83,100.41,100.86,101.05,98.2,101.75,101.42,105.54,106,105.7,102.48,101.59,104.36,101.99,100.59,100.15,102.21,100.67,99.43,100.94,103.54,102.88,102.66,100.37,,102.66,101.3,103.91,100.81
2007-07,100.68,100.92,101.3,101.06,100.56,101.38,100.45,102.86,101.23,101.63,101.3,101.24,101.62,100.06,101.75,101.58,101.01,99.72,100.43,100.74,100.91,98.17,101.81,101.24,104.77,105.68,105.52,102.25,101.6,104.17,102.02,100.38,100.13,101.98,100.6,99.45,100.97,103.39,103.13,102.58,100.36,,102.87,101.17,103.84,100.73
2007-08,100.56,100.76,101.14,100.94,100.54,101.32,100.64,103.22,100.95,101.58,101.33,100.89,101.23,100.01,101.58,101.32,101.07,99.59,100.15,100.53,100.67,98.04,101.82,101.07,103.86,104.9,105.23,101.57,101.54,103.69,102.07,100.09,99.9,101.65,100.41,99.5,100.97,103.27,103.44,102.49,100.41,,103.3,100.88,103.65,100.69
2007-09,100.39,100.56,100.92,100.78,100.48,101.32,100.7,103.18,100.71,101.52,101.3,100.56,100.73,99.98,101.25,100.9,101.32,99.49,99.71,100.28,100.37,97.87,101.97,100.97,103.15,103.81,104.53,100.28,101.14,103.19,102.21,99.89,99.64,101.54,100.19,99.56,100.91,103.24,103.81,102.22,100.44,,103.9,100.53,103.31,100.62
2007-10,100.11,100.31,100.66,100.58,100.36,101.33,100.72,102.81,100.46,101.45,101.18,100.31,100.23,99.91,100.91,100.69,101.27,99.29,99.22,99.97,100.16,97.83,102.2,100.9,102.46,102.53,103.61,99.38,100.51,102.75,102.48,99.9,99.35,101.46,99.92,99.66,100.81,103.35,104.12,101.96,100.39,,104.52,100.2,102.97,100.41
2007-11,99.72,100.04,100.36,100.38,100.2,101.25,100.66,102.26,100.13,101.2,100.9,100.08,99.69,99.73,100.33,100.55,100.97,99.02,98.68,99.65,99.96,98,102.41,100.69,102.01,101.76,102.96,99.11,99.77,102.52,102.82,100.22,99.06,101.3,99.62,99.68,100.74,103.49,104.08,101.8,100.25,,104.96,99.83,102.84,100.01
2007-12,99.37,99.82,100.11,100.23,100.04,101.03,100.58,101.78,99.99,100.83,100.64,99.98,99.29,99.53,100.21,100.4,100.75,98.68,98.16,99.41,99.8,98.31,102.45,100.41,101.61,101.45,102.81,98.96,99.44,102.57,103.15,100.72,98.89,101.05,99.4,99.56,100.66,103.5,103.93,101.76,99.98,,105.02,99.52,103.07,99.74
2008-01,99.1,99.61,99.85,100.05,99.81,100.75,100.4,100.89,99.89,100.45,100.34,99.94,98.87,99.34,100.26,100.21,100.62,98.35,97.86,99.2,99.64,98.41,102.27,100.07,101.22,101.02,102.85,98.57,99.77,102.51,103.21,100.94,98.73,100.5,99.21,99.35,100.43,103.21,103.63,101.67,99.56,,104.72,99.26,103.45,99.58
2008-02,98.83,99.29,99.6,99.79,99.55,100.47,100.1,99.4,99.87,100.27,99.89,99.89,98.63,99.27,100.05,100.04,100.39,98.22,97.66,99.04,99.42,98.29,102.12,99.79,101.04,100.78,102.84,98.6,100.39,102.24,103.26,100.77,98.34,99.7,98.91,99.11,100.17,102.7,103.33,101.42,99.01,,103.99,99.09,103.75,99.52
2008-03,98.51,98.92,99.3,99.48,99.32,100.26,99.72,97.58,99.77,100.2,99.25,99.87,98.38,99.3,99.43,99.9,100.14,98.15,97.34,98.83,99.14,98.05,102.09,99.65,101.03,100.38,102.5,98.96,100.86,102.12,103.2,100.3,97.87,99.01,98.55,98.87,100.03,102.01,103.26,100.96,98.41,,102.72,98.92,103.78,99.39
2008-04,98.09,98.45,98.92,99.09,99.1,100.05,99.23,96.02,99.51,100.02,98.33,99.8,98.02,99.45,98.66,99.67,99.83,98.07,96.6,98.52,98.71,97.81,102.27,99.35,100.74,99.9,101.61,99.09,100.88,101.97,102.78,99.66,97.34,98.62,98.11,98.61,99.96,101.16,102.96,100.18,97.81,,101.2,98.62,103.7,99.22
2008-05,97.65,97.99,98.48,98.73,98.91,99.71,98.55,95.28,99.14,99.79,97.37,99.54,97.57,99.53,97.95,99.42,99.43,97.74,95.56,98.15,98.11,97.8,102.33,98.85,100.23,99.69,100.42,98.75,100.52,101.81,102.36,99.03,96.96,98.43,97.7,98.37,99.96,100.33,102.35,99.28,97.34,,99.74,98.15,103.69,99.06
2008-06,97.28,97.63,98.03,98.46,98.75,99.17,97.92,95.29,98.83,99.43,96.49,99.14,97.2,99.24,97.41,99.15,99.07,97.25,94.54,97.73,97.57,98.06,102.16,98.24,99.72,99.66,99.26,98.32,100.15,101.92,101.87,98.29,96.84,98.21,97.4,98.28,99.98,99.76,101.84,98.41,97.25,,98.57,97.59,103.84,98.66
2008-07,96.99,97.52,97.77,98.37,98.66,98.53,97.62,95.82,98.76,99.18,95.92,98.74,97.16,98.93,97.31,98.88,98.99,97.23,94.04,97.48,97.21,98.29,101.97,97.85,99.22,99.68,98.61,98.38,100.24,101.96,101.57,97.74,97.05,98.1,97.34,98.45,99.97,99.65,101.8,97.74,97.72,,97.68,97.27,103.91,98.4
2008-08,96.82,97.6,97.8,98.39,98.6,97.99,97.94,96.27,98.95,99.07,95.92,98.5,97.32,99.11,97.4,98.95,98.77,97.54,93.99,97.45,97.08,98.24,102.07,97.88,98.83,99.05,98.28,98.67,100.44,101.96,101.53,97.63,97.3,98.27,97.45,98.78,99.84,99.78,101.59,97.36,98.46,,97.09,97.31,103.47,98.32
2008-09,96.73,97.61,97.83,98.3,98.47,97.68,97.84,95.99,99.13,99.14,96.09,98.4,97.45,99.51,97.21,99.08,98.36,97.85,93.85,97.55,96.97,98.01,102.1,98.02,98.12,98.19,97.79,98.83,100.33,101.91,101.33,98.03,97.38,98.44,97.5,99.08,99.59,99.92,101.1,97.02,99.08,,96.88,97.38,102.14,98.14
2008-10,96.56,97.34,97.66,97.93,98.13,97.57,97.11,94.79,99.07,99.37,96.13,98.2,97.46,99.71,96.62,99.07,97.91,97.74,93.56,97.54,96.6,97.59,101.81,98.07,97.43,96.9,96.76,98.22,99.87,101.58,100.67,98.65,97.03,98.38,97.27,99.24,99.13,99.92,100.45,96.67,99.3,,96.89,97.26,100.3,97.64
2008-11,96.36,97.09,97.46,97.53,97.66,97.6,96.36,93.59,98.98,99.8,96.05,97.98,97.55,99.61,96.24,99.03,97.93,97.36,93.38,97.54,96.3,97.26,101.33,98.21,96.93,94.9,95.24,97.4,99.35,100.85,100.05,99.16,96.77,98.47,97.06,99.25,98.47,99.85,99.99,96.42,99.25,,97.05,97.1,98.35,97.33
2008-12,96.16,96.96,97.28,97.24,97.2,97.79,95.96,93.22,98.93,100.04,95.79,97.71,97.51,99.49,96.18,98.98,98.37,96.93,93.22,97.71,96.31,96.96,100.85,98.45,96.44,92.26,93.48,96.82,98.85,100.04,99.77,99.56,96.76,98.66,96.94,99.17,97.81,99.82,99.77,96.01,99.06,,97.31,96.93,96.63,97.13
2009-01,96.11,96.9,97.17,97.06,96.98,98.01,96.1,93.58,99.05,100.09,95.52,97.55,97.44,99.46,96.61,98.93,98.75,96.66,93.1,97.93,96.67,96.59,99.99,98.77,95.97,90.32,92.03,96.38,98.62,98.98,99.74,99.64,96.77,98.65,96.89,99.21,97.39,99.95,99.6,95.6,98.83,,97.63,96.81,95.21,96.88
2009-02,96.26,96.91,97.19,97,96.95,98.14,96.5,94.4,99.09,100.15,95.74,97.45,97.38,99.49,96.98,98.89,98.78,96.65,93.16,98.12,97.08,96.31,98.97,98.99,95.47,89.4,91.17,96.27,98.54,97.68,99.8,99.54,96.74,98.53,96.91,99.37,97.18,100.17,99.04,95.3,98.64,,97.96,96.75,94.28,96.57
2009-03,96.69,97.14,97.42,97.16,97.09,98.1,97.27,95.47,99.19,100.31,96.34,97.41,97.49,99.54,97.12,98.91,98.88,96.92,93.9,98.23,97.62,96.12,98.5,99.02,95.22,89.18,90.64,96.15,98.89,96.92,100.02,99.47,96.94,98.56,97.14,99.59,97.09,100.41,98.52,95.2,98.6,,98.28,96.86,94.04,96.34
2009-04,97.33,97.6,97.84,97.52,97.42,98.01,98.71,96.81,99.39,100.62,97,97.53,97.88,99.73,97.3,99.18,99.15,97.4,94.94,98.3,98.41,96.09,98.75,99.17,95.34,89.2,90.43,96.31,99.33,96.89,100.29,99.58,97.39,98.81,97.58,99.86,97.12,100.61,98.36,95.33,98.81,,98.6,97.2,94.26,96.28
2009-05,98,98.07,98.28,97.92,97.79,98,100.08,97.83,99.64,100.9,97.53,97.77,98.21,99.95,97.68,99.51,99.33,97.94,96,98.54,99.22,96.2,99.25,99.74,95.61,88.56,90.65,97.17,99.72,97.44,100.66,99.86,97.78,99.17,97.99,100.16,97.23,100.75,98.83,95.42,99.19,,98.93,97.61,94.71,96.35
2009-06,98.58,98.41,98.65,98.24,98.12,98.22,101,98.25,99.93,101,98.04,98.14,98.44,100.18,98.23,99.69,99.46,98.57,96.76,98.87,99.71,96.41,99.59,100.31,95.73,87.2,90.93,98.03,99.72,98.01,101.12,100.15,97.94,99.89,98.29,100.45,97.36,100.8,99.34,95.7,99.67,,99.31,98.04,95.32,96.56
2009-07,99.04,98.63,98.94,98.48,98.42,98.62,101.67,98.02,100.16,101.1,98.5,98.65,98.56,100.44,98.96,99.85,99.57,99.26,97.27,99.2,100,96.68,99.73,100.87,95.91,86.79,90.93,98.47,99.62,98.38,101.47,100.51,97.89,100.7,98.47,100.68,97.55,100.73,99.78,95.94,100.21,,99.74,98.49,95.98,96.63
2009-08,99.33,98.84,99.22,98.69,98.63,99.16,102.25,97.64,100.45,101.15,98.99,99.16,98.68,100.71,99.53,100.07,99.79,99.82,97.47,99.5,100.23,97,99.94,101.44,96.37,86.86,90.85,98.74,99.66,98.66,101.66,101.25,97.94,101.37,98.67,100.71,97.71,100.62,100.15,95.73,100.73,,100.23,98.93,96.6,96.75
2009-09,99.48,99.06,99.5,98.89,98.74,99.83,102.58,97.29,100.64,101.2,99.67,99.55,99.1,100.97,99.94,100.24,100.21,100.14,97.47,99.68,100.51,97.37,99.92,101.83,96.88,86.77,90.94,98.77,99.59,98.94,101.79,102.23,98.12,101.84,98.93,100.58,97.81,100.58,100.28,95.46,101.09,,100.83,99.34,97.15,96.98
2009-10,99.52,99.16,99.68,99,98.8,100.51,102.74,96.86,100.68,101.18,100.08,99.72,99.55,101.24,99.86,100.35,100.57,100.01,97.51,99.8,100.75,97.71,99.87,102.03,97.24,86.62,90.36,98.32,99.58,98.94,101.86,102.9,98.15,102.01,99.06,100.39,97.9,100.7,100.31,95.27,101.17,,101.52,99.63,97.69,97.14
2009-11,99.48,99.19,99.76,99.07,98.8,101.04,102.58,96.48,100.65,101.14,100.22,99.68,99.89,101.4,99.76,100.58,100.37,99.7,97.62,99.93,100.91,97.89,99.82,102.03,97.45,86.95,89.71,98.1,99.7,98.94,101.9,103.22,98.16,101.93,99.1,100.16,97.99,100.95,100.43,95.3,101.08,,102.27,99.74,98.34,97.1
2009-12,99.43,99.26,99.77,99.17,98.83,101.3,102.36,96.45,100.46,101.21,100.25,99.61,100.01,101.22,99.75,100.78,99.79,99.38,97.83,100.14,101.23,98.02,99.94,101.89,97.49,87.67,89.65,98.08,99.61,99.32,101.86,103.48,98.33,101.83,99.18,99.97,98.13,101.29,100.35,95.42,100.94,,103.07,99.71,99.17,97.17
2010-01,99.53,99.33,99.74,99.3,98.94,101.4,102.18,96.8,100.32,101.34,100.42,99.5,99.92,100.76,99.89,100.84,99.09,99.15,97.83,100.31,101.59,98.13,100.09,101.83,97.7,89.32,90.17,98.31,99.53,99.79,101.83,103.62,98.5,101.86,99.26,99.94,98.32,101.71,100.45,95.65,100.82,,103.84,99.54,100.06,97.47
2010-02,99.69,99.35,99.69,99.4,99.12,101.46,102.01,97.52,100.24,101.45,100.54,99.54,99.59,100.24,100.04,100.68,98.27,98.85,97.54,100.33,101.91,98.35,100.24,101.97,97.93,90.94,90.85,98.5,99.64,100.21,101.83,103.29,98.55,101.81,99.26,100.01,98.57,102.14,100.84,95.84,100.74,,104.4,99.27,100.85,97.68
2010-03,99.87,99.35,99.64,99.51,99.38,101.57,101.93,98.33,100.31,101.45,100.46,99.74,99.17,99.92,99.94,100.41,97.4,98.52,97.19,100.21,101.98,98.74,100.39,102.09,98.19,92.16,91.39,98.48,99.86,100.45,102.03,102.39,98.55,101.65,99.25,100.03,98.95,102.45,101.39,96.06,100.74,,104.61,99.05,101.37,97.79
2010-04,100.01,99.33,99.57,99.56,99.53,101.72,101.91,98.95,100.36,101.42,100.2,99.94,98.82,99.69,99.31,100.08,96.73,98.2,96.82,100.13,101.84,99.24,100.44,102.16,98.62,92.95,91.9,98.36,100.04,100.5,102.35,101.75,98.53,101.34,99.21,99.92,99.17,102.56,101.95,96.38,100.85,,104.57,98.85,101.66,97.97
2010-05,100.09,99.28,99.41,99.57,99.65,101.88,101.96,99.37,100.25,101.26,99.84,99.97,98.48,99.3,99.05,99.96,96.18,97.88,96.31,100.01,101.6,99.78,100.4,102.12,99,93.81,92.28,98.24,100.09,100.43,102.67,101.45,98.53,100.93,99.13,99.75,99.36,102.56,102.51,96.8,100.99,,104.39,98.57,101.72,98.24
2010-06,100.12,99.23,99.34,99.55,99.7,102.01,102.02,99.64,100.33,101.09,99.52,100.2,98.33,98.96,99.35,99.98,95.97,97.74,95.94,100.04,101.66,100.19,100.28,102.12,99.42,94.15,92.75,98.17,100.1,100.39,102.89,101.41,98.43,100.8,99.04,99.7,99.43,102.53,103.09,97.17,101.06,,104.08,98.52,101.51,98.43
2010-07,100.07,99.18,99.44,99.48,99.62,102.1,101.99,99.76,100.57,101.14,99.24,100.71,98.42,98.85,99.96,100.05,96.06,97.72,96.05,100.25,101.92,100.38,100.28,102.11,99.75,94.3,93.58,97.99,99.94,100.25,103.01,101.54,98.15,101.15,98.91,99.8,99.3,102.54,103.65,97.43,100.98,,103.71,98.8,101.2,98.4
2010-08,99.95,99.2,99.6,99.43,99.39,102.1,101.85,99.95,100.84,101.14,99.04,101.19,98.66,98.95,100.53,100.16,96.16,97.65,96.57,100.49,102.22,100.57,100.04,102.16,99.96,94.73,94.35,97.85,99.63,99.9,103.15,102.06,97.97,101.51,98.86,99.91,98.97,102.57,104.18,97.79,100.81,,103.34,99.19,100.96,97.99
2010-09,99.83,99.22,99.69,99.36,99.06,102,101.75,100.3,100.98,101.15,98.68,101.54,98.88,99.06,100.51,100.18,96,97.2,96.96,100.65,102.31,100.67,99.77,102.2,100.01,95.35,94.89,97.91,99.3,99.52,103.26,102.77,97.92,101.57,98.85,99.93,98.47,102.59,104.13,98.25,100.6,,103.01,99.45,100.89,97.35
2010-10,99.81,99.27,99.7,99.32,98.8,101.84,101.77,100.53,101.04,101.16,98.36,101.74,99.14,99.1,100.27,100.2,95.76,96.2,96.99,100.64,101.99,100.72,99.58,102.09,99.91,95.9,95.2,98.07,99,99.21,103.34,103.15,98.02,101.51,98.92,99.99,98.02,102.58,103.58,98.57,100.36,,102.77,99.55,100.9,96.57
2010-11,99.88,99.35,99.66,99.3,98.58,101.66,101.86,100.83,101.01,101.15,98.06,101.86,99.29,99.14,100.09,100.2,95.49,95.58,96.8,100.49,101.47,100.68,99.46,102.01,100.06,95.81,95.28,98.03,98.9,99.2,103.46,103.05,98.28,101.26,99.07,100.12,97.59,102.52,102.82,98.68,100.1,,102.68,99.58,100.86,96
2010-12,99.94,99.39,99.55,99.25,98.38,101.49,101.79,101.05,100.84,101.03,97.76,101.86,99.06,99.16,99.9,100.2,95.22,95.51,96.55,100.4,100.93,100.47,99.44,101.97,100.23,95.52,95.27,97.86,98.77,99,103.46,102.7,98.53,100.98,99.17,100.31,97.2,102.41,102.11,98.72,99.78,,102.81,99.46,100.69,95.73
2011-01,99.87,99.35,99.42,99.21,98.33,101.36,101.5,101.31,100.62,100.89,97.35,101.81,98.7,98.89,100.05,100.38,95.3,95.63,96.49,100.4,100.8,100.09,99.37,102,100.48,95.57,95.35,97.63,98.66,98.67,103.45,102.36,98.64,100.7,99.15,100.49,97.14,102.25,101.82,98.79,99.41,,102.99,99.32,100.49,95.84
2011-02,99.53,99.24,99.32,99.21,98.47,101.27,100.98,101.64,100.51,100.8,97.11,101.73,98.4,98.61,100.22,100.49,95.53,95.83,96.66,100.35,100.8,99.62,99.06,101.9,100.59,95.51,95.61,97.29,98.48,98.33,103.34,101.95,98.59,100.57,99.01,100.48,97.56,102.07,101.8,98.87,99.09,,103.01,99.21,100.41,96.27
2011-03,98.89,99.01,99.2,99.2,98.77,101.22,100.38,101.83,100.34,100.78,96.96,101.61,98.17,98.33,100.16,100.46,95.62,95.81,96.81,100.22,100.73,99.12,98.6,101.65,100.46,95.31,96.05,97.22,98.15,98,103.08,101.67,98.34,100.46,98.74,100.34,98.4,101.95,101.66,98.75,98.99,100.13,102.68,99.06,100.58,96.88
2011-04,98.23,98.88,99.14,99.2,98.89,101.16,100.2,101.96,100.26,100.83,96.99,101.51,98.08,98.1,99.88,100.33,95.53,95.66,96.99,100.07,100.48,98.86,98.38,101.41,100.05,95.42,96.53,97.43,97.94,98.02,102.87,101.47,98.29,100.37,98.58,100.23,98.87,101.93,101.41,98.55,99.25,100.4,102.12,98.91,100.91,97.19
2011-05,98.02,98.87,99.19,99.24,98.95,100.99,100.25,102.13,100.26,100.85,97.36,101.47,98.1,98.02,99.9,100.16,95.27,95.67,97.28,99.92,99.95,98.78,98.66,101.19,99.78,96.24,96.93,97.71,97.73,98.35,102.83,101.23,98.27,100.17,98.55,100.21,99.04,101.92,101.62,98.57,99.71,100.38,101.49,98.85,101.25,97.28
2011-06,98.17,98.79,99.21,99.21,99.01,100.66,100.21,102.37,100.19,100.75,97.38,101.46,98.06,98.11,100.11,99.96,94.94,95.73,97.44,99.84,99.17,98.76,98.96,100.88,99.73,97.28,97.25,97.97,97.58,98.66,102.98,100.83,97.96,99.8,98.42,100.33,99.08,101.84,102.38,98.81,100.13,100.37,100.87,98.83,101.52,97.23
2011-07,98.45,98.55,99.07,99.01,98.91,100.26,100.06,102.19,100.09,100.49,97.09,101.3,97.94,98.02,100.41,99.67,94.86,95.73,97.41,99.7,98.48,98.77,99.24,100.37,99.57,98.22,97.56,98.08,97.67,98.89,103.09,100.7,97.39,99.37,98.11,100.47,98.79,101.6,102.79,98.98,100.33,99.88,100.33,98.69,101.73,97.18
2011-08,98.71,98.26,98.79,98.73,98.69,99.95,99.84,101.75,99.99,100.19,96.65,100.96,97.65,97.85,100.22,99.11,94.95,95.61,97.15,99.44,97.81,98.81,99.31,99.72,99.12,99,97.7,98.1,97.7,98.96,102.9,100.79,96.89,99.2,97.79,100.6,98.35,101.3,102.78,98.92,100.35,99.35,99.96,98.38,101.85,97.28
2011-09,98.95,98.15,98.54,98.54,98.39,99.83,99.77,101.42,99.94,99.96,96.26,100.71,97.54,97.67,99.49,98.49,94.76,95.29,96.92,99.08,97.35,98.59,99.33,99.28,98.64,99.17,97.5,97.97,97.59,98.61,102.7,101.09,96.83,99.39,97.7,100.75,97.75,101.06,102.6,98.8,100.2,99.34,99.86,98.09,101.91,97.49
2011-10,99.11,98.17,98.35,98.44,98.07,99.82,99.89,101.04,99.93,99.55,96.02,100.51,97.53,97.53,98.62,98.06,94.21,94.9,96.83,98.8,97.12,98.25,99.19,99.11,98.36,98.81,96.96,97.69,97.28,97.93,102.75,101.24,97.06,99.62,97.79,100.86,97.13,100.98,102.55,98.73,99.89,99.5,99.94,97.89,101.93,97.68
2011-11,99.21,98.31,98.27,98.49,97.92,99.83,99.99,101.04,99.73,99.21,96.05,100.49,97.37,97.58,97.93,97.93,93.85,94.53,96.93,98.68,97.09,97.92,98.82,99.12,98.12,98.51,96.46,97.65,96.71,97.15,102.92,101.56,97.5,99.77,98.01,100.9,96.82,101,102.82,98.69,99.52,99.61,100.17,97.83,101.99,97.42
2011-12,99.32,98.5,98.24,98.7,98.14,99.82,99.86,101.25,99.47,99.19,96.24,100.61,97.3,97.42,97.8,97.85,93.72,94.35,96.78,98.68,97.4,97.59,98.37,99.33,98.05,98.59,96.1,97.72,96.43,96.65,103.02,101.98,98.05,99.7,98.3,100.93,97.16,101.05,103.25,98.76,99.22,99.72,100.51,97.78,102.12,96.92
2012-01,99.42,98.71,98.29,98.95,98.47,99.81,99.82,101.45,99.2,99.45,96.53,100.7,97.52,97.3,98.13,97.89,93.72,94.43,96.23,98.81,98.11,97.39,98.31,99.71,98.15,99.24,96.37,97.51,96.46,96.79,103.06,102.28,98.51,99.68,98.59,100.86,97.69,101.08,103.44,99.13,99.1,99.51,100.83,97.8,102.29,96.77
2012-02,99.47,98.86,98.37,99.1,98.6,99.84,100.03,101.52,99.13,99.87,96.61,100.73,97.99,97.36,98.37,98.02,93.64,94.67,95.62,98.86,98.81,97.49,98.33,100.05,98.27,99.75,96.81,97.06,96.5,97.25,103.32,102.09,98.77,99.69,98.78,100.58,97.91,101.06,103.25,99.48,99.08,99.26,100.95,97.89,102.47,96.94
2012-03,99.5,98.93,98.39,99.13,98.51,99.95,100.32,101.31,99.4,100.24,96.47,100.75,98.53,97.17,98.62,98.08,93.74,94.91,95.04,98.92,99.2,97.59,98.36,100.4,98.38,99.77,97.14,96.35,96.29,97.91,103.73,101.62,98.9,99.55,98.87,100.3,97.75,100.92,103.03,99.72,99.07,99.3,100.72,97.95,102.61,97.26
2012-04,99.5,98.93,98.32,99.13,98.5,100.09,100.57,100.96,99.75,100.33,96.33,100.77,98.89,96.46,98.66,98.15,93.97,95.11,94.61,99.07,99.43,97.63,98.33,100.59,98.61,99.83,97.42,95.46,96.2,98.7,104.05,101.59,98.93,99.43,98.87,100.17,97.73,100.62,102.91,99.97,99.03,99.62,100.3,97.88,102.69,97.48
2012-05,99.52,98.9,98.27,99.08,98.4,100.16,100.53,100.94,99.91,100.23,96.34,100.76,99.05,95.93,98.73,98.06,94.31,95.33,94.35,99.12,99.16,97.54,98.3,100.57,98.83,100.35,97.88,95.21,96.24,99.19,104.06,102.07,98.88,99.42,98.82,100.33,97.54,100.27,102.73,100.03,98.97,100.08,99.92,97.78,102.7,97.69
2012-06,99.51,98.8,98.24,98.9,98.09,100.1,100.22,100.94,100.02,100.17,96.51,100.68,98.86,95.83,98.89,98.1,94.75,95.46,94.16,99.13,98.35,97.62,98.36,100.46,98.89,101.07,98.24,95.14,96.59,99.29,103.85,102.69,98.67,99.49,98.69,100.57,97.03,100.01,102.46,100.01,98.94,100.01,99.72,97.7,102.59,97.98
2012-07,99.51,98.75,98.19,98.8,97.9,99.98,99.94,100.84,100.02,100.23,96.76,100.5,98.38,96.11,98.82,98.41,95.11,95.43,93.66,99.16,97.67,97.76,98.57,100.38,98.83,101.17,98.41,95.14,97,99.1,103.61,103.03,98.6,99.6,98.64,100.75,96.75,99.95,102.33,100.1,98.98,99.02,99.65,97.59,102.41,98.34
2012-08,99.53,98.75,98.06,98.82,98.02,99.88,99.78,100.5,99.94,100.22,96.87,100.28,97.92,96.42,98.42,98.6,95.16,95.17,93.06,99.08,97.36,97.86,98.62,100.21,98.58,101.13,98.48,94.97,97.25,98.63,103.45,103.2,98.77,99.65,98.7,100.9,96.92,100,102.32,100.07,99.09,97.53,99.65,97.41,102.2,98.33
2012-09,99.52,98.79,97.9,98.95,98.36,99.87,99.69,100.1,99.75,100.18,96.83,100.13,97.52,96.47,97.88,98.61,94.81,94.57,93,99.03,97.44,97.84,98.46,99.95,98.02,101,98.52,94.59,97.08,97.96,103.4,103.27,99.09,99.73,98.82,101.03,97.46,100.05,102.58,99.94,99.28,96.77,99.68,97.22,101.99,97.95
2012-10,99.51,98.85,97.82,99.12,98.78,99.95,99.69,99.86,99.43,100.14,96.92,100.11,97.36,96.42,97.15,98.37,94.42,94,93.23,99.07,97.67,97.72,98.23,99.74,97.58,100.92,98.79,94.64,96.73,97.48,103.36,103.33,99.32,99.87,98.92,101.11,98.12,100.02,102.75,100.09,99.56,97.02,99.72,97.13,101.82,97.6
2012-11,99.57,98.86,97.85,99.17,98.97,100.11,99.74,100.12,99.14,100.21,97.23,100.17,97.38,96.23,96.77,97.97,94.22,93.79,93.42,99.05,98.03,97.72,98.05,99.66,97.83,101.01,99.2,94.99,96.55,97.41,103.26,103.63,99.23,100.03,98.91,101.11,98.41,99.92,102.7,100.34,99.85,97.57,99.73,97.1,101.71,97.32
2012-12,99.79,98.81,97.91,99.14,99.05,100.34,99.82,100.48,99.08,100.16,97.31,100.28,97.4,96.09,96.84,97.8,94.22,93.88,93.6,99.14,98.38,97.94,97.97,99.68,98.64,101.08,99.4,95.49,96.56,97.29,103.15,104.2,98.89,100.11,98.78,101.02,98.48,99.77,102.44,100.67,100.09,97.92,99.75,97.14,101.72,97.02
2013-01,100.21,98.88,98.04,99.21,99.22,100.59,100,100.88,99.22,100.14,97.3,100.44,97.35,96.14,97.22,97.79,94.42,94.09,93.99,99.3,98.86,98.33,98,99.99,99.39,101.09,99.64,96.05,96.82,97.45,103.05,104.52,98.76,100.31,98.8,100.96,98.6,99.58,102.12,100.79,100.19,98.15,99.8,97.3,101.8,97.08
2013-02,100.58,99,98.17,99.29,99.33,100.77,100.14,101.16,99.39,100.22,97.27,100.57,97.26,96.3,97.74,97.69,94.62,94.36,94.28,99.43,99.29,98.7,98.12,100.25,99.82,100.98,99.87,96.41,97.42,97.82,102.88,104.64,98.87,100.6,98.91,100.93,98.64,99.44,101.76,100.56,100.22,98.25,99.99,97.43,101.91,97.11
2013-03,100.79,99.11,98.27,99.27,99.09,100.81,100.28,101.38,99.43,100.25,97.37,100.64,97.09,96.45,97.98,97.88,94.73,94.47,94.56,99.43,99.33,98.98,98.23,100.48,100.15,101.07,100.14,96.55,97.86,98.11,102.71,104.6,99.03,100.68,99.04,100.87,98.19,99.44,101.78,100.25,100.29,98.22,100.36,97.5,102.02,97.12
2013-04,100.85,99.22,98.38,99.22,98.73,100.76,100.33,101.66,99.53,100.27,97.57,100.67,96.9,96.75,98.13,98.23,94.83,94.57,94.76,99.38,99.08,99.24,98.4,100.54,100.32,101.26,100.39,96.2,98.09,98.28,102.62,104.54,99.25,100.41,99.17,100.78,97.61,99.68,102.15,99.94,100.44,97.83,100.72,97.53,102.11,97.15
2013-05,100.8,99.37,98.5,99.15,98.24,100.69,100.44,101.99,99.64,100.38,97.91,100.69,96.7,97,98.25,98.41,94.97,94.65,95,99.35,98.87,99.52,98.57,100.48,100.29,101.46,100.73,95.53,98.34,98.59,102.55,104.09,99.59,100.1,99.37,100.71,96.85,99.98,102.43,99.67,100.62,96.97,100.84,97.57,102.16,97.39
2013-06,100.64,99.5,98.72,99.12,97.86,100.62,100.52,102.13,99.74,100.64,98.47,100.72,96.79,97.33,98.5,98.35,94.89,94.88,95.53,99.32,98.79,99.69,98.92,100.49,100.11,101.31,100.94,95.27,98.54,99.05,102.45,103.44,99.77,100.08,99.51,100.64,96.32,100.12,102.6,99.55,100.76,96.48,100.48,97.74,102.13,97.81
2013-07,100.54,99.6,99,99.15,97.75,100.58,100.52,102.15,99.94,100.84,99.25,100.77,97.23,97.47,98.65,98.31,94.79,95.22,96.25,99.37,98.65,99.84,99.26,100.64,99.88,100.68,101.12,95.24,98.83,99.52,102.37,102.98,99.73,100.25,99.59,100.45,96.19,99.93,102.33,99.79,100.8,96.77,99.88,98.03,102.02,98.17
2013-08,100.51,99.61,99.24,99.18,97.87,100.59,100.48,101.95,100.43,101.03,99.75,100.83,97.77,97.58,99.08,98.46,94.73,95.67,96.86,99.53,98.6,100.07,99.46,100.68,99.86,100.12,101.32,95.45,99.23,99.67,102.42,102.91,99.45,100.56,99.55,100.32,96.41,99.57,101.82,99.85,100.8,97.23,99.32,98.37,101.82,98.56
2013-09,100.53,99.55,99.41,99.22,98.13,100.66,100.48,101.73,101.02,101.18,99.95,100.93,98.1,97.66,99.63,98.74,94.82,95.98,97.29,99.7,98.66,100.33,99.53,100.67,100.15,100.08,101.3,95.62,99.54,99.71,102.48,103.33,99.06,100.84,99.43,100.31,96.83,99.25,101.75,99.47,100.82,97.75,99.03,98.68,101.5,98.97
2013-10,100.34,99.48,99.48,99.22,98.33,100.77,100.7,101.87,101.44,101.24,99.92,101.05,98.13,97.5,99.84,99.19,95.05,96.13,97.37,99.79,98.77,100.59,99.45,100.8,100.61,100.29,101.13,95.72,99.7,99.79,102.46,103.8,98.82,100.89,99.29,100.46,97.16,99.11,102.12,98.88,100.93,98.46,99.03,98.84,101.15,99.17
2013-11,100.16,99.5,99.55,99.24,98.36,100.89,100.92,102.02,101.69,101.19,99.9,101.21,97.96,97.48,99.78,99.7,95.21,96.34,97.48,99.76,98.97,100.9,99.44,101.02,100.86,100.6,100.99,95.99,99.74,100.04,102.4,104.19,98.92,100.81,99.31,100.68,97.2,99.1,102.45,98.2,101.09,98.57,99.35,98.97,100.86,99.22
2013-12,99.89,99.59,99.65,99.33,98.46,101.02,101.07,101.75,101.75,101.16,100.15,101.37,97.95,97.48,99.5,100.08,95.38,96.68,97.67,99.6,99.17,101.15,99.5,101.09,101.03,101,100.96,96.49,99.7,100.29,102.22,104.47,99.23,100.54,99.44,100.85,97.4,99.15,102.56,97.61,101.24,98.45,100.07,99.13,100.73,99.47
2014-01,99.52,99.64,99.78,99.42,98.57,101.11,101.2,101.3,101.7,101.12,100.62,101.51,98.04,97.58,99.01,100.41,95.61,97.03,97.97,99.52,99.35,101.37,99.51,101.04,101.13,101.35,100.73,97.04,99.86,100.52,101.98,104.46,99.41,100.25,99.53,100.93,97.66,99.21,102.46,97.22,101.35,98.35,100.98,99.31,100.74,99.68
2014-02,99.14,99.69,99.92,99.55,98.79,101.14,101.23,101.14,101.53,101.02,100.97,101.58,98.11,97.97,98.69,100.65,95.99,97.36,98.23,99.48,99.26,101.5,99.58,100.9,101.18,101.52,100.42,97.37,100.16,100.53,101.76,104.36,99.48,99.99,99.59,100.95,98.11,99.32,102.05,97.4,101.42,98.55,101.84,99.49,100.91,99.81
2014-03,98.91,99.78,100.12,99.71,99.01,101.07,101.19,101.54,101.25,100.99,101.3,101.58,98.13,98.63,98.81,100.79,96.55,97.62,98.57,99.45,99.01,101.71,99.75,100.82,101.34,101.76,100.17,97.61,100.57,100.82,101.58,104.09,99.51,99.8,99.65,100.93,98.52,99.54,101.94,97.82,101.46,99.15,102.46,99.65,101.27,99.82
2014-04,98.94,99.89,100.3,99.78,98.94,100.97,101.08,102.06,101.06,101.04,101.56,101.6,98.02,99.28,99.01,100.79,97.02,97.77,98.86,99.39,98.77,101.8,99.93,100.81,101.44,102.02,100.12,97.79,100.91,101.17,101.4,103.51,99.58,99.61,99.75,100.89,98.43,99.93,102.11,98.12,101.47,99.79,102.81,99.75,101.71,99.75
2014-05,99.22,99.94,100.39,99.78,98.84,100.92,100.91,102.09,101.01,101.27,101.72,101.63,97.87,99.61,99.09,100.77,97.4,97.95,99.18,99.38,98.84,101.8,100.16,100.88,101.47,102.05,100.2,98.18,101.06,101.5,101.19,102.8,99.57,99.36,99.81,100.92,98.2,100.35,102.5,98.2,101.44,99.97,102.84,99.81,102.05,99.58
2014-06,99.54,99.95,100.39,99.79,98.91,100.95,100.87,101.86,101.04,101.58,101.81,101.61,97.76,99.42,99.12,100.7,97.7,98.11,99.5,99.42,98.95,101.78,100.22,100.91,101.4,101.89,100.19,98.72,101.13,101.6,101.12,102.13,99.54,99.27,99.82,100.99,98.2,100.63,102.76,98.11,101.37,99.48,102.44,99.8,102.17,99.74
2014-07,99.74,99.92,100.31,99.77,98.97,101.02,100.85,101.7,100.98,101.8,101.8,101.5,97.79,98.92,99.01,100.57,97.8,98.33,99.66,99.41,98.69,101.8,100.12,100.83,101.44,101.76,99.88,99.18,101.05,101.59,101.09,101.52,99.53,99.34,99.8,101.11,98.22,100.62,102.7,98.04,101.23,98.86,101.82,99.72,102.06,100.21
2014-08,99.71,99.91,100.2,99.74,98.98,101.04,100.89,101.62,100.75,101.82,101.79,101.27,97.79,98.5,98.79,100.38,97.63,98.51,99.75,99.39,97.96,101.86,100.12,100.63,101.5,101.48,99.35,99.54,101.03,101.49,101,100.96,99.63,99.42,99.79,101.18,98.24,100.45,102.38,98.18,101.07,98.57,101.2,99.56,101.67,100.56
2014-09,99.53,99.92,100.1,99.72,98.99,100.92,100.86,101.52,100.46,101.68,101.63,101.11,97.76,98.33,98.77,100.27,97.42,98.75,99.69,99.4,97.47,101.97,100.17,100.4,101.48,101.39,99.13,99.95,101.17,101.25,100.87,100.55,99.84,99.39,99.83,101.21,98.3,100.28,102.2,98.48,100.91,98.68,100.72,99.45,100.88,100.78
2014-10,99.32,99.97,100.05,99.7,98.94,100.73,100.67,101.23,100.11,101.61,101.56,101.07,97.86,98.21,98.77,100.27,97.56,98.9,99.59,99.5,97.49,101.97,100.32,100.11,101.55,101.61,99.3,100.16,101.52,101.18,100.58,100.3,100.13,99.36,99.92,101.21,98.31,100.23,102.32,98.69,100.8,98.88,100.36,99.44,99.8,100.78
2014-11,99.18,100.08,100.06,99.73,99.01,100.54,100.43,100.93,99.84,101.57,101.52,101.11,98.11,98.13,98.55,100.24,97.73,98.98,99.66,99.64,97.77,101.79,100.42,99.93,101.78,102.02,99.57,100.1,101.87,101.28,100.12,100.32,100.48,99.31,100.09,101.17,98.49,100.23,102.43,98.85,100.73,98.81,100.13,99.54,98.57,100.86
2014-12,99.21,100.27,100.2,99.82,99.16,100.4,100.29,100.66,99.89,101.64,101.66,101.26,98.48,98.21,98.48,100.25,97.82,99.23,100.2,99.64,98.2,101.55,100.38,99.99,102.01,102.16,99.89,100.18,102.07,101.48,99.62,100.57,100.88,99.23,100.36,101.12,98.72,100.21,102.23,98.84,100.72,99.01,100.03,99.79,97.24,101.12
2015-01,99.36,100.48,100.45,99.93,99.37,100.32,100.29,100.39,100.22,101.75,101.94,101.45,98.87,98.72,98.68,100.36,98.26,99.59,100.97,99.62,98.75,101.42,100.29,100.08,102.01,102.24,100.36,100.4,102.06,101.73,98.97,100.68,101.14,99.37,100.62,101.13,99.01,100.09,101.69,98.79,100.78,99.62,100,100.21,96.06,101.44
2015-02,99.62,100.62,100.72,100.04,99.64,100.35,100.33,100.1,100.55,101.91,102.21,101.62,99.24,99.58,99.12,100.5,99.06,99.81,101.55,99.65,99.31,101.4,100.38,100.1,101.86,102.41,100.84,100.63,101.92,101.98,98.42,100.41,101.14,99.64,100.77,101.06,99.35,99.86,100.99,98.85,100.85,100.39,99.98,100.67,95.41,101.7
2015-03,99.83,100.68,100.91,100.08,99.7,100.51,100.37,99.81,100.72,102.11,102.4,101.76,99.45,100.1,99.51,100.71,99.42,99.93,101.99,99.75,99.71,101.37,100.58,100.17,101.76,102.53,101.3,100.97,101.97,102.12,98.11,99.7,101.05,99.74,100.83,100.85,99.41,99.51,100.43,98.87,100.88,101.02,99.93,100.96,95.61,101.87
2015-04,99.95,100.68,100.96,100.09,99.71,100.68,100.44,99.73,100.82,102.1,102.39,101.8,99.46,100.15,99.89,100.83,99.03,99.95,102.17,99.81,100.01,101.4,100.81,100.19,101.53,102.62,101.49,101.4,102.1,102.12,98.03,98.94,100.99,99.73,100.82,100.62,99.42,99.03,100.47,98.72,100.8,101.16,99.77,100.99,96.25,101.93
2015-05,99.95,100.61,100.89,100.05,99.63,100.72,100.36,99.75,100.87,101.95,102.26,101.76,99.28,99.97,100.04,100.94,98.45,99.96,102.07,99.77,100.03,101.39,100.85,100.25,101.19,102.69,101.39,101.62,102.21,102.02,97.96,98.4,100.91,99.69,100.74,100.56,99.32,98.57,100.7,98.62,100.64,101.01,99.38,100.84,96.87,102.01
2015-06,99.92,100.56,100.81,99.92,99.32,100.54,100.12,99.77,100.79,101.72,102.4,101.65,99.15,99.78,99.88,101.02,97.73,99.99,101.92,99.68,99.66,101.35,100.7,100.25,101.26,102.54,101.12,101.63,102.2,101.94,97.76,97.89,100.93,99.49,100.72,100.52,98.89,98.35,100.58,98.58,100.42,101,98.67,100.67,97.14,102.17
2015-07,99.87,100.45,100.71,99.75,99.06,100.25,100.08,99.45,100.61,101.52,102.49,101.5,99.13,99.71,99.86,101.05,96.88,100.05,101.89,99.62,99.19,101.46,100.54,100.21,101.43,102.43,100.89,101.46,102.09,101.88,97.42,97.5,100.81,99.36,100.63,100.42,98.51,98.54,100.04,98.39,100.16,101.07,97.88,100.56,97.15,102.29
2015-08,99.87,100.35,100.68,99.63,98.94,100.01,100.21,99.02,100.41,101.3,102.47,101.32,99.31,100.09,99.92,101.07,96.04,100.16,102.02,99.61,98.59,101.63,100.46,100.08,101.69,102.25,100.69,101.51,102.06,101.9,97.04,97.39,100.62,99.44,100.54,100.22,98.34,98.9,99.72,98.26,99.91,100.87,97.39,100.6,97.03,102.41
2015-09,99.88,100.32,100.72,99.57,98.91,99.93,100.42,99.02,100.3,101.08,102.39,101.09,99.54,100.74,100.02,101.04,95.68,100.16,102.28,99.55,98.04,101.8,100.46,99.78,101.71,102.11,100.46,101.55,102.15,101.94,96.67,97.53,100.45,99.51,100.48,99.88,98.33,99.11,99.83,98.31,99.77,100.32,97.47,100.71,96.83,102.61
2015-10,99.98,100.43,100.88,99.6,98.88,99.95,100.61,99.87,100.34,101.02,102.38,100.92,99.72,101.29,100.01,101,95.75,100.06,102.61,99.46,97.87,102.09,100.69,99.5,101.62,102.33,100.52,101.41,102.36,102.05,96.49,97.71,100.48,99.71,100.55,99.79,98.24,98.97,99.94,98.49,99.82,100,97.91,100.85,96.6,102.86
2015-11,100.07,100.57,101.08,99.67,98.88,99.99,100.6,101.03,100.45,101.06,102.43,100.91,99.85,101.55,100.15,101,95.88,99.99,102.9,99.51,98.15,102.24,100.96,99.39,101.33,102.61,100.7,101.21,102.52,102.11,96.46,97.75,100.59,99.89,100.65,99.95,98.2,98.65,99.6,98.61,99.95,100.36,98.45,101.01,96.31,103.03
2015-12,100.06,100.61,101.19,99.68,98.86,100,100.36,101.45,100.57,101.01,102.62,101.02,99.88,101.48,100.42,100.91,96.06,100.14,103.01,99.63,98.44,102.16,101.13,99.53,101.03,102.78,100.96,101.1,102.62,102.23,96.45,97.83,100.69,99.91,100.7,100.21,98.15,98.4,98.57,98.59,100.08,100.9,98.94,101.1,95.97,103.07
2016-01,99.95,100.55,101.15,99.61,98.78,99.98,100.06,101.28,100.53,100.82,102.63,101.08,99.83,101.34,100.67,100.76,96.06,100.31,102.69,99.83,98.88,101.99,101.15,99.72,100.77,102.94,101.07,100.79,102.69,102.41,96.51,97.85,100.71,99.84,100.66,100.42,98.07,98.41,97.16,98.49,100.12,101.47,99.32,101.04,95.64,103
2016-02,99.79,100.44,101.01,99.48,98.58,99.95,99.89,100.93,100.37,100.74,102.45,101.09,99.59,101.21,100.81,100.53,95.98,100.3,102.26,100,99.02,101.76,101.16,99.85,100.36,102.92,100.88,100.6,102.63,102.4,96.6,97.86,100.67,99.82,100.58,100.46,97.81,98.57,96.45,98.26,100.09,101.79,99.55,100.86,95.48,102.8
2016-03,99.77,100.37,100.88,99.35,98.3,99.94,99.91,100.77,100.18,100.72,102.24,101.12,99.36,101.02,100.88,100.42,95.89,100.32,101.83,100.09,99.15,101.59,101.32,99.98,100.45,102.56,100.62,100.55,102.57,102.29,96.63,97.67,100.63,99.76,100.54,100.46,97.37,98.71,96.44,98.03,100.01,102.04,99.56,100.67,95.62,102.52
2016-04,99.8,100.38,100.83,99.34,98.19,99.94,99.96,100.82,100.07,100.76,102.02,101.21,99.31,100.82,100.73,100.48,95.88,100.33,101.56,100.12,99.48,101.64,101.51,99.98,100.94,102.18,100.28,100.58,102.54,102.34,96.8,97.38,100.65,99.76,100.55,100.48,97.2,98.73,96.85,97.92,99.89,102.2,99.44,100.58,95.98,102.37
2016-05,99.85,100.43,100.81,99.44,98.3,99.92,99.93,100.88,100.06,100.73,101.78,101.3,99.35,100.56,101.1,100.57,96.07,100.31,101.39,100.17,99.88,101.82,101.57,99.93,101.46,102.1,100.07,100.63,102.5,102.45,97.23,97.19,100.77,99.93,100.61,100.57,97.33,98.72,97.19,97.93,99.76,102.33,99.24,100.55,96.49,102.39
2016-06,99.95,100.42,100.76,99.6,98.66,99.89,99.96,100.93,100.18,100.71,101.38,101.36,99.27,100.43,101.38,100.65,96.26,100.3,101.35,100.2,100.27,101.99,101.62,99.9,101.67,102.29,100.11,100.85,102.37,102.54,97.75,97.08,100.75,100,100.59,100.66,97.85,98.8,97.41,97.84,99.68,102.31,98.96,100.55,97.11,102.42
2016-07,100.04,100.34,100.7,99.73,99.05,99.85,100.1,101.1,100.33,100.66,100.83,101.34,99.27,100.29,101.51,100.64,96.21,100.33,101.32,100.18,100.38,102.1,101.68,99.88,101.81,102.3,100.11,101.22,102.26,102.54,98.26,96.83,100.6,99.97,100.48,100.69,98.41,99.05,97.66,97.36,99.69,102.3,98.7,100.55,97.73,102.32
2016-08,100.13,100.32,100.75,99.8,99.22,99.87,100.2,101.64,100.44,100.62,100.82,101.31,99.43,99.95,101.51,100.71,96.04,100.41,101.49,100.15,100.5,102.11,101.69,99.99,101.9,101.82,100.22,101.49,102.43,102.53,98.63,96.74,100.5,100,100.42,100.67,98.63,99.36,98.18,96.88,99.76,102.34,98.54,100.57,98.24,102.35
2016-09,100.17,100.36,100.86,99.87,99.31,99.97,100.18,101.92,100.43,100.52,101.18,101.28,99.67,99.71,101.49,100.95,96.04,100.51,101.72,100.14,100.6,102.15,101.7,100.26,102.07,101.29,100.57,101.61,102.78,102.58,98.81,97.04,100.48,100.03,100.44,100.68,98.76,99.52,98.62,96.49,99.89,102.3,98.57,100.67,98.52,102.43
2016-10,100.11,100.39,100.95,99.97,99.48,100.12,99.95,101.74,100.4,100.43,101.34,101.3,99.93,99.69,101.58,101.21,96.13,100.62,102.03,100.16,100.79,102.21,101.64,100.47,102.19,100.53,101.05,101.81,102.97,102.63,98.77,97.5,100.55,100.01,100.5,100.78,99.05,99.41,98.62,96.2,100.06,102.34,98.71,100.85,98.68,102.38
2016-11,100.04,100.46,100.96,100.08,99.65,100.3,99.49,101.05,100.51,100.36,101.25,101.38,100.19,99.78,101.69,101.35,96.05,100.79,102.26,100.21,100.96,102.33,101.54,100.55,102.46,99.81,101.49,102,103.02,102.62,98.55,97.82,100.89,99.9,100.69,100.84,99.37,99.16,98.11,95.7,100.24,102.4,98.9,101.03,98.83,102.21
2016-12,100.13,100.52,100.94,100.18,99.81,100.46,99.14,100.32,100.59,100.41,101.16,101.44,100.33,99.85,101.68,101.4,95.96,101.03,102.31,100.36,101.19,102.44,101.54,100.51,102.91,99.1,101.56,102.27,103.02,102.65,98.39,98.06,101.23,99.75,100.89,100.86,99.63,98.99,97.1,94.79,100.37,102.32,99.09,101.14,99.04,102.1
2017-01,100.24,100.51,100.92,100.27,100.05,100.59,99,100.06,100.73,100.71,101.05,101.44,100.32,99.91,101.96,101.46,95.72,101.18,102.23,100.54,101.45,102.51,101.62,100.52,103.16,99.01,101.1,102.59,103.05,102.59,98.57,98.07,101.37,99.71,100.98,100.92,99.97,99.04,96.01,93.68,100.4,102.15,99.3,101.15,99.29,102.1
2017-02,100.35,100.54,100.9,100.4,100.34,100.62,99.16,100.15,100.81,101.01,100.95,101.39,100.24,99.89,102.14,101.53,95.47,101.29,102.16,100.68,101.63,102.44,101.56,100.56,103.13,99.36,100.45,102.67,103.04,102.52,98.91,98.09,101.36,99.79,100.99,101.06,100.35,99.21,95.78,94.02,100.38,102.09,99.56,101.09,99.52,102.13
2017-03,100.46,100.64,100.97,100.54,100.54,100.51,99.6,100.58,100.87,101.18,100.92,101.47,100.25,99.86,102.37,101.58,95.39,101.46,102.32,100.79,101.89,102.36,101.54,100.64,103.03,99.99,99.99,102.76,102.96,102.52,99.22,98.29,101.33,99.83,101,101.27,100.54,99.33,96.15,95.05,100.36,102.26,99.89,101.13,99.68,102.29
2017-04,100.49,100.75,101.08,100.67,100.72,100.36,100.26,101.1,100.91,101.22,100.89,101.64,100.45,99.67,102.37,101.57,95.59,101.64,102.57,100.9,102.09,102.19,101.61,100.71,102.98,100.49,99.72,102.91,102.91,102.63,99.36,98.49,101.29,99.77,101.01,101.44,100.71,99.28,96.71,95.97,100.39,102.39,100.21,101.21,99.81,102.44
2017-05,100.5,100.83,101.18,100.74,100.82,100.29,100.98,101.46,100.94,101.16,100.8,101.82,100.8,99.43,102.52,101.46,95.83,101.87,102.78,100.97,102.16,102.13,101.68,100.72,102.9,101.02,99.65,103.11,102.73,102.75,99.42,98.51,101.22,99.66,101,101.51,100.78,99.13,97.05,96.57,100.43,102.6,100.39,101.33,99.97,102.55
2017-06,100.51,100.85,101.24,100.8,100.97,100.4,101.45,101.5,101.01,101.22,100.63,101.94,101.15,99.3,102.59,101.48,96.13,102.1,102.94,100.99,102.12,102.15,101.69,100.57,102.95,101.56,99.76,103.29,102.59,102.77,99.38,98.39,101.11,99.54,100.97,101.47,100.96,98.98,97.34,96.92,100.46,102.65,100.34,101.48,100.2,102.72
2017-07,100.55,100.88,101.28,100.9,101.19,100.58,101.58,101.45,101.19,101.35,100.57,101.95,101.09,99.54,102.45,101.57,96.58,102.2,103.1,100.99,102.06,102.2,101.72,100.43,102.99,101.71,99.99,103.44,102.51,102.75,99.34,98.36,101.07,99.5,100.97,101.43,101.27,98.88,97.45,97.22,100.46,102.73,100.14,101.6,100.45,102.95
2017-08,100.59,100.95,101.31,101.06,101.52,100.74,101.5,101.32,101.34,101.37,100.51,101.87,100.82,100.15,102.4,101.61,97.02,102.19,103.18,101,101.97,102.31,101.89,100.37,102.84,101.32,100.29,103.63,102.69,102.65,99.36,98.49,101.17,99.52,101.04,101.39,101.78,98.83,97.39,97.47,100.41,102.75,99.93,101.7,100.64,103.13
2017-09,100.65,101.02,101.35,101.31,102.07,100.78,101.4,100.98,101.52,101.46,100.49,101.83,100.63,100.81,102.48,101.61,97.35,102.21,103.15,101.13,102.02,102.42,102.15,100.4,102.65,101.24,100.55,103.85,103.08,102.64,99.55,99.02,101.29,99.67,101.13,101.38,102.62,98.8,97.51,97.62,100.31,102.63,99.78,101.82,100.73,103.15
2017-10,100.71,101.11,101.39,101.55,102.6,100.75,101.46,100.51,101.64,101.58,100.53,101.86,100.71,101.22,102.55,101.65,97.57,102.19,103.04,101.29,102.19,102.61,102.24,100.54,102.63,101.18,100.75,104.02,103.47,102.64,99.78,99.7,101.44,99.87,101.26,101.37,103.4,98.82,97.66,97.52,100.15,102.58,99.71,101.98,100.78,103.1
2017-11,100.72,101.13,101.43,101.65,102.8,100.72,101.59,100.22,101.62,101.62,100.55,101.9,101.02,101.38,102.67,101.62,97.64,102.12,102.92,101.45,102.4,102.84,102.23,100.66,102.55,101.27,100.92,104.08,103.7,102.66,99.97,100.39,101.42,100.03,101.3,101.44,103.68,99.03,97.85,97.26,99.99,102.56,99.69,102.12,100.87,103
2017-12,100.71,101.12,101.5,101.69,102.9,100.7,101.59,100.42,101.55,101.58,100.57,101.95,101.21,101.43,102.76,101.6,97.65,102.07,102.85,101.61,102.76,103.09,102.28,100.68,102.34,101.46,101.16,104.15,103.74,102.7,100.09,101.04,101.34,100.2,101.29,101.54,103.82,99.67,98.08,96.76,99.91,102.63,99.78,102.2,101.07,102.97
2018-01,100.69,101.12,101.55,101.74,102.95,100.68,101.49,100.99,101.48,101.56,100.64,102.03,101.09,101.36,102.92,101.56,97.6,102.06,102.72,101.69,102.77,103.23,102.37,100.69,102.4,101.9,101.35,104.19,103.81,102.77,100.18,101.26,101.37,100.3,101.29,101.54,103.9,100.95,98.22,96.23,99.95,102.57,99.97,102.16,101.33,103.03
2018-02,100.66,101.14,101.53,101.79,102.98,100.63,101.36,101.34,101.39,101.52,100.75,102.03,100.76,101.35,102.63,101.49,97.58,102.1,102.44,101.67,102.65,103.26,102.38,100.56,102.69,101.94,101.49,104.17,103.88,102.66,100.29,101.32,101.53,100.28,101.34,101.45,103.98,102.47,98.39,95.99,100.06,102.36,100.26,102.02,101.55,103.13
2018-03,100.63,101.15,101.46,101.8,102.91,100.5,101.26,101.37,101.29,101.39,100.85,101.97,100.47,101.36,102.13,101.5,97.58,102.14,102.17,101.57,102.41,103.27,102.42,100.42,103.05,101.76,101.71,104.26,103.98,102.43,100.4,101.35,101.63,100.22,101.36,101.4,103.91,103.68,98.86,96.11,100.14,102.21,100.67,101.85,101.66,103.14
2018-04,100.6,101.14,101.4,101.77,102.82,100.34,101.16,101.22,101.11,101.26,100.9,101.89,100.2,101.35,101.8,101.47,97.68,102.13,102.24,101.48,102.2,103.19,102.63,100.3,103.18,101.52,101.98,104.39,103.93,102.35,100.32,101.62,101.58,100.16,101.31,101.45,103.78,104.13,99.6,96.64,100.12,102.28,101.01,101.71,101.64,103.1
2018-05,100.6,101.14,101.34,101.68,102.62,100.2,101.03,101.05,100.88,101.33,101.02,101.81,99.94,101.2,101.79,101.41,97.8,102.07,102.49,101.37,102.07,103.03,102.77,100.18,103.19,101.23,102.22,104.38,103.81,102.52,100.09,101.91,101.49,100.17,101.24,101.56,103.47,104.03,100.39,97.57,100.03,102.43,100.97,101.56,101.45,103.02
2018-06,100.57,101.16,101.3,101.56,102.28,100.13,100.74,100.89,100.61,101.45,101.06,101.72,99.71,101.29,101.91,101.42,97.89,101.96,102.76,101.29,101.87,102.86,102.83,100.01,103.31,101.08,102.33,104.31,103.57,102.63,99.8,101.95,101.44,100.23,101.19,101.62,102.99,103.6,100.84,99.04,99.88,102.48,100.3,101.5,101.03,102.97
2018-07,100.55,101.18,101.24,101.49,102.08,100.11,100.35,100.53,100.55,101.44,101.14,101.64,99.57,101.42,102.13,101.41,98.01,101.88,102.73,101.23,101.73,102.7,102.73,100.03,103.55,101.14,102.52,104.01,103.28,102.73,99.66,101.65,101.4,100.32,101.16,101.54,102.74,102.93,100.61,100.98,99.7,102.35,99.26,101.47,100.5,102.97
2018-08,100.52,101.14,101.08,101.39,101.95,100.14,100.06,99.56,100.57,101.28,101.06,101.62,99.35,101.52,102.09,101.3,98.2,101.88,102.43,101.19,101.52,102.53,102.51,100.22,103.62,101.23,102.61,103.68,103.16,102.78,99.61,101.3,101.42,100.27,101.14,101.41,102.61,102.21,99.95,101.97,99.54,102.2,98.14,101.42,99.98,102.94
2018-09,100.44,101.06,100.89,101.33,101.95,100.2,99.9,98.32,100.68,101.18,100.88,101.61,99.05,101.66,102.05,101.15,98.71,101.9,102.06,101.16,101.18,102.49,102.42,100.27,103.49,101.26,102.65,103.39,103.27,102.71,99.71,101.23,101.5,100.16,101.14,101.32,102.66,101.66,99.14,102.14,99.47,102.29,97.18,101.36,99.58,102.89
2018-10,100.34,100.97,100.74,101.33,102.11,100.26,99.75,97.55,100.69,101.04,100.68,101.57,98.89,101.71,102.11,100.94,99.49,101.82,101.92,101.1,100.8,102.52,102.34,100.06,103.27,101.13,102.67,103.38,103.34,102.65,100.1,101.24,101.48,100.15,101.09,101.3,102.95,101.4,98.35,102.13,99.57,102.28,96.48,101.33,99.29,102.65
2018-11,100.23,100.86,100.61,101.38,102.42,100.25,99.59,97.38,100.45,100.92,100.42,101.54,98.65,101.6,102.32,100.67,99.96,101.64,101.93,101.08,100.45,102.56,102.28,99.85,103.13,101.04,102.81,103.44,103.36,102.6,100.67,101.16,101.37,100.21,100.96,101.41,103.44,101.31,97.67,102.43,99.73,102.25,96.2,101.23,99.12,102.31
2018-12,100.12,100.79,100.5,101.45,102.7,100.1,99.6,97.35,100.09,100.77,100.11,101.52,98.55,101.44,102.41,100.32,100.17,101.44,101.93,101.05,100.21,102.58,102.25,99.65,103.25,101.09,102.95,103.5,103.48,102.55,101.06,101.15,101.21,100.21,100.8,101.55,103.89,101.23,97.85,103.46,99.82,102.05,96.52,101.11,99.1,101.92
2019-01,99.99,100.76,100.48,101.53,102.93,99.89,99.72,97.4,99.93,100.69,99.83,101.53,98.92,101.25,102.59,100.02,100.12,101.24,102.03,101.04,100.11,102.6,102.4,99.53,103.4,101.2,103.34,103.54,103.5,102.49,101.24,101.39,101,100.13,100.68,101.6,104.24,101.07,98.3,104.69,99.75,102.12,97.12,101.1,99.18,101.51
2019-02,99.85,100.84,100.51,101.63,103.08,99.71,99.9,97.48,99.97,100.71,99.7,101.54,99.34,101.04,102.66,99.88,99.9,101.06,102.21,101.04,100.06,102.56,102.64,99.54,103.43,101.35,103.69,103.51,103.33,102.55,101.12,101.36,101.06,100.1,100.71,101.62,104.48,100.89,98.57,105.55,99.59,102.33,97.62,101.12,99.28,101.24
2019-03,99.7,100.92,100.56,101.67,103.07,99.62,100.02,97.67,100.15,100.81,99.69,101.54,99.62,100.84,102.77,99.85,99.81,101.01,102.42,101.01,100.1,102.49,102.72,99.67,103.46,101.81,103.88,103.44,103.06,102.57,100.77,101.05,101.27,100,100.81,101.66,104.49,100.78,98.68,105.34,99.44,102.48,97.74,101.14,99.39,101.2
2019-04,99.57,100.93,100.58,101.67,103.04,99.59,100.03,97.65,100.26,100.89,99.85,101.48,99.8,100.69,102.68,99.9,99.89,101.13,102.42,100.98,100.08,102.44,102.65,99.71,103.42,102.07,103.99,103.37,102.81,102.68,100.41,100.59,101.43,99.98,100.89,101.73,104.46,100.82,98.44,104.51,99.35,102.48,97.58,101.11,99.5,101.4
2019-05,99.39,100.89,100.58,101.63,102.95,99.6,99.84,97.22,100.25,101,100.08,101.35,100.02,100.58,102.59,99.96,100.25,101.21,102.5,100.98,99.87,102.44,102.73,99.58,103.46,102.06,104.17,103.41,102.67,102.84,100.16,99.96,101.52,99.97,100.93,101.75,104.4,100.87,98.36,103.61,99.31,102.19,97.24,101.1,99.64,101.72
2019-06,99.14,100.79,100.57,101.57,102.89,99.62,99.62,97.04,100.08,100.93,100.16,101.17,100.21,100.49,102.36,100.07,100.93,101.3,102.53,100.82,99.47,102.48,102.96,99.53,103.47,102.03,104.3,103.44,102.64,102.97,100.18,99.46,101.42,99.91,100.86,101.67,104.4,100.77,98.26,103.01,99.29,101.64,96.77,101.08,99.8,101.72
2019-07,98.92,100.67,100.54,101.46,102.73,99.63,99.41,96.91,99.9,100.78,100.2,101.02,100.38,100.52,102.16,100.11,101.96,101.41,102.23,100.73,99.2,102.56,103.03,99.55,103.68,102.13,104.21,103.34,102.63,102.91,100.32,99.31,101.2,99.79,100.71,101.55,104.26,100.39,98.09,102.91,99.28,101.61,96.34,101.06,99.97,101.26
2019-08,98.71,100.51,100.45,101.33,102.57,99.62,99.33,96.87,99.71,100.81,100.01,100.92,100.48,100.45,101.91,100.07,102.98,101.44,101.83,100.71,99.02,102.73,102.9,99.45,103.82,102.06,104.02,103.1,102.62,102.69,100.46,99.15,100.9,99.73,100.51,101.42,104.11,99.87,97.79,103.27,99.29,101.79,96.11,101.03,100.1,100.73
2019-09,98.57,100.49,100.41,101.33,102.61,99.57,99.55,96.87,99.6,100.77,99.97,100.92,100.59,100.44,101.59,100.07,103.6,101.48,101.38,100.68,98.9,102.84,102.72,99.33,103.52,102.03,103.68,102.83,102.66,102.53,100.53,98.77,100.9,99.59,100.48,101.33,104.19,99.44,97.63,103.63,99.38,101.98,96.24,101.03,100.17,100.46
2019-10,98.69,100.56,100.41,101.42,102.78,99.53,99.88,97.09,99.67,100.75,100.07,100.93,100.61,100.48,101.47,100.15,103.91,101.53,100.93,100.69,98.83,102.78,102.45,99.34,103.37,101.89,103.41,102.6,102.75,102.45,100.58,97.92,101.1,99.44,100.6,101.33,104.37,99.23,97.61,103.55,99.57,101.89,96.62,101.06,100.24,100.48
2019-11,99,100.7,100.48,101.58,103.01,99.54,100.18,97.44,99.78,100.81,100.37,101.03,100.52,100.52,101.67,100.16,103.9,101.51,100.66,100.75,99.02,102.75,102.32,99.37,103.48,101.81,103.37,102.42,102.91,102.39,100.66,96.78,101.37,99.42,100.8,101.47,104.58,99.19,97.68,103.39,99.79,101.75,97.11,101.1,100.36,100.78
2019-12,99.2,100.81,100.52,101.67,103.12,99.58,100.27,97.6,99.88,100.86,100.72,101.04,100.25,100.67,101.73,100.11,103.71,101.39,100.54,100.85,99.2,102.74,102.24,99.45,103.62,101.76,103.27,102.33,103,102.35,100.71,96.27,101.59,99.37,100.95,101.53,104.69,99.2,97.98,103.25,99.91,101.62,97.64,101.07,100.5,101.01
2020-01,99.03,100.74,100.43,101.54,102.83,99.5,99.98,97.6,99.95,100.79,100.84,100.94,100.02,100.57,101.43,100.01,103.19,101.09,100.43,100.83,99.13,102.52,102.03,99.45,103.53,101.26,103.09,102.15,102.77,102.28,100.42,96.26,101.59,99.27,100.91,101.35,104.35,99.15,98.02,103.04,99.85,101.16,98.14,100.91,100.49,101.17
2020-02,98.28,100.24,100.02,100.97,102.08,99.06,98.96,97.48,99.82,100.5,100.49,100.56,99.57,99.94,100.56,99.78,102.41,100.37,99.94,100.44,98.65,102.05,101.37,99.33,102.95,100.32,102.4,101.31,102.16,101.91,99.59,96.35,101.17,99.1,100.43,100.9,103.58,98.96,97.14,102.07,99.66,100.04,98.53,100.3,99.99,100.92
2020-03,96.92,99.18,99.14,100.01,101.27,98.09,97.55,97.44,99.31,99.91,99.43,99.75,98.66,98.93,98.91,99.18,101.05,98.91,98.5,99.62,97.87,101.13,100.06,98.98,101.65,98.19,100.75,99.57,101.21,100.74,98.19,96.01,100.19,98.7,99.38,100.12,102.97,98.45,95.69,99.68,99.4,97.96,98.69,98.98,98.74,99.91
2020-04,95.69,98.05,98.17,98.94,100.39,97.02,96.69,97.48,98.82,99.44,97.91,98.96,97.81,98.46,97.31,98.39,99.74,97.14,96.48,98.82,97.27,99.87,98.18,98.67,99.8,95.71,98.87,97.3,100.18,98.86,96.73,95.31,99.12,98.29,98.32,99.08,102.19,97.52,94.4,96.19,99.12,96.66,98.62,97.66,97.25,98.49
2020-05,95.46,97.7,97.99,98.49,99.91,96.44,96.73,97.82,98.95,99.64,97.17,98.86,97.89,98.6,97.35,98.23,99.29,96.77,95.7,98.79,97.8,99.45,97.67,98.74,98.78,95.43,98.67,96.56,100.17,98.2,96.47,94.54,98.63,98.41,97.98,98.46,101.62,96.48,94.05,94.19,98.84,96.8,98.26,97.55,96.21,98.07
2020-06,95.89,97.9,98.38,98.59,99.85,96.82,97.17,98,99.24,100.07,97.3,99.26,98.51,99.27,98.07,98.52,99.42,97.16,95.95,99.16,98.76,99.65,98.3,99.24,98.1,96.35,99.53,97.09,100.46,98.46,97.2,93.89,98.58,98.58,98.18,98.35,101.4,95.75,94.2,94.03,98.6,96.31,97.55,98.17,96.14,98.35
2020-07,96.44,98.19,98.76,98.91,100.21,97.72,97.6,97.92,99.31,100.27,97.79,99.67,98.98,99.71,98.33,98.81,99.48,97.55,96.21,99.43,99.26,100.1,99.05,99.77,98.46,97.31,100.5,97.98,100.6,99.03,98.19,93.71,98.6,98.51,98.43,98.44,101.74,95.69,94.65,95.06,98.45,95.63,96.77,98.7,96.6,98.73
2020-08,96.9,98.44,98.94,99.24,100.65,98.58,97.89,97.73,99.34,100.23,97.99,99.96,99.15,99.98,98.34,98.97,99.41,97.78,96.23,99.59,99.07,100.47,99.22,100.21,99.09,98.02,101.32,98.68,100.46,99.53,98.9,94.15,98.8,98.59,98.67,98.5,102.24,96.08,95.33,96.28,98.4,95.59,96.34,98.99,97.03,98.94
2020-09,97.31,98.66,98.94,99.55,101.19,99.01,98.06,97.74,99.64,100.2,97.82,100.02,99.07,100.04,98.65,99.08,99.15,97.81,96.3,99.61,98.74,100.61,98.93,100.5,99.39,98.02,101.91,98.7,100.13,99.67,99.28,94.74,99.11,99.25,98.87,98.48,102.93,96.65,96.02,97.32,98.49,95.67,96.55,99.07,97.06,99.16
2020-10,97.51,98.74,98.79,99.74,101.64,99.13,98.6,97.7,99.97,100.21,97.49,99.85,98.74,99.77,98.84,99.23,98.95,97.77,96.43,99.31,98.62,100.55,98.58,100.55,99.09,97.6,102.05,98.28,99.54,99.52,99.31,95.25,99.25,100.08,98.87,98.55,103.5,97.27,96.62,98.02,98.78,96.03,97.14,98.94,96.86,99.54
2020-11,97.48,98.75,98.71,99.83,101.94,99.1,99.03,97.64,100.33,100.26,97.39,99.63,98.48,99.59,98.87,99.57,98.82,97.67,96.71,99.11,98.93,100.48,98.31,100.51,98.26,96.62,101.7,97.89,99.34,99.37,99.09,95.68,99.21,100.66,98.79,98.82,103.88,97.85,97.07,98.37,99.14,97.16,97.76,98.86,96.75,100.13
2020-12,97.32,98.87,98.9,99.94,102.02,99.03,99.08,97.83,100.73,100.47,97.8,99.48,98.67,99.89,99.2,99.91,98.9,97.83,97.26,99.27,99.43,100.41,98.42,100.73,98.11,95.88,101.55,97.98,99.63,99.18,98.71,95.99,99.21,100.94,98.84,98.94,104.01,98.32,97.21,98.74,99.44,98.36,98.2,99.06,96.94,100.53
2021-01,97.32,99.01,99.13,100.08,102.14,98.99,99.26,98.31,100.95,100.63,98.38,99.38,98.77,100.25,99.67,100.1,98.87,98.05,97.61,99.5,100.02,100.37,98.75,101.1,98.27,96.04,101.57,98.4,99.68,98.86,98.31,96.24,99.22,100.97,98.93,98.84,104.17,98.6,96.96,99.16,99.57,99.39,98.43,99.21,97.33,100.64
2021-02,97.69,99.3,99.49,100.3,102.31,99.05,99.57,98.65,101.08,100.79,99.43,99.54,98.98,100.6,100.04,100.27,98.84,98.34,98.09,99.78,100.37,100.38,99.23,101.47,98.39,96.73,101.68,99.06,99.63,98.77,97.97,96.36,99.36,101.09,99.2,98.92,104.3,98.75,96.76,99.74,99.59,100.49,98.44,99.49,97.77,101.03
2021-03,98.06,99.71,99.95,100.51,102.23,99.27,99.96,98.57,101.27,100.98,100.71,99.85,99.5,100.94,100.65,100.58,99.14,98.9,99.04,100.04,100.77,100.49,99.63,101.73,98.37,97.77,101.86,99.46,99.82,99.05,97.62,96.13,99.72,101.32,99.64,99.26,104.01,98.78,96.21,100.64,99.59,101.72,98.22,99.98,98.16,101.49
2021-04,98.21,100.04,100.37,100.68,102.12,99.62,100.36,97.88,101.52,101.23,101.72,100.19,100.13,101.54,101.43,100.94,99.77,99.48,99.85,100.22,101.55,100.65,100.02,102.08,98.41,99.25,102.02,99.7,100.47,99.72,97.77,95.92,99.96,101.48,99.99,99.65,103.71,98.67,95.25,101.58,99.62,102.69,97.96,100.57,98.45,101.9
2021-05,98.32,100.29,100.87,100.82,102.03,100.08,100.72,97.37,101.9,101.38,102.49,100.73,100.91,102.34,102.1,101.27,100.57,99.95,100.46,100.66,102.1,100.99,100.56,102.42,99.07,100.07,102.19,100.13,101.18,100.34,98.26,96.5,99.9,101.29,100.22,99.77,103.51,98.5,95.11,102.31,99.66,102.87,97.89,101.31,98.64,102.15
2021-06,98.55,100.45,101.23,100.86,101.87,100.66,100.89,97.34,102.15,101.45,102.84,101.2,101.49,102.98,102.43,101.45,100.75,100.16,100.88,100.96,102.49,101.37,100.87,102.49,100.1,100.06,102.58,100.42,101.58,100.75,98.79,97.61,99.69,100.96,100.33,99.46,103.25,98.4,96.01,102.87,99.66,102.54,98.17,101.86,98.65,102.11
2021-07,98.72,100.35,101.29,100.68,101.53,101.23,100.7,97.23,102.08,101.5,102.78,101.34,101.48,103.19,102.16,101.25,100.42,100.23,101.14,101.09,102.65,101.44,100.93,102.39,100.99,98.88,102.78,100.43,101.58,100.88,99.03,98.62,99.23,100.73,100.15,98.82,102.81,98.44,97.27,103.05,99.57,101.81,98.63,101.95,98.55,102.04
2021-08,98.83,100.1,101.15,100.47,101.44,101.63,100.56,97.04,101.77,101.57,102.28,101.33,101.23,103.11,101.95,100.96,99.96,100.42,101.24,101.04,102.64,101.33,100.89,102.22,101.61,98.25,102.58,100.15,101.47,100.79,98.9,99.18,98.67,100.54,99.81,98.71,102.69,98.56,98.14,102.98,99.42,101.01,99.06,101.85,98.34,102.08
2021-09,98.98,99.93,100.93,100.42,101.69,101.71,100.62,96.71,101.44,101.58,101.43,101.33,101.11,103.05,101.63,100.62,99.48,100.48,101.13,100.84,102.48,101.24,100.75,101.98,101.99,98.23,102.33,99.75,101.08,100.48,98.51,99.23,98.38,100.48,99.6,99.36,102.92,98.7,98.72,103.16,99.25,100.99,99.29,101.72,98.03,101.97
2021-10,99.15,99.75,100.56,100.35,101.92,101.59,100.79,95.96,100.97,101.21,100.74,101.14,100.83,102.95,101.18,100.09,99.2,100.21,100.8,100.6,101.9,101.27,100.42,101.61,101.27,99.07,101.96,99.31,100.26,100.1,98.24,98.96,98.2,100.45,99.42,100.26,103.08,98.8,98.93,103.53,99.1,100.79,99.41,101.41,97.72,101.67
2021-11,99.21,99.52,100.13,100.25,102.09,101.37,100.84,95.04,100.54,100.7,100.41,100.83,100.54,102.66,100.64,99.59,99.14,99.67,100.17,100.3,101.18,101.23,99.96,101.16,100.4,99.12,101.65,99.03,99.32,99.75,98.09,99.03,98.04,100.41,99.24,100.86,103.22,98.85,98.72,103.89,98.95,100.19,99.56,100.98,97.53,101.3
2021-12,99.04,99.28,99.76,100.14,102.17,101.07,100.72,94.57,100.2,100.36,99.94,100.55,100.2,102.19,100.18,99.32,99.1,99.37,99.82,100.01,100.51,101.4,99.56,100.66,99.82,98.95,101.2,98.99,98.99,99.49,98.06,99.38,97.94,100.32,99.03,101.07,103.36,98.84,98.11,103.57,98.77,99.49,99.82,100.57,97.55,100.84
2022-01,98.66,98.95,99.34,99.88,101.99,100.68,100.61,94.63,99.84,99.99,98.94,100.32,99.78,101.32,99.59,99.06,98.91,99.15,99.5,99.74,100.1,101.49,99.28,99.95,99.25,97.89,100.59,98.9,98.79,99.38,98.09,99.25,97.71,100.16,98.67,101.01,103.2,98.71,97.36,103.07,98.53,98.66,100.11,100.09,97.58,100.33
2022-02,98.19,98.48,98.66,99.27,101.05,100.09,100.54,94.58,99.3,99.31,97.45,99.82,99.04,100.13,98.46,98.57,98.5,98.57,98.68,99.17,99.38,101.29,99.19,99.13,98.71,96.67,100.05,98.6,98.3,99.08,98.22,98.4,97.41,99.95,98.15,100.81,101.97,98.47,96.81,102.86,98.23,98.25,100.3,99.21,97.38,99.47
2022-03,97.74,97.94,97.67,98.21,99.07,99.22,100.5,94.3,98.55,98.16,95.93,98.99,97.88,98.67,96.7,97.94,97.79,97.39,97.08,98.2,97.91,100.67,99.06,98.06,98.02,94.94,99.44,97.93,97.3,98.56,98.25,97.19,97.17,99.65,97.6,100.76,99.21,98.11,96.65,102.94,97.85,98.22,100.27,97.83,96.76,98.46
2022-04,97.5,97.54,96.93,97.04,96.57,98.21,100.38,93.64,98.23,97.24,94.64,98.3,97.26,97.92,95.8,97.51,97.3,96.75,96.23,97.52,96.77,100.04,98.86,97.31,96.91,93.62,99.07,97.54,96.63,98.29,98.34,95.89,97.01,99.29,97.22,101.01,95.62,97.58,96.91,103.01,97.38,98.41,100.11,96.96,96.03,97.81
2022-05,97.38,97.16,96.49,96.31,95.21,97.23,99.99,93.13,98.16,96.72,93.89,97.87,96.97,97.55,95.49,97.35,97.17,96.6,95.81,96.99,96.09,99.4,98.69,96.61,95.33,92.14,98.77,96.96,96.24,98.2,98.4,95.11,96.61,98.85,96.83,101.44,93.65,97.04,97.57,102.77,96.94,98.39,99.92,96.48,95.63,97.4
2022-06,97.22,96.79,96.14,95.96,94.76,96.41,99.29,92.94,98.11,96.45,93.47,97.45,96.78,97.21,95.18,97.13,97.09,96.57,95.1,96.51,95.54,98.77,98.61,95.86,93.86,91.2,98.34,96.3,96,98.09,98.64,94.77,96.21,98.44,96.47,101.63,93.07,96.67,98.33,102.14,96.7,97.76,99.77,96.03,95.92,96.95
2022-07,97.09,96.58,95.89,95.84,94.62,95.73,98.58,93.51,97.93,96.36,93.14,96.95,96.75,96.9,94.76,96.93,97.01,96.56,94.45,96.02,95.11,98.18,98.3,95,92.79,91.86,97.97,95.67,95.89,97.92,99.01,94.53,96.18,98.16,96.32,101.57,92.97,96.65,98.4,101.4,96.79,97.32,99.71,95.62,96.56,96.64
2022-08,97.09,96.59,95.76,95.88,94.57,95.19,98.34,94.39,97.58,96.27,92.61,96.56,96.83,96.91,94.12,96.61,97.01,96.36,94.4,95.85,94.74,97.65,97.88,94.24,91.98,92.03,97.72,95.35,95.97,97.69,99.53,94.63,96.44,98.01,96.37,101.42,92.94,96.89,98.21,100.98,97.01,97.43,99.81,95.42,97.15,96.63
2022-09,97,96.61,95.68,95.91,94.52,94.83,98.32,95.13,97.11,95.94,92.18,96.23,96.78,97.06,93.68,96.31,97.03,95.95,94.62,95.87,94.3,97.32,97.63,93.5,91.45,91.89,97.5,95.26,95.91,97.44,100,94.85,96.66,97.99,96.4,101.22,92.92,97.32,97.5,100.96,97.1,97.64,100.14,95.26,97.39,96.66
2022-10,96.89,96.71,95.86,95.97,94.47,94.67,98.25,95.77,97.11,95.78,92.28,96.28,96.88,97.59,93.99,96.4,97.04,95.62,95.07,96.02,94.19,97.18,97.62,93.24,91.8,91.76,97.87,95.47,95.92,97.27,100.14,94.93,96.77,97.93,96.49,101.15,92.89,97.88,96.62,101.24,96.9,98.07,100.61,95.5,97.44,96.93
2022-11,96.85,96.89,96.25,96.13,94.56,94.78,98.21,96.14,97.59,96.11,92.71,96.69,97,98.52,94.89,96.78,97.36,95.52,95.76,96.23,94.35,97.25,97.8,93.46,92.33,91.28,98.73,95.84,96.22,97.28,100.06,94.93,96.84,97.78,96.64,101.15,93.04,98.38,95.93,101.8,96.53,98.42,101.13,96.08,97.52,97.24
2022-12,96.94,97.16,96.67,96.45,94.98,95.26,98.32,96.45,98.23,96.58,93.11,97.26,96.94,99.16,95.96,97.28,97.83,95.66,96.47,96.49,94.76,97.45,98.11,93.72,92.87,91.08,99.54,96.22,96.82,97.33,99.99,94.88,97.05,97.77,96.89,101.22,93.59,98.57,95.55,102.5,96.22,98.3,101.62,96.66,97.8,97.66
2023-01,97.1,97.47,97.07,96.84,95.52,95.9,98.44,97.05,98.79,97.05,93.55,97.83,96.86,99.44,96.93,97.73,98.22,95.95,97,96.83,95.56,97.75,98.35,94.05,93.68,91.56,100.26,96.27,97.63,97.52,99.86,95.04,97.34,97.8,97.16,101.32,94.33,98.21,95.2,103.2,96.1,98.03,102.01,97.14,98.21,98
2023-02,97.36,97.72,97.47,97.15,95.93,96.45,98.57,97.79,99.16,97.41,94.37,98.29,96.83,99.67,97.39,98.17,98.35,96.32,97.24,97.06,96.27,98.14,98.37,94.47,94.52,92.72,100.9,96.38,98.18,97.83,99.79,95.37,97.45,97.72,97.38,101.41,94.83,97.57,95.05,103.59,96.15,98.01,102.2,97.49,98.64,
2023-03,97.76,97.9,97.85,97.23,95.9,96.73,98.82,98.52,99.3,97.77,95.28,98.58,96.98,99.84,97.55,98.41,98.6,96.68,97.33,97.14,96.85,98.52,98.6,94.89,94.85,93.85,101.38,96.66,98.25,98.29,99.89,95.61,97.34,97.75,97.52,101.52,94.66,96.96,95.08,103.66,96.29,97.91,102.1,97.72,99,
2023-04,98.14,98.11,98.29,97.18,95.44,96.84,99.21,99.47,99.35,98.19,96.33,98.87,97.34,99.85,97.42,98.44,98.94,97.11,97.7,97.17,97.36,98.68,99.24,95.46,94.77,94.68,101.62,96.9,98.3,98.75,100.06,95.72,97.25,97.87,97.66,101.64,93.89,96.6,95.37,103.68,96.48,97.88,101.9,97.95,99.32,
2023-05,98.4,98.3,98.63,97.17,95.11,96.91,99.64,99.75,99.31,98.59,97.2,99,97.8,99.76,97.61,98.34,99.56,97.61,98.23,97.23,97.57,98.7,100.05,95.98,94.5,95.47,101.58,96.94,98.36,99.16,100.39,95.93,97.25,97.78,97.8,101.72,93.33,96.46,95.95,103.91,96.67,97.84,101.81,98.16,99.61,
2023-06,98.53,98.49,98.73,97.21,94.89,96.99,100.02,98.74,99.4,98.85,97.68,98.98,98.23,99.73,97.78,98.31,100.03,98.09,98.94,97.37,97.65,98.8,100.54,96.21,94.42,95.94,101.47,96.78,98.52,99.62,100.85,96.2,97.55,97.73,98.02,101.69,92.96,96.54,96.52,104.36,96.79,97.71,102,98.39,,
2023-07,98.57,98.59,98.61,97.26,94.81,97.04,100.26,96.99,99.56,98.91,97.71,98.88,98.43,99.65,97.63,98.36,100.07,98.35,99.4,97.44,97.58,98.9,100.84,96.07,94.31,96.66,101.6,96.73,98.8,99.94,101.27,96.35,97.91,97.75,98.2,101.59,92.84,96.85,96.68,104.87,96.78,97.74,102.38,,,
2023-08,98.48,98.5,98.36,97.22,94.82,96.93,100.24,95.26,99.63,98.82,97.9,98.72,98.37,99.52,97.61,98.45,99.54,98.26,99.12,97.36,97.34,99.03,100.89,95.72,94.13,97.1,101.81,96.71,98.87,100.09,101.51,96.31,97.99,97.78,98.2,101.5,92.88,97.28,96.64,105.27,96.7,97.62,102.82,,,
2023-09,98.35,98.33,98.13,97.14,94.86,96.56,99.99,94.77,99.6,98.66,97.86,98.6,98.17,99.25,97.37,98.48,98.79,97.9,98.47,97.2,96.77,99.08,100.85,95.45,93.77,97.37,102.1,96.72,98.75,100.12,101.5,96.17,97.83,97.81,98.04,101.36,93,97.76,96.59,105.55,96.58,,,,,
2023-10,98.27,98.09,97.9,96.9,,96.02,99.69,94.95,99.55,98.54,97.22,98.52,97.93,98.85,97.09,98.48,98.17,97.52,97.92,97.11,96.2,99.2,100.8,95.29,93.15,96.87,102.19,96.75,98.72,100.07,101.27,95.88,97.53,97.89,97.76,,,,,,,,,,,
