指标,本币/美元汇率指数(基年=100)_平均值,本币/美元汇率指数(基年=100)_平均值,本币/美元汇率指数(基年=100)_平均值,本币/美元汇率指数(基年=100)_平均值,本币/美元汇率指数(基年=100)_平均值,本币/美元汇率指数(基年=100)_平均值,本币/美元汇率指数(基年=100)_平均值,本币/美元汇率指数(基年=100)_平均值,本币/美元汇率指数(基年=100)_平均值,本币/美元汇率指数(基年=100)_平均值,本币/美元汇率指数(基年=100)_平均值,本币/美元汇率指数(基年=100)_平均值,本币/美元汇率指数(基年=100)_平均值,本币/美元汇率指数(基年=100)_平均值,本币/美元汇率指数(基年=100)_平均值,本币/美元汇率指数(基年=100)_平均值,本币/美元汇率指数(基年=100)_平均值,本币/美元汇率指数(基年=100)_平均值,本币/美元汇率指数(基年=100)_平均值,本币/美元汇率指数(基年=100)_平均值,本币/美元汇率指数(基年=100)_平均值,本币/美元汇率指数(基年=100)_平均值,本币/美元汇率指数(基年=100)_平均值,本币/美元汇率指数(基年=100)_平均值,本币/美元汇率指数(基年=100)_平均值,本币/美元汇率指数(基年=100)_平均值,本币/美元汇率指数(基年=100)_平均值,本币/美元汇率指数(基年=100)_平均值,本币/美元汇率指数(基年=100)_平均值,本币/美元汇率指数(基年=100)_平均值,本币/美元汇率指数(基年=100)_平均值,本币/美元汇率指数(基年=100)_平均值,本币/美元汇率指数(基年=100)_平均值,本币/美元汇率指数(基年=100)_平均值,本币/美元汇率指数(基年=100)_平均值,本币/美元汇率指数(基年=100)_平均值,本币/美元汇率指数(基年=100)_平均值,本币/美元汇率指数(基年=100)_平均值,本币/美元汇率指数(基年=100)_平均值,本币/美元汇率指数(基年=100)_平均值,本币/美元汇率指数(基年=100)_平均值,本币/美元汇率指数(基年=100)_平均值,本币/美元汇率指数(基年=100)_平均值,本币/美元汇率指数(基年=100)_平均值,本币/美元汇率指数(基年=100)_平均值,本币/美元汇率指数(基年=100)_平均值,本币/美元汇率指数(基年=100)_平均值,本币/美元汇率指数(基年=100)_平均值,本币/美元汇率指数(基年=100)_平均值,本币/美元汇率指数(基年=100)_平均值,本币/美元汇率指数(基年=100)_平均值,本币/美元汇率指数(基年=100)_平均值,本币/美元汇率指数(基年=100)_平均值,本币/美元汇率指数(基年=100)_平均值,本币/美元汇率指数(基年=100)_平均值,本币/美元汇率指数(基年=100)_平均值,本币/美元汇率指数(基年=100)_平均值
地区,日本,韩国,韩国,土耳其,土耳其,比利时,比利时,丹麦,丹麦,英国,英国,德国,德国,法国,法国,爱尔兰,爱尔兰,意大利,意大利,卢森堡,卢森堡,荷兰,荷兰,希腊,希腊,葡萄牙,葡萄牙,西班牙,西班牙,奥地利,奥地利,芬兰,芬兰,匈牙利,匈牙利,冰岛,冰岛,挪威,挪威,波兰,波兰,瑞典,瑞典,瑞士,瑞士,捷克,捷克,斯洛伐克,斯洛伐克,墨西哥,墨西哥,加拿大,澳大利亚,澳大利亚,新西兰,新西兰,欧元区
频度,月,月,季,月,季,月,季,月,季,月,季,月,季,月,季,月,季,月,季,月,季,月,季,月,季,月,季,月,季,月,季,月,季,月,季,月,季,月,季,月,季,月,季,月,季,月,季,月,季,月,季,月,月,季,月,季,月
2001-01,96.56,112.46,,24.64,,118.15,,118.23,,103.42,,118.15,,118.15,,118.15,,118.15,,118.15,,118.15,,118.15,,118.15,,118.15,,118.15,,118.15,,101.11,,64.4,,108.81,,109.16,,112.29,,169.28,,152.24,,171.35,,61.48,,117.56,135.42,,157.14,,118.15
2001-02,96,110.61,,27.65,,120.4,,120.38,,105.18,,120.4,,120.4,,120.4,,120.4,,120.4,,120.4,,120.4,,120.4,,120.4,,120.4,,120.4,,103.3,,65.17,,110.5,,108.52,,115.59,,173.29,,152.94,,174.48,,61.07,,119.15,140.6,,160.42,,120.4
2001-03,100,113.97,112.35,35.22,29.17,122.14,120.23,121.45,120.02,105.81,104.8,122.14,120.23,122.14,120.23,122.14,120.23,122.14,120.23,122.14,120.23,122.14,120.23,122.14,120.23,122.14,120.23,122.14,120.23,122.14,120.23,122.14,120.23,104.8,103.07,66.33,65.3,111.26,110.19,107.67,108.45,119.29,115.72,175.7,172.76,154.36,153.18,176.57,174.13,60.41,60.98,121.91,149.39,141.81,166.71,161.42,122.14
2001-04,102.3,117.41,,44.6,,124.12,,124.36,,106.42,,124.12,,124.12,,124.12,,124.12,,124.12,,124.12,,124.12,,124.12,,124.12,,124.12,,124.12,,107.15,,70.74,,112.61,,106.76,,120.87,,177.84,,157.43,,179.37,,58.81,,121.9,150.07,,171.73,,124.12
2001-05,100.78,114.68,,41.84,,126.85,,126.79,,107.08,,126.85,,126.85,,126.85,,126.85,,126.85,,126.85,,126.85,,126.85,,126.85,,126.85,,126.85,,105.86,,76.25,,113.42,,105.64,,122.79,,182.19,,159.6,,181.62,,57.93,,120.56,144.48,,165.46,,126.85
2001-06,100.99,114.38,115.49,44.76,43.73,129.89,126.95,129.85,127,108.92,107.47,129.89,126.95,129.89,126.95,129.89,126.95,129.89,126.95,129.89,126.95,129.89,126.95,129.89,126.95,129.89,126.95,129.89,126.95,129.89,126.95,129.89,126.95,103.87,105.63,79.35,75.45,115.29,113.77,105.3,105.9,128.05,123.9,185.41,181.81,161.83,159.62,184.69,181.89,57.36,58.03,119.26,145.06,146.54,168.29,168.49,129.89
2001-07,103.03,115.16,,48.61,,128.78,,128.58,,107.95,,128.78,,128.78,,128.78,,128.78,,128.78,,128.78,,128.78,,128.78,,128.78,,128.78,,128.78,,103.57,,77.41,,114.83,,111.34,,127.58,,182.57,,160.1,,182.47,,57.67,,119.64,147.48,,170.87,,128.78
2001-08,100.51,113.34,,51.41,,122.98,,123.05,,106.24,,122.98,,122.98,,122.98,,122.98,,122.98,,122.98,,122.98,,122.98,,122.98,,122.98,,122.98,,99.83,,74.67,,110.93,,112.74,,122.57,,174.53,,153.7,,176.71,,57.8,,120.39,143.51,,161.87,,122.98
2001-09,98.24,114.43,114.31,54.11,51.38,121.56,124.44,121.39,124.34,104.29,106.16,121.56,124.44,121.56,124.44,121.56,124.44,121.56,124.44,121.56,124.44,121.56,124.44,121.56,124.44,121.56,124.44,121.56,124.44,121.56,124.44,121.56,124.44,100.37,101.26,75.85,75.98,108.72,111.49,111.93,112,125.88,125.35,169.8,175.64,152.19,155.33,175.98,178.39,59.16,58.21,122.56,148.66,146.55,166.68,166.47,121.56
2001-10,100.3,115.19,,59,,122.45,,122.06,,105.26,,122.45,,122.45,,122.45,,122.45,,122.45,,122.45,,122.45,,122.45,,122.45,,122.45,,122.45,,100.83,,77.73,,109.46,,109.74,,125.59,,169.76,,150.65,,177.1,,58.93,,122.88,149.01,,168.49,,122.45
2001-11,101.08,113.32,,56.02,,124.88,,124.63,,106.41,,124.88,,124.88,,124.88,,124.88,,124.88,,124.88,,124.88,,124.88,,124.88,,124.88,,124.88,,101.31,,81.35,,110.57,,108.6,,125.75,,171.42,,152.34,,178.72,,58.07,,124.4,145.36,,167.59,,124.88
2001-12,104.98,113.78,114.1,53.44,56.15,124.23,123.85,123.89,123.53,105.99,105.88,124.23,123.85,124.23,123.85,124.23,123.85,124.23,123.85,124.23,123.85,124.23,123.85,124.23,123.85,124.23,123.85,124.23,123.85,124.23,123.85,124.23,123.85,99.35,100.5,79.36,79.48,111.11,110.38,106.67,108.34,125.51,125.62,171.75,170.98,148.19,150.39,177.61,177.81,57.7,58.23,123.37,146,146.79,167.48,167.85,124.23
2002-01,109.75,116.4,,50.49,,125.68,,125.06,,106.71,,125.68,,125.68,,125.68,,125.68,,125.68,,125.68,,125.68,,125.68,,125.68,,125.68,,125.68,,98.81,,77.66,,111.12,,107.76,,124.08,,173.64,,147.19,,176.98,,57.72,,125.1,145.34,,164.41,,125.68
2002-02,110.29,116.67,,49.95,,127.41,,126.97,,107.33,,127.41,,127.41,,127.41,,127.41,,127.41,,127.41,,127.41,,127.41,,127.41,,127.41,,127.41,,100.21,,76.8,,110.95,,111.17,,125.15,,176.35,,148.54,,178.87,,57.32,,124.88,146.57,,166.65,,127.41
2002-03,108.46,116.87,116.65,49.99,50.14,126.55,126.54,126.05,126.02,107.33,107.12,126.55,126.54,126.55,126.54,126.55,126.54,126.55,126.54,126.55,126.54,126.55,126.54,126.55,126.54,126.55,126.54,126.55,126.54,126.55,126.54,126.55,126.54,99.93,99.65,76.06,76.84,109.27,110.45,109.81,109.58,122.56,123.93,173.99,174.66,145.62,147.12,176.32,177.39,57.1,57.38,124.08,143.08,145,161.28,164.11,126.55
2002-04,108.07,116.47,,48.63,,125.1,,124.69,,105.84,,125.1,,125.1,,125.1,,125.1,,125.1,,125.1,,125.1,,125.1,,125.1,,125.1,,125.1,,98.03,,73.75,,106.81,,107.78,,122.25,,171.71,,139.59,,173.54,,57.71,,123.67,140.32,,158.08,,125.1
2002-05,104.41,111.66,,51.34,,120.82,,120.43,,104.66,,120.82,,120.82,,120.82,,120.82,,120.82,,120.82,,120.82,,120.82,,120.82,,120.82,,120.82,,95.21,,69.73,,101.77,,107.28,,119.19,,164.92,,135.54,,172.69,,59.89,,121.27,136.71,,151.37,,120.82
2002-06,101.86,108.06,112.06,56.16,52.04,115.97,120.63,115.57,120.23,102.88,104.46,115.97,120.63,115.97,120.63,115.97,120.63,115.97,120.63,115.97,120.63,115.97,120.63,115.97,120.63,115.97,120.63,115.97,120.63,115.97,120.63,115.97,120.63,91.13,94.79,67.7,70.39,96.12,101.57,106.84,107.3,113.01,118.15,159.88,165.5,129.38,134.84,171.39,172.54,61.51,59.7,119.77,132.1,136.37,142.6,150.69,115.97
2002-07,97.53,104.67,,60.89,,111.86,,111.33,,98.15,,111.86,,111.86,,111.86,,111.86,,111.86,,111.86,,111.86,,111.86,,111.86,,111.86,,111.86,,88.82,,64.87,,92.62,,109.15,,110.85,,153.12,,121.56,,164.85,,61.57,,120.88,135.72,,144.87,,111.86
2002-08,98.33,105.76,,60.36,,113.42,,112.91,,99.39,,113.42,,113.42,,113.42,,113.42,,113.42,,113.42,,113.42,,113.42,,113.42,,113.42,,113.42,,89.85,,65.29,,94.23,,110.8,,112.21,,155.55,,128,,165.74,,61.98,,122.73,138.75,,150.34,,113.42
2002-09,99.86,106.92,105.78,60.76,60.67,113.03,112.77,112.55,112.27,98.16,98.56,113.03,112.77,113.03,112.77,113.03,112.77,113.03,112.77,113.03,112.77,113.03,112.77,113.03,112.77,113.03,112.77,113.03,112.77,113.03,112.77,113.03,112.77,89.09,89.26,66.35,65.5,93.01,93.29,110.07,110.01,110.85,111.3,155.05,154.57,125.34,124.97,161.43,164.01,63.41,62.32,123.19,137.49,137.32,148.08,147.77,113.03
2002-10,102.4,109.55,,60.82,,112.99,,112.54,,98.1,,112.99,,112.99,,112.99,,112.99,,112.99,,112.99,,112.99,,112.99,,112.99,,112.99,,112.99,,88.86,,66.5,,92.76,,109.42,,110.03,,155.05,,126.99,,156.92,,63.53,,123.44,136.66,,144.9,,112.99
2002-11,100.37,107.14,,59.11,,110.75,,110.28,,97.23,,110.75,,110.75,,110.75,,110.75,,110.75,,110.75,,110.75,,110.75,,110.75,,110.75,,110.75,,85.24,,65.26,,90.67,,104.88,,107.49,,152.27,,124.8,,152.64,,64.19,,122.94,133.98,,140.48,,110.75
2002-12,100.83,106.83,107.84,57.99,59.31,108.9,110.88,108.4,110.41,96.31,97.22,108.9,110.88,108.9,110.88,108.9,110.88,108.9,110.88,108.9,110.88,108.9,110.88,108.9,110.88,108.9,110.88,108.9,110.88,108.9,110.88,108.9,110.88,83.21,85.77,63.28,65.01,88.93,90.79,104.15,106.15,106.21,107.91,149.7,152.34,124.63,125.47,151.48,153.68,64.34,64.02,121.94,133.5,134.71,136.93,140.77,108.9
2003-01,98.18,104.11,,61.08,,104.32,,103.81,,94.41,,104.32,,104.32,,104.32,,104.32,,104.32,,104.32,,104.32,,104.32,,104.32,,104.32,,104.32,,81.24,,60.28,,85.59,,101.6,,102.38,,142.89,,120.56,,144.54,,66.89,,120.47,128.98,,129.14,,104.32
2003-02,98.7,105.34,,59.91,,102.9,,102.5,,95.04,,102.9,,102.9,,102.9,,102.9,,102.9,,102.9,,102.9,,102.9,,102.9,,102.9,,102.9,,81.47,,58.9,,86.75,,102.5,,100.69,,141.39,,119.39,,143.44,,68.9,,118.28,126.33,,125.89,,102.9
2003-03,98.06,109.37,106.28,61.08,60.69,102.78,103.33,102.35,102.89,96.52,95.32,102.78,103.33,102.78,103.33,102.78,103.33,102.78,103.33,102.78,103.33,102.78,103.33,102.78,103.33,102.78,103.33,102.78,103.33,102.78,103.33,102.78,103.33,81.5,81.41,59.17,59.45,90.05,87.46,106.33,103.48,101.36,101.48,141.49,141.92,119.62,119.86,142.37,143.45,68.81,68.2,115.41,124.83,126.71,125.99,127,102.78
2003-04,99.08,107.98,,59.84,,102.05,,101.57,,97.01,,102.05,,102.05,,102.05,,102.05,,102.05,,102.05,,102.05,,102.05,,102.05,,102.05,,102.05,,81.03,,58.32,,89.4,,105.08,,99.95,,143.12,,118.54,,139.5,,66.69,,113.99,123.22,,126.41,,102.05
2003-05,97,106.16,,54.8,,95.88,,95.43,,94.18,,95.88,,95.88,,95.88,,95.88,,95.88,,95.88,,95.88,,95.88,,95.88,,95.88,,95.88,,76.09,,55.38,,84.44,,99.28,,93.82,,136.07,,110.4,,131.04,,64.64,,108.2,116.06,,121.25,,95.88
2003-06,97.8,105.51,106.55,52.4,55.68,95.06,97.66,94.61,97.2,92.01,94.4,95.06,97.66,95.06,97.66,95.06,97.66,95.06,97.66,95.06,97.66,95.06,97.66,95.06,97.66,95.06,97.66,95.06,97.66,95.06,97.66,95.06,97.66,80.05,79.06,56.08,56.59,86.78,86.87,100.83,101.73,92.66,95.48,137.1,138.77,109.73,112.89,130.69,133.74,66.16,65.83,105.75,113.1,117.46,120.13,122.6,95.06
2003-07,98.04,104.37,,51.54,,97.58,,97.22,,94.14,,97.58,,97.58,,97.58,,97.58,,97.58,,97.58,,97.58,,97.58,,97.58,,97.58,,97.58,,82.96,,58.49,,90.36,,103.38,,95.95,,141.33,,113.83,,135.25,,65.85,,107.95,113.51,,118.92,,97.58
2003-08,98.11,104.15,,51.59,,99.5,,99.14,,95.87,,99.5,,99.5,,99.5,,99.5,,99.5,,99.5,,99.5,,99.5,,99.5,,99.5,,99.5,,83.28,,60.45,,91.98,,103.76,,98.27,,143.56,,117.6,,138.05,,67.92,,109.13,115.45,,119.86,,99.5
2003-09,95,102.98,103.83,50.57,51.23,98.57,98.55,98.1,98.15,94.71,94.91,98.57,98.55,98.57,98.55,98.57,98.55,98.57,98.55,98.57,98.55,98.57,98.55,98.57,98.55,98.57,98.55,98.57,98.55,98.57,98.55,98.57,98.55,81.56,82.6,60.03,59.66,90.53,90.95,105.43,104.19,95.54,96.59,142.8,142.56,117.29,116.24,136.67,136.66,68.81,67.52,106.66,113.52,114.16,119.55,119.44,98.57
2003-10,90.49,103.19,,52.59,,94.81,,94.43,,91.06,,94.81,,94.81,,94.81,,94.81,,94.81,,94.81,,94.81,,94.81,,94.81,,94.81,,94.81,,78.18,,57.81,,87.25,,103.96,,91.37,,137.53,,111.12,,129.88,,70.32,,103.48,108.39,,116.08,,94.81
2003-11,90.22,104.78,,54.08,,94.67,,94.39,,90.41,,94.67,,94.67,,94.67,,94.67,,94.67,,94.67,,94.67,,94.67,,94.67,,94.67,,94.67,,79.41,,57.48,,86.89,,104.78,,91.05,,138.28,,111.19,,129.74,,70.18,,102.63,104.87,,110.96,,94.67
2003-12,89.09,105.34,104.44,52.68,53.12,90.2,93.23,89.96,92.93,87.24,89.57,90.2,93.23,90.2,93.23,90.2,93.23,90.2,93.23,90.2,93.23,90.2,93.23,90.2,93.23,90.2,93.23,90.2,93.23,90.2,93.23,90.2,93.23,77.28,78.29,55.38,56.89,83.16,85.76,100.68,103.14,86.97,89.8,131.36,135.72,107.14,109.82,123.74,127.79,70.86,70.45,102.65,101.68,104.98,107.86,111.63,90.2
2004-01,87.85,104.57,,49.51,,87.94,,87.8,,83.75,,87.94,,87.94,,87.94,,87.94,,87.94,,87.94,,87.94,,87.94,,87.94,,87.94,,87.94,,74.97,,52.72,,84.4,,98.79,,85.95,,129,,105.27,,118.91,,68.82,,101.39,97.43,,103.68,,87.94
2004-02,88.14,103.03,,48.84,,87.79,,87.68,,81.79,,87.79,,87.79,,87.79,,87.79,,87.79,,87.79,,87.79,,87.79,,87.79,,87.79,,87.79,,74.46,,51.94,,85.98,,101.65,,86.2,,129.4,,105.7,,118.14,,69.45,,103.94,96.49,,100.82,,87.79
2004-03,89.68,102.94,103.52,48.47,48.94,90.47,88.74,90.33,88.61,83.59,83.04,90.47,88.74,90.47,88.74,90.47,88.74,90.47,88.74,90.47,88.74,90.47,88.74,90.47,88.74,90.47,88.74,90.47,88.74,90.47,88.74,90.47,88.74,73.96,74.46,53.87,52.84,86.4,85.59,102.99,101.15,89.42,87.19,132.74,130.38,109.17,106.71,121.25,119.43,69.36,69.21,103.89,100.35,98.09,105.45,103.32,90.47
2004-04,88.94,101.79,,49.94,,92.46,,92.25,,84.66,,92.46,,92.46,,92.46,,92.46,,92.46,,92.46,,92.46,,92.46,,92.46,,92.46,,92.46,,74.53,,55.36,,85.83,,105.09,,90.69,,134.88,,110.11,,123.11,,70.94,,104.92,100.94,,108.77,,92.46
2004-05,92.64,103.99,,55.49,,92.34,,92.09,,85.42,,92.34,,92.34,,92.34,,92.34,,92.34,,92.34,,92.34,,92.34,,92.34,,92.34,,92.34,,75.41,,55.56,,84.72,,104.31,,90.17,,133.18,,108.43,,123.35,,72.46,,107.75,106.57,,113.04,,92.34
2004-06,90.47,102.4,102.73,54.85,53.43,91.32,92.04,91,91.78,83.52,84.53,91.32,92.04,91.32,92.04,91.32,92.04,91.32,92.04,91.32,92.04,91.32,92.04,91.32,92.04,91.32,92.04,91.32,92.04,91.32,92.04,91.32,92.04,74.57,74.84,54.71,55.21,84.53,85.03,100.2,103.2,89.3,90.05,129.86,132.64,105.87,108.14,121.1,122.52,71.68,71.69,106.24,108.06,105.19,110.85,110.89,91.32
2004-07,90.46,102.32,,53.48,,90.46,,90.16,,82.87,,90.46,,90.46,,90.46,,90.46,,90.46,,90.46,,90.46,,90.46,,90.46,,90.46,,90.46,,72.98,,54.22,,85.72,,96.64,,89,,129.44,,104.73,,119.72,,72.23,,103.45,104.92,,107.97,,90.46
2004-08,91.12,102.32,,54.35,,91,,90.7,,83.99,,91,,91,,91,,91,,91,,91,,91,,91,,91,,91,,91,,73.12,,54.23,,84.82,,96.36,,89.42,,131.18,,105.56,,121.29,,71.75,,102.7,105.74,,106.66,,91
2004-09,90.96,101.42,102.02,55,54.28,90.73,90.73,90.48,90.45,85.23,84.03,90.73,90.73,90.73,90.73,90.73,90.73,90.73,90.73,90.73,90.73,90.73,90.73,90.73,90.73,90.73,90.73,90.73,90.73,90.73,90.73,90.73,90.73,72.6,72.9,54.38,54.28,84.88,85.14,95.05,96.02,88.16,88.86,131.17,130.6,105.18,105.16,120.87,120.63,72.37,72.11,100.72,107.12,105.93,105.94,106.86,90.73
2004-10,89.9,100.91,,54.45,,88.87,,88.43,,84.51,,88.87,,88.87,,88.87,,88.87,,88.87,,88.87,,88.87,,88.87,,88.87,,88.87,,88.87,,70.7,,53.19,,81.73,,91.77,,85.92,,128.16,,102.51,,118.13,,71.79,,97.59,102.49,,102.08,,88.87
2004-11,86.53,96.16,,53.01,,85.35,,85.01,,82.12,,85.35,,85.35,,85.35,,85.35,,85.35,,85.35,,85.35,,85.35,,85.35,,85.35,,85.35,,67.77,,50.87,,77.75,,87.15,,82.15,,121.62,,98.17,,112.43,,71.61,,93.55,97.57,,99.67,,85.35
2004-12,85.82,92.87,96.65,51.03,52.83,82.69,85.64,82.4,85.28,79.17,81.93,82.69,85.64,82.69,85.64,82.69,85.64,82.69,85.64,82.69,85.64,82.69,85.64,82.69,85.64,82.69,85.64,82.69,85.64,82.69,85.64,82.69,85.64,65.76,68.08,47.55,50.54,76.09,78.52,81.98,86.97,79.39,82.49,119.02,122.93,93.04,97.91,107.06,112.54,70.53,71.31,95.28,97.91,99.32,97.63,99.79,82.69
2005-01,85.42,91.8,,49.52,,84.62,,84.39,,81.34,,84.62,,84.62,,84.62,,84.62,,84.62,,84.62,,84.62,,84.62,,84.62,,84.62,,84.62,,67.18,,47.5,,77.56,,82.29,,81.96,,122.62,,93.79,,108.07,,70.88,,95.82,98.11,,98.85,,84.62
2005-02,86.77,90.26,,48.02,,85.16,,84.96,,80.9,,85.16,,85.16,,85.16,,85.16,,85.16,,85.16,,85.16,,85.16,,85.16,,85.16,,85.16,,67.16,,47.02,,79.17,,81.36,,82.72,,123.62,,93.75,,107.74,,70.14,,96.84,96.27,,97.52,,85.16
2005-03,87,89.11,90.39,48.03,48.52,84.18,84.65,84.02,84.45,80.26,80.83,84.18,84.65,84.18,84.65,84.18,84.65,84.18,84.65,84.18,84.65,84.18,84.65,84.18,84.65,84.18,84.65,84.18,84.65,84.18,84.65,84.18,84.65,66.51,66.95,45.59,46.7,77.04,77.92,80.91,81.52,81.87,82.19,122.21,122.82,91.86,93.13,106.36,107.39,70.05,70.36,95.08,95.74,96.71,95.66,97.34,84.18
2005-04,88.64,89.25,,49.76,,85.72,,85.6,,80.57,,85.72,,85.72,,85.72,,85.72,,85.72,,85.72,,85.72,,85.72,,85.72,,85.72,,85.72,,68.59,,47.25,,78.34,,85.01,,84.04,,124.2,,94.64,,111.39,,70.03,,96.74,97.23,,96.83,,85.72
2005-05,88.12,88.53,,50.09,,87.47,,87.28,,82.44,,87.47,,87.47,,87.47,,87.47,,87.47,,87.47,,87.47,,87.47,,87.47,,87.47,,87.47,,71.03,,49.19,,78.88,,87.37,,85.99,,126.6,,96.78,,112.94,,69.12,,98.09,98.14,,97.01,,87.47
2005-06,89.84,89.46,89.08,49.71,49.85,91.25,88.15,91.07,87.99,84.06,82.35,91.25,88.15,91.25,88.15,91.25,88.15,91.25,88.15,91.25,88.15,91.25,88.15,91.25,88.15,91.25,88.15,91.25,88.15,91.25,88.15,91.25,88.15,73.35,70.99,49.39,48.61,80.47,79.23,88.58,86.99,90.48,86.84,131.68,127.49,100.45,97.29,116.51,113.61,68.18,69.11,97.03,97.98,97.78,98.51,97.45,91.25
2005-07,92.52,91.65,,49.04,,92.07,,92.05,,87.22,,92.07,,92.07,,92.07,,92.07,,92.07,,92.07,,92.07,,92.07,,92.07,,92.07,,92.07,,73.28,,49.37,,81.59,,90.28,,92.82,,134.41,,101.89,,118.64,,67.31,,96.01,99.96,,102.78,,92.07
2005-08,91.44,90.23,,49.2,,90.23,,90.19,,85.14,,90.23,,90.23,,90.23,,90.23,,90.23,,90.23,,90.23,,90.23,,90.23,,90.23,,90.23,,71.17,,48.33,,79.82,,87.16,,90.07,,131.2,,97.83,,115.97,,67.28,,94.27,98.75,,100.3,,90.23
2005-09,91.82,91.27,91.05,49,49.08,90.6,90.97,90.57,90.94,84.53,85.63,90.6,90.97,90.6,90.97,90.6,90.97,90.6,90.97,90.6,90.97,90.6,90.97,90.6,90.97,90.6,90.97,90.6,90.97,90.6,90.97,90.6,90.97,71.85,72.1,47.09,48.26,79.05,80.15,84.75,87.4,90.41,91.1,131.51,132.38,97.24,98.99,115.45,116.69,67.87,67.49,92.15,98.19,98.97,99.73,100.94,90.6
2005-10,94.91,92.45,,49.62,,92.22,,92.24,,86.56,,92.22,,92.22,,92.22,,92.22,,92.22,,92.22,,92.22,,92.22,,92.22,,92.22,,92.22,,75,,46.24,,80.84,,86.53,,92.99,,133.77,,100.38,,119.15,,68.22,,92.16,99.75,,99.91,,92.22
2005-11,97.9,91.99,,49.69,,94.06,,94.04,,88.05,,94.06,,94.06,,94.06,,94.06,,94.06,,94.06,,94.06,,94.06,,94.06,,94.06,,94.06,,76.2,,46.9,,82.3,,89.22,,96.24,,136.13,,100.86,,120.81,,67.17,,92.41,102.26,,101.11,,94.06
2005-12,97.83,90.39,91.61,49.41,49.57,93.54,93.27,93.47,93.25,87.54,87.38,93.54,93.27,93.54,93.27,93.54,93.27,93.54,93.27,93.54,93.27,93.54,93.27,93.54,93.27,93.54,93.27,93.54,93.27,93.54,93.27,93.54,93.27,76.26,75.82,48.17,47.1,83.43,82.19,85.87,87.21,94.39,94.54,135.67,135.19,99.39,100.21,117.58,119.18,66.95,67.45,90.91,101.31,101.11,100.54,100.52,93.54
2006-01,95.43,86.8,,48.73,,91.54,,91.56,,86.5,,91.54,,91.54,,91.54,,91.54,,91.54,,91.54,,91.54,,91.54,,91.54,,91.54,,91.54,,74.13,,46.61,,82.26,,83.62,,91.12,,132.83,,96.32,,114.26,,66.47,,90.52,100.16,,101.39,,91.54
2006-02,97.43,85.76,,48.46,,92.91,,92.97,,87.42,,92.91,,92.91,,92.91,,92.91,,92.91,,92.91,,92.91,,92.91,,92.91,,92.91,,92.91,,75.53,,48.67,,83.74,,84.32,,92.84,,135.68,,96.83,,115.25,,66.05,,89.88,101.34,,103.62,,92.91
2006-03,96.93,86.19,86.25,48.85,48.68,92.21,92.22,92.22,92.25,87.59,87.17,92.21,92.22,92.21,92.22,92.21,92.22,92.21,92.22,92.21,92.22,92.21,92.22,92.21,92.22,92.21,92.22,92.21,92.22,92.21,92.22,92.21,92.22,77.74,75.8,52.79,49.36,82.25,82.75,85.58,84.51,92.65,92.2,135.55,134.69,96.84,96.66,114.84,114.78,67.75,66.76,90.54,103.43,101.64,110.03,105.01,92.21
2006-04,96.75,84.24,,48.83,,90.32,,90.35,,86.41,,90.32,,90.32,,90.32,,90.32,,90.32,,90.32,,90.32,,90.32,,90.32,,90.32,,90.32,,77.48,,56.72,,79.24,,84.7,,90.07,,133.22,,94.47,,112.44,,69.62,,89.48,101.98,,112.14,,90.32
2006-05,92.36,83.21,,52.43,,86.85,,86.8,,81.72,,86.85,,86.85,,86.85,,86.85,,86.85,,86.85,,86.85,,86.85,,86.85,,86.85,,86.85,,73.62,,54.48,,75.7,,80.86,,86.67,,126.61,,90,,108.48,,69.85,,86.77,98.34,,110.41,,86.85
2006-06,94.76,84.4,83.95,58.66,53.31,87.61,88.26,87.56,88.24,82.9,83.67,87.61,88.26,87.61,88.26,87.61,88.26,87.61,88.26,87.61,88.26,87.61,88.26,87.61,88.26,87.61,88.26,87.61,88.26,87.61,88.26,87.61,88.26,77.12,76.07,56.59,55.93,76.98,77.31,84.43,83.33,86.53,87.76,128.02,129.28,91.15,91.88,110.67,110.53,71.78,70.41,87.16,101.6,100.64,112.75,111.77,87.61
2006-07,95.59,84.07,,56.8,,87.4,,87.39,,82.83,,87.4,,87.4,,87.4,,87.4,,87.4,,87.4,,87.4,,87.4,,87.4,,87.4,,87.4,,78.26,,56.38,,77.64,,83.41,,86.09,,128.45,,91.16,,111.52,,69.21,,88.32,99.92,,113.02,,87.4
2006-08,95.79,84.98,,53.62,,86.59,,86.6,,80.7,,86.59,,86.59,,86.59,,86.59,,86.59,,86.59,,86.59,,86.59,,86.59,,86.59,,86.59,,76.72,,53.39,,77.47,,80.91,,85.28,,128.01,,89.53,,108.35,,68.5,,87.51,98.51,,109.93,,86.59
2006-09,96.85,84.25,84.43,54.15,54.86,87.12,87.04,87.12,87.04,81.03,81.52,87.12,87.04,87.12,87.04,87.12,87.04,87.12,87.04,87.12,87.04,87.12,87.04,87.12,87.04,87.12,87.04,87.12,87.04,87.12,87.04,87.12,87.04,77.23,77.41,53.19,54.32,80.56,78.56,82.7,82.34,86.41,85.93,129.28,128.58,90.66,90.45,108.44,109.44,69.18,68.97,87.31,99.47,99.3,106.54,109.83,87.12
2006-10,98.08,84.3,,53.98,,87.89,,87.84,,81.42,,87.89,,87.89,,87.89,,87.89,,87.89,,87.89,,87.89,,87.89,,87.89,,87.89,,87.89,,75.66,,51.93,,82.6,,81.9,,87.02,,130.9,,91.11,,107.61,,68.64,,88.26,99.66,,105.34,,87.89
2006-11,96.93,82.7,,53.27,,86.06,,86.01,,79.9,,86.06,,86.06,,86.06,,86.06,,86.06,,86.06,,86.06,,86.06,,86.06,,86.06,,86.06,,71.91,,52.45,,79.32,,78.68,,83.75,,128.34,,88.38,,102.79,,68.77,,88.9,97.22,,104.16,,86.06
2006-12,97,81.82,82.94,52.38,53.21,84.05,86,83.99,85.94,77.86,79.73,84.05,86,84.05,86,84.05,86,84.05,86,84.05,86,84.05,86,84.05,86,84.05,86,84.05,86,84.05,86,84.05,86,68.91,72.16,52.74,52.37,76.77,79.56,76.67,79.09,81.23,84,125.8,128.35,85.58,88.36,97.59,102.67,68.39,68.6,90.2,95.69,97.52,100.53,103.34,84.05
2007-01,99.48,82.82,,52.1,,85.33,,85.26,,77.99,,85.33,,85.33,,85.33,,85.33,,85.33,,85.33,,85.33,,85.33,,85.33,,85.33,,85.33,,69.97,,53.11,,78.93,,79.18,,82.87,,129.1,,87.09,,98.29,,68.97,,91.95,95.97,,100.32,,85.33
2007-02,99.56,82.84,,51.06,,84.77,,84.7,,78.01,,84.77,,84.77,,84.77,,84.77,,84.77,,84.77,,84.77,,84.77,,84.77,,84.77,,84.77,,69.33,,51.08,,76.67,,78.97,,83.28,,128.69,,87.78,,97.34,,69.26,,91.58,95.95,,100.49,,84.77
2007-03,96.94,83.39,83.01,51.46,51.54,83.73,84.61,83.6,84.52,78.44,78.15,83.73,84.61,83.73,84.61,83.73,84.61,83.73,84.61,83.73,84.61,83.73,84.61,83.73,84.61,83.73,84.61,83.73,84.61,83.73,84.61,83.73,84.61,67.46,68.92,50.78,51.66,76.12,77.24,77.73,78.63,83.24,83.13,126.54,128.11,86.08,86.98,94.2,96.61,70.03,69.42,91.43,94.76,95.56,99.75,100.19,83.73
2007-04,98.27,82.29,,49.7,,82.11,,82.02,,76.87,,82.11,,82.11,,82.11,,82.11,,82.11,,82.11,,82.11,,82.11,,82.11,,82.11,,82.11,,65.21,,49.6,,74.57,,74.88,,81.12,,126.05,,84.27,,91.28,,69.17,,88.8,90.88,,94.93,,82.11
2007-05,99.84,82.05,,48.87,,82.11,,82.01,,77.03,,82.11,,82.11,,82.11,,82.11,,82.11,,82.11,,82.11,,82.11,,82.11,,82.11,,82.11,,65.92,,47.84,,74.72,,74.24,,80.89,,126.95,,85.01,,91.89,,68.18,,85.64,91.11,,95.16,,82.11
2007-06,101.4,82.07,82.14,48.28,48.95,82.65,82.29,82.48,82.17,76.89,76.93,82.65,82.29,82.65,82.29,82.65,82.29,82.65,82.29,82.65,82.29,82.65,82.29,82.65,82.29,82.65,82.29,82.65,82.29,82.65,82.29,82.65,82.29,66.74,65.96,47.61,48.35,74.4,74.56,75.17,74.76,82.45,81.49,128.12,127.04,86.47,85.25,93.36,92.18,68.28,68.54,83.4,89.23,90.4,92.15,94.08,82.65
2007-07,100.39,81.16,,46.81,,80.87,,80.65,,75.11,,80.87,,80.87,,80.87,,80.87,,80.87,,80.87,,80.87,,80.87,,80.87,,80.87,,80.87,,64.53,,45.96,,71.73,,72.87,,79.46,,125.48,,84.01,,89.52,,68.1,,82.24,86.62,,88.7,,80.87
2007-08,96.44,82.65,,47.96,,81.45,,81.25,,75.97,,81.45,,81.45,,81.45,,81.45,,81.45,,81.45,,81.45,,81.45,,81.45,,81.45,,81.45,,67.14,,49.25,,72.55,,74.24,,81.22,,125.04,,83.14,,90.76,,69.59,,82.8,90.7,,96.22,,81.45
2007-09,95.08,82.12,81.98,46.16,46.98,79.74,80.69,79.64,80.52,75.69,75.59,79.74,80.69,79.74,80.69,79.74,80.69,79.74,80.69,79.74,80.69,79.74,80.69,79.74,80.69,79.74,80.69,79.74,80.69,79.74,80.69,79.74,80.69,65.23,65.64,48.33,47.85,69.8,71.36,72.25,73.12,79.14,79.94,123.15,124.56,80.65,82.6,89.77,90.01,69.49,69.06,80.29,88.8,88.71,97.05,93.99,79.74
2007-10,95.78,80.91,,43.84,,77.96,,77.89,,74.73,,77.96,,77.96,,77.96,,77.96,,77.96,,77.96,,77.96,,77.96,,77.96,,77.96,,77.96,,63.2,,46.01,,67.04,,69.04,,76.5,,122.03,,78.12,,87.16,,68.2,,76.32,83.62,,91.83,,77.96
2007-11,91.67,81.24,,43.51,,75.52,,75.46,,73.75,,75.52,,75.52,,75.52,,75.52,,75.52,,75.52,,75.52,,75.52,,75.52,,75.52,,75.52,,62.05,,46.08,,67.08,,65.99,,75.02,,116.62,,73.89,,83.36,,68.54,,75.7,83.89,,91.39,,75.52
2007-12,92.94,82.36,81.5,43.09,43.48,76.19,76.55,76.18,76.51,75.78,74.75,76.19,76.55,76.19,76.55,76.19,76.55,76.19,76.55,76.19,76.55,76.19,76.55,76.19,76.55,76.19,76.55,76.19,76.55,76.19,76.55,76.19,76.55,62.3,62.52,47.31,46.47,68.15,67.42,65.58,66.87,76.83,76.12,118.41,119.02,73.48,75.16,84.26,84.92,68.33,68.36,78.38,86.13,84.55,90.69,91.3,76.19
2008-01,89.16,83.32,,42.99,,75.4,,75.3,,77.55,,75.4,,75.4,,75.4,,75.4,,75.4,,75.4,,75.4,,75.4,,75.4,,75.4,,75.4,,62.31,,48.6,,67.07,,65.05,,76.03,,114.48,,72.04,,83.94,,68.73,,79.14,85.21,,90.34,,75.4
2008-02,88.52,83.5,,43.67,,75.28,,75.22,,77.83,,75.28,,75.28,,75.28,,75.28,,75.28,,75.28,,75.28,,75.28,,75.28,,75.28,,75.28,,63.74,,50.41,,66.9,,64.33,,75.37,,113.41,,70.03,,82.83,,67.84,,78.25,82.36,,87.53,,75.28
2008-03,83.23,86.82,84.55,45.46,44.04,71.45,74.04,71.41,73.98,76.36,77.25,71.45,74.04,71.45,74.04,71.45,74.04,71.45,74.04,71.45,74.04,71.45,74.04,71.45,74.04,71.45,74.04,71.45,74.04,71.45,74.04,71.45,74.04,59.95,62,54.86,51.29,63.84,65.94,60.43,63.27,71.91,74.44,105.14,111.01,66,69.36,77.24,81.34,67.62,68.06,78.46,81.49,83.02,87.15,88.34,71.45
2008-04,84.8,87.25,,47.58,,70.45,,70.45,,77.09,,70.45,,70.45,,70.45,,70.45,,70.45,,70.45,,70.45,,70.45,,70.45,,70.45,,70.45,,57.67,,56.13,,62.73,,57.98,,70.61,,105.34,,64.71,,75.67,,66.24,,79.5,80.85,,88.41,,70.45
2008-05,86.24,91.46,,45.64,,71.28,,71.32,,77.71,,71.28,,71.28,,71.28,,71.28,,71.28,,71.28,,71.28,,71.28,,71.28,,71.28,,71.28,,57.03,,57.1,,62.75,,58.05,,71.05,,108.56,,65.62,,74.58,,65.77,,78.18,79.13,,89.59,,71.28
2008-06,88.37,91.09,89.93,45.11,46.11,71.32,71.02,71.31,71.03,77.76,77.52,71.32,71.02,71.32,71.02,71.32,71.02,71.32,71.02,71.32,71.02,71.32,71.02,71.32,71.02,71.32,71.02,71.32,71.02,71.32,71.02,71.32,71.02,55.87,56.86,59.99,57.74,63.74,63.07,57.57,57.87,71.55,71.07,107.86,107.25,63.53,64.62,71.85,74.03,65.06,65.69,79.51,79.03,79.67,91.61,89.87,71.32
2008-07,88.3,89.99,,44.34,,70.4,,70.38,,76.88,,70.4,,70.4,,70.4,,70.4,,70.4,,70.4,,70.4,,70.4,,70.4,,70.4,,70.4,,52.69,,59.46,,63.34,,54.82,,71.2,,106.8,,60.72,,70.75,,64.36,,79.4,78.07,,92.39,,70.4
2008-08,90.35,92.52,,43.1,,74.21,,74.15,,81.07,,74.21,,74.21,,74.21,,74.21,,74.21,,74.21,,74.21,,74.21,,74.21,,74.21,,74.21,,56.46,,61.81,,66.11,,58.36,,74.52,,112.59,,66.06,,74.37,,63.68,,82.43,85.25,,98.27,,74.21
2008-09,88.13,100.36,94.29,45.26,44.23,77.32,73.98,77.28,73.94,85.04,81,77.32,73.98,77.32,73.98,77.32,73.98,77.32,73.98,77.32,73.98,77.32,73.98,77.32,73.98,77.32,73.98,77.32,73.98,77.32,73.98,77.32,73.98,60.08,56.41,69.16,63.48,70.52,66.66,62.28,58.49,79.13,74.95,115.33,111.58,69.27,65.35,77.5,74.21,67.07,65.04,82.82,91.86,85.06,103.42,98.03,77.32
2008-10,82.7,116.23,,54.31,,83.57,,83.54,,90.58,,83.57,,83.57,,83.57,,83.57,,83.57,,83.57,,83.57,,83.57,,83.57,,83.57,,83.57,,70.49,,86.5,,80.42,,71.58,,88.19,,118.76,,75.99,,83.87,,79.65,,92.35,109.96,,115.02,,83.57
2008-11,80.05,123.85,,58.32,,87.2,,86.97,,99.82,,87.2,,87.2,,87.2,,87.2,,87.2,,87.2,,87.2,,87.2,,87.2,,87.2,,87.2,,74.44,,102.6,,86.03,,77.82,,94.54,,123.73,,80.41,,87.87,,82.58,,95.36,114.29,,123.63,,87.2
2008-12,75.46,121.3,120.46,56.6,56.41,82.62,84.46,82.47,84.32,102.83,97.74,82.62,84.46,82.62,84.46,82.62,84.46,82.62,84.46,82.62,84.46,82.62,84.46,82.62,84.46,82.62,84.46,82.62,84.46,82.62,84.46,82.62,84.46,70.52,71.82,94.01,94.37,86.97,84.47,78.81,76.07,95.07,92.6,119.22,120.57,78.91,78.44,83.42,85.05,84.52,82.25,96.78,112.24,112.16,125.3,121.32,82.62
2009-01,74.6,120.04,,58.56,,84.12,,84.08,,105.71,,84.12,,84.12,,84.12,,84.12,,84.12,,84.12,,84.12,,84.12,,84.12,,84.12,,84.12,,76.46,,93.8,,86.46,,85.44,,96.61,,117.61,,84.08,,84.12,,87.63,,96.07,111.96,,127.39,,84.12
2009-02,76.71,127.18,,60.78,,86.6,,86.49,,106.04,,86.6,,86.6,,86.6,,86.6,,86.6,,86.6,,86.6,,86.6,,86.6,,86.6,,86.6,,83.36,,86.3,,85.12,,96.35,,101.2,,120.84,,90.17,,86.6,,92.03,,97.33,115.57,,135.16,,86.6
2009-03,80.83,128.05,125.09,62.58,60.64,85.07,85.26,84.93,85.17,107.83,106.53,85.07,85.26,85.07,85.26,85.07,85.26,85.07,85.26,85.07,85.26,85.07,85.26,85.07,85.26,85.07,85.26,85.07,85.26,85.07,85.26,85.07,85.26,83.34,81.05,86.95,89.02,84.1,85.23,93.89,91.89,101.65,99.82,120.01,119.49,84.69,86.32,85.07,85.26,92.23,90.63,98.89,112.95,113.5,131.14,131.23,85.07
2009-04,81.73,117.65,,58.77,,84.02,,83.87,,103.84,,84.02,,84.02,,84.02,,84.02,,84.02,,84.02,,84.02,,84.02,,84.02,,84.02,,84.02,,79.54,,96.18,,82.49,,88.44,,97.59,,119.22,,82.14,,84.02,,84.47,,95.76,105.03,,121.95,,84.02
2009-05,79.78,110.81,,56.96,,81.2,,81.03,,99,,81.2,,81.2,,81.2,,81.2,,81.2,,81.2,,81.2,,81.2,,81.2,,81.2,,81.2,,73.79,,95.88,,79.87,,85.58,,91.85,,114.91,,79.46,,81.2,,83.08,,90.03,98.17,,115.96,,81.2
2009-06,79.86,111.33,113.27,56.53,57.42,79.16,81.46,78.97,81.29,93.34,98.73,79.16,81.46,79.16,81.46,79.16,81.46,79.16,81.46,79.16,81.46,79.16,81.46,79.16,81.46,79.16,81.46,79.16,81.46,79.16,81.46,79.16,81.46,71.55,74.96,95.86,95.97,79.23,80.53,85.24,86.42,92.13,93.86,112.33,115.49,76.83,79.48,79.16,81.46,83.99,83.84,88.1,93.67,98.95,109.23,115.71,79.16
2009-07,77.94,111.37,,55.5,,78.74,,78.57,,93.3,,78.74,,78.74,,78.74,,78.74,,78.74,,78.74,,78.74,,78.74,,78.74,,78.74,,78.74,,69.11,,96.56,,78.81,,80.8,,91.15,,112.03,,74.4,,78.74,,84.17,,87.87,93.46,,108.26,,78.74
2009-08,78.42,109.5,,54.37,,77.76,,77.56,,92.44,,77.76,,77.76,,77.76,,77.76,,77.76,,77.76,,77.76,,77.76,,77.76,,77.76,,77.76,,67.64,,96.34,,75.26,,76.66,,84.88,,110.94,,72.99,,77.76,,81.94,,85.06,89.97,,103.08,,77.76
2009-09,75.49,107.18,109.35,54.46,54.78,76.15,77.55,75.97,77.37,93.65,93.13,76.15,77.55,76.15,77.55,76.15,77.55,76.15,77.55,76.15,77.55,76.15,77.55,76.15,77.55,76.15,77.55,76.15,77.55,76.15,77.55,76.15,77.55,66.72,67.83,94.47,95.79,73.18,75.75,75.64,77.7,83.01,86.35,108.03,110.33,70.68,72.69,76.15,77.55,84.44,83.52,84.57,87.18,90.2,99.11,103.48,76.15
2009-10,74.63,103.67,,53.74,,74.88,,74.7,,94.34,,74.88,,74.88,,74.88,,74.88,,74.88,,74.88,,74.88,,74.88,,74.88,,74.88,,74.88,,64.85,,93.93,,69.99,,75.38,,82.52,,106.18,,70.96,,74.88,,83.28,,82.46,82.97,,94.45,,74.88
2009-11,73.67,102.73,,54.36,,74.35,,74.17,,92.11,,74.35,,74.35,,74.35,,74.35,,74.35,,74.35,,74.35,,74.35,,74.35,,74.35,,74.35,,65,,93.82,,69.97,,74,,82.14,,105.19,,70.35,,74.35,,82.58,,82.83,81.74,,95.59,,74.35
2009-12,74.31,102.84,103.08,55.08,54.39,76.14,75.12,75.92,74.93,94.22,93.56,76.14,75.12,76.14,75.12,76.14,75.12,76.14,75.12,76.14,75.12,76.14,75.12,76.14,75.12,76.14,75.12,76.14,75.12,76.14,75.12,76.14,75.12,67.11,65.65,95.02,94.26,71.5,70.49,75.35,74.91,84.69,83.12,107.02,106.13,72.78,71.36,76.14,75.12,81,82.29,82.51,83.4,82.7,97.37,95.8,76.14
2010-01,75.31,100.66,,53.88,,77.67,,77.47,,94.44,,77.67,,77.67,,77.67,,77.67,,77.67,,77.67,,77.67,,77.67,,77.67,,77.67,,77.67,,67.49,,95.25,,71.11,,75.45,,84.73,,107.39,,74.32,,77.67,,80.75,,81.57,82.35,,95.93,,77.67
2010-02,74.47,102.02,,55.39,,81.07,,80.87,,97.76,,81.07,,81.07,,81.07,,81.07,,81.07,,81.07,,81.07,,81.07,,81.07,,81.07,,81.07,,70.93,,97.2,,73.32,,77.72,,86.11,,111.35,,77.1,,81.07,,81.45,,82.65,84.81,,100.01,,81.07
2010-03,74.96,100.41,101.03,56.09,55.12,81.76,80.17,81.53,79.96,101.49,97.9,81.76,80.17,81.76,80.17,81.76,80.17,81.76,80.17,81.76,80.17,81.76,80.17,81.76,80.17,81.76,80.17,81.76,80.17,81.76,80.17,81.76,80.17,69.97,69.46,96.7,96.38,73.4,72.61,75.95,76.37,84.98,85.27,110.78,109.84,76.43,75.95,81.76,80.17,79.19,80.46,80.03,82.39,83.18,99.12,98.35,81.76
2010-04,77.28,98.6,,54.55,,82.82,,82.6,,99.76,,82.82,,82.82,,82.82,,82.82,,82.82,,82.82,,82.82,,82.82,,82.82,,82.82,,82.82,,70.96,,96.8,,73.45,,76.72,,85.53,,111.22,,76.84,,82.82,,77.17,,78.66,81.2,,97.93,,82.82
2010-05,76.01,103.15,,56.59,,88.24,,88,,104.02,,88.24,,88.24,,88.24,,88.24,,88.24,,88.24,,88.24,,88.24,,88.24,,88.24,,88.24,,78.76,,98.31,,78.06,,85.75,,91.35,,117.38,,82.93,,88.24,,80.24,,81.38,86.53,,100.14,,88.24
2010-06,75.06,107.31,103.02,57.65,56.26,90.85,87.3,90.57,87.06,103.56,102.44,90.85,87.3,90.85,87.3,90.85,87.3,90.85,87.3,90.85,87.3,90.85,87.3,90.85,87.3,90.85,87.3,90.85,87.3,90.85,87.3,90.85,87.3,82.47,77.4,97.46,97.52,80.31,77.27,89.03,83.83,92.91,89.93,117.01,115.2,85.75,81.84,90.85,87.3,80.11,79.17,81.21,88.06,85.26,100.84,99.64,90.85
2010-07,72.31,106.46,,56.31,,86.75,,86.63,,99.96,,86.75,,86.75,,86.75,,86.75,,86.75,,86.75,,86.75,,86.75,,86.75,,86.75,,86.75,,79.32,,93.6,,77.81,,84.53,,88.04,,109.46,,80.39,,86.75,,80.76,,81.63,85.76,,97.88,,86.75
2010-08,70.56,104.26,,55.21,,86.02,,85.88,,97.76,,86.02,,86.02,,86.02,,86.02,,86.02,,86.02,,86.02,,86.02,,86.02,,86.02,,86.02,,77.99,,90.59,,76.26,,81.9,,86.64,,107.97,,78.09,,86.02,,80.44,,81.42,83.52,,97.63,,86.02
2010-09,69.73,102.54,104.42,54.6,55.37,84.74,85.84,84.57,85.69,98.1,98.61,84.74,85.84,84.74,85.84,84.74,85.84,84.74,85.84,84.74,85.84,84.74,85.84,84.74,85.84,84.74,85.84,84.74,85.84,84.74,85.84,84.74,85.84,77,78.1,88.55,90.91,74.87,76.31,79.96,82.13,83.51,86.07,104.04,107.16,76.5,78.33,84.74,85.84,80.65,80.62,80.8,80.07,83.11,95.57,97.03,84.74
2010-10,67.6,99.13,,52.09,,79.87,,79.83,,96.36,,79.87,,79.87,,79.87,,79.87,,79.87,,79.87,,79.87,,79.87,,79.87,,79.87,,79.87,,70.62,,84.69,,72.38,,75.42,,79.28,,100.74,,71.79,,79.87,,78.39,,79.72,76.65,,92.76,,79.87
2010-11,68.22,99.83,,52.6,,81.36,,81.28,,95.81,,81.36,,81.36,,81.36,,81.36,,81.36,,81.36,,81.36,,81.36,,81.36,,81.36,,81.36,,72.38,,85.26,,73.99,,76.92,,80.99,,102.35,,73.44,,81.36,,77.7,,79.24,76.04,,90.36,,81.36
2010-12,68.82,101.22,100.06,55.63,53.44,83.95,81.73,83.85,81.65,98.09,96.75,83.95,81.73,83.95,81.73,83.95,81.73,83.95,81.73,83.95,81.73,83.95,81.73,83.95,81.73,83.95,81.73,83.95,81.73,83.95,81.73,83.95,81.73,75.12,72.71,87.77,85.9,74.09,73.49,80.11,77.48,81.23,80.5,100.52,101.2,77.39,74.21,83.95,81.73,78.05,78.05,78.83,75.61,76.1,92.78,91.97,83.95
2011-01,68.24,98.88,,57.17,,83.02,,82.91,,96.8,,83.02,,83.02,,83.02,,83.02,,83.02,,83.02,,83.02,,83.02,,83.02,,83.02,,83.02,,73.76,,88.56,,72.57,,77.08,,79.1,,99.38,,74.28,,83.02,,76.37,,77.75,75.39,,91.11,,83.02
2011-02,68.21,98.79,,58.12,,81.23,,81.15,,94.74,,81.23,,81.23,,81.23,,81.23,,81.23,,81.23,,81.23,,81.23,,81.23,,81.23,,81.23,,70.97,,88.35,,71.01,,76.2,,76.28,,98.66,,72.22,,81.23,,76.01,,77.28,74.49,,91.5,,81.23
2011-03,67.49,98.91,98.86,57.74,57.68,79.16,81.14,79.11,81.05,94.6,95.38,79.16,81.14,79.16,81.14,79.16,81.14,79.16,81.14,79.16,81.14,79.16,81.14,79.16,81.14,79.16,81.14,79.16,81.14,79.16,81.14,79.16,81.14,69.17,71.3,87.35,88.09,69.32,70.97,75.95,76.41,75.3,76.89,95.47,97.84,70.72,72.41,79.16,81.14,75.58,75.99,76.41,74.31,74.73,94.04,92.22,79.16
2011-04,68.73,95.73,,55.62,,76.73,,76.67,,93.3,,76.73,,76.73,,76.73,,76.73,,76.73,,76.73,,76.73,,76.73,,76.73,,76.73,,76.73,,65.63,,85.64,,66.95,,72.7,,73.5,,93.19,,68.2,,76.73,,73.71,,74.93,70.98,,88.36,,76.73
2011-05,67.01,95.83,,57.58,,77.48,,77.41,,93.53,,77.48,,77.48,,77.48,,77.48,,77.48,,77.48,,77.48,,77.48,,77.48,,77.48,,77.48,,66.78,,86.81,,67.9,,72.96,,74.17,,90.76,,69.22,,77.48,,73.41,,75.77,70.44,,87.59,,77.48
2011-06,66.44,95.45,95.67,58.59,57.26,77.01,77.07,76.97,77.02,94.24,93.69,77.01,77.07,77.01,77.07,77.01,77.07,77.01,77.07,77.01,77.07,77.01,77.07,77.01,77.07,77.01,77.07,77.01,77.07,77.01,77.07,77.01,77.07,66.22,66.21,87.33,86.59,67.41,67.42,73.01,72.89,75.03,74.23,87.28,90.41,68.45,68.62,77.01,77.07,74.36,73.83,76.45,70.78,70.73,85.56,87.17,77.01
2011-07,65.56,93.49,,60.58,,77.66,,77.6,,94.61,,77.66,,77.66,,77.66,,77.66,,77.66,,77.66,,77.66,,77.66,,77.66,,77.66,,77.66,,67.07,,88,,67.54,,74.07,,75.78,,85.47,,69.2,,77.66,,73.51,,74.77,69.74,,82.4,,77.66
2011-08,63.59,94.95,,64.18,,77.39,,77.29,,93.42,,77.39,,77.39,,77.39,,77.39,,77.39,,77.39,,77.39,,77.39,,77.39,,77.39,,77.39,,67.94,,86.82,,67.42,,76.28,,75.91,,81.07,,68.79,,77.39,,77.05,,76.8,71.57,,83.23,,77.39
2011-09,63.48,98.94,95.79,65.59,63.45,80.65,78.57,80.47,78.46,96.83,94.95,80.65,78.57,80.65,78.57,80.65,78.57,80.65,78.57,80.65,78.57,80.65,78.57,80.65,78.57,80.65,78.57,80.65,78.57,80.65,78.57,80.65,78.57,74.1,69.71,88.49,87.77,69.7,68.22,83.59,77.98,78.78,76.82,90.7,85.74,72.55,70.18,80.65,78.57,82.24,77.6,78.37,73.54,71.61,85.91,83.85,80.65
2011-10,63.35,101.78,,66.91,,80.85,,80.67,,96.98,,80.85,,80.85,,80.85,,80.85,,80.85,,80.85,,80.85,,80.85,,80.85,,80.85,,80.85,,77.43,,87.91,,69.99,,84.11,,78.79,,93.11,,73.56,,80.85,,84.66,,79.84,74.1,,88.78,,80.85
2011-11,64.05,100.24,,66.28,,81.77,,81.53,,96.65,,81.77,,81.77,,81.77,,81.77,,81.77,,81.77,,81.77,,81.77,,81.77,,81.77,,81.77,,81.49,,88.89,,71.12,,86.62,,79.88,,94.25,,76.3,,81.77,,86.29,,80.16,74.33,,90.55,,81.77
2011-12,64.31,101.54,101.19,68.35,67.18,84.38,82.33,84.05,82.08,98.04,97.22,84.38,82.33,84.38,82.33,84.38,82.33,84.38,82.33,84.38,82.33,84.38,82.33,84.38,82.33,84.38,82.33,84.38,82.33,84.38,82.33,84.38,82.33,82.94,80.62,91.74,89.51,73.05,71.39,90.22,86.98,81.29,79.98,96.99,94.78,78.82,76.23,84.38,82.33,86.74,85.89,80.04,74.22,74.22,90.57,89.97,84.38
2012-01,63.57,100.91,,67.33,,85.97,,85.67,,98.5,,85.97,,85.97,,85.97,,85.97,,85.97,,85.97,,85.97,,85.97,,85.97,,85.97,,85.97,,85.17,,93.75,,73.74,,89.82,,81.27,,97.48,,80.39,,85.97,,84.43,,79.25,72.23,,87.19,,85.97
2012-02,64.91,99.22,,64.26,,83.81,,83.49,,96.69,,83.81,,83.81,,83.81,,83.81,,83.81,,83.81,,83.81,,83.81,,83.81,,83.81,,83.81,,78.54,,93.51,,70.77,,83.68,,79,,94.74,,76.78,,83.81,,80.48,,77.94,70.03,,83.49,,83.81
2012-03,68.13,99.55,99.89,65.4,65.66,83.99,84.59,83.68,84.28,96.58,97.25,83.99,84.59,83.99,84.59,83.99,84.59,83.99,84.59,83.99,84.59,83.99,84.59,83.99,84.59,83.99,84.59,83.99,84.59,83.99,84.59,83.99,84.59,79.2,80.97,95.77,94.34,70.67,71.73,82.97,85.49,79.84,80.04,94.85,95.69,75.87,77.68,83.99,84.59,80.27,81.73,77.72,71.38,71.21,85.04,85.24,83.99
2012-04,67.17,100.32,,65.32,,84.3,,84.03,,95.52,,84.3,,84.3,,84.3,,84.3,,84.3,,84.3,,84.3,,84.3,,84.3,,84.3,,84.3,,80.15,,96.22,,71.3,,84.09,,79.86,,94.89,,76.51,,84.3,,82.25,,77.66,72.66,,85.3,,84.3
2012-05,65.84,102.33,,66.07,,86.72,,86.39,,96.04,,86.72,,86.72,,86.72,,86.72,,86.72,,86.72,,86.72,,86.72,,86.72,,86.72,,86.72,,82.19,,96.4,,73.37,,89.06,,83.41,,97.56,,80.41,,86.72,,85.84,,79.01,75.36,,90.1,,86.72
2012-06,65.54,102.86,101.83,66.64,66.01,88.49,86.51,88.12,86.18,98.27,96.61,88.49,86.51,88.49,86.51,88.49,86.51,88.49,86.51,88.49,86.51,88.49,86.51,88.49,86.51,88.49,86.51,88.49,86.51,88.49,86.51,88.49,86.51,83.68,82.01,96.69,96.43,74.59,73.09,90.81,87.99,83.89,82.39,99.51,97.32,83.02,79.98,88.49,86.51,87.65,85.25,80.4,75.27,74.43,89.37,88.26,88.49
2012-07,65.27,100.93,,66.25,,90.31,,90.03,,98.02,,90.31,,90.31,,90.31,,90.31,,90.31,,90.31,,90.31,,90.31,,90.31,,90.31,,90.31,,83.42,,95.43,,75.22,,90.32,,82.42,,101.59,,84.16,,90.31,,84.14,,79.32,72.98,,87.31,,90.31
2012-08,65.03,100.04,,65.62,,89.43,,89.24,,97.2,,89.43,,89.43,,89.43,,89.43,,89.43,,89.43,,89.43,,89.43,,89.43,,89.43,,89.43,,80.45,,91.09,,73.16,,87.37,,79.19,,100.61,,81.85,,89.43,,83.02,,77.65,71.77,,86.05,,89.43
2012-09,64.58,99.3,100.09,65.9,65.92,86.21,88.65,86.1,88.46,94.84,96.69,86.21,88.65,86.21,88.65,86.21,88.65,86.21,88.65,86.21,88.65,86.21,88.65,86.21,88.65,86.21,88.65,86.21,88.65,86.21,88.65,86.21,88.65,78.92,80.93,93.13,93.22,71.28,73.22,85.02,87.57,78.29,79.97,97.67,99.96,78.13,81.38,86.21,88.65,81.48,82.88,76.53,72.26,72.34,85.22,86.2,86.21
2012-10,65.27,97.73,,65.88,,85.49,,85.44,,95.03,,85.49,,85.49,,85.49,,85.49,,85.49,,85.49,,85.49,,85.49,,85.49,,85.49,,85.49,,77.76,,94.12,,70.75,,83.9,,78.75,,96.87,,78.08,,85.49,,81.2,,77.17,72.99,,85.06,,85.49
2012-11,66.96,96.08,,65.56,,86.44,,86.41,,95.73,,86.44,,86.44,,86.44,,86.44,,86.44,,86.44,,86.44,,86.44,,86.44,,86.44,,86.44,,78.75,,96.38,,70.89,,85.32,,79.54,,97.57,,80.28,,86.44,,82.3,,77.99,72.22,,85.14,,86.44
2012-12,69.25,95.03,96.28,65.34,65.59,84.5,85.48,84.49,85.45,94.66,95.14,84.5,85.48,84.5,85.48,84.5,85.48,84.5,85.48,84.5,85.48,84.5,85.48,84.5,85.48,84.5,85.48,84.5,85.48,84.5,85.48,84.5,85.48,78.07,78.19,95.85,95.45,69.55,70.4,82.64,83.95,78.17,78.82,95.65,96.69,77.89,78.75,84.5,85.48,81.03,81.51,77.41,71.82,72.34,83.94,84.71,84.5
2013-01,73.58,94.26,,64.75,,83.42,,83.41,,95.67,,83.42,,83.42,,83.42,,83.42,,83.42,,83.42,,83.42,,83.42,,83.42,,83.42,,83.42,,78.97,,97.58,,68.84,,82.45,,76.9,,95.97,,78.04,,83.42,,79.99,,77.59,71.56,,83.34,,83.42
2013-02,76.92,96.09,,65.07,,83.15,,83.12,,98.78,,83.15,,83.15,,83.15,,83.15,,83.15,,83.15,,83.15,,83.15,,83.15,,83.15,,83.15,,78.49,,96.81,,69.02,,82.8,,75.59,,95.72,,77.51,,83.15,,80.11,,79.01,72.92,,83.15,,83.15
2013-03,78.34,97.48,95.94,66.39,65.41,85.64,84.07,85.58,84.04,101.33,98.59,85.64,84.07,85.64,84.07,85.64,84.07,85.64,84.07,85.64,84.07,85.64,84.07,85.64,84.07,85.64,84.07,85.64,84.07,85.64,84.07,85.64,84.07,83.76,80.41,94.94,96.44,71.66,69.84,85.1,83.45,76.45,76.31,98.34,96.68,80.45,78.66,85.64,84.07,78.73,79.61,80.12,72.66,72.38,84.15,83.55,85.64
2013-04,80.77,99.08,,65.96,,85.17,,85.09,,99.77,,85.17,,85.17,,85.17,,85.17,,85.17,,85.17,,85.17,,85.17,,85.17,,85.17,,85.17,,82.09,,90.18,,71.84,,84.21,,76.95,,97.31,,80.55,,85.17,,76.94,,79.69,72.45,,82.27,,85.17
2013-05,83.49,98.33,,67.09,,85.5,,85.4,,100.01,,85.5,,85.5,,85.5,,85.5,,85.5,,85.5,,85.5,,85.5,,85.5,,85.5,,85.5,,80.7,,91.63,,72.2,,85.45,,78.34,,99.42,,81.04,,85.5,,77.57,,79.84,75.97,,84.79,,85.5
2013-06,80.59,100.36,99.26,69.71,67.59,84.15,84.94,84.08,84.86,98.72,99.5,84.15,84.94,84.15,84.94,84.15,84.94,84.15,84.94,84.15,84.94,84.15,84.94,84.15,84.94,84.15,84.94,84.15,84.94,84.15,84.94,84.15,84.94,80.31,81.04,92.31,91.37,72.78,72.27,86.1,85.25,77.97,77.75,97.09,97.94,79.42,80.34,84.15,84.94,81.62,78.71,80.68,79.65,76.02,88.26,85.11,84.15
2013-07,82.34,99.54,,70.95,,84.82,,84.79,,100.72,,84.82,,84.82,,84.82,,84.82,,84.82,,84.82,,84.82,,84.82,,84.82,,84.82,,84.82,,80.75,,92.9,,74.75,,86.73,,78.54,,98.22,,80.67,,84.82,,80.39,,81.38,81.92,,88.44,,84.82
2013-08,80.85,98.68,,72.06,,83.32,,83.32,,98.52,,83.32,,83.32,,83.32,,83.32,,83.32,,83.32,,83.32,,83.32,,83.32,,83.32,,83.32,,80.54,,90.71,,73.96,,84.25,,77.53,,96.27,,78.88,,83.32,,81.44,,81.4,83.15,,88.11,,83.32
2013-09,82.07,95.94,98.05,74.15,72.39,83.1,83.75,83.09,83.73,96.32,98.52,83.1,83.75,83.1,83.75,83.1,83.75,83.1,83.75,83.1,83.75,83.1,83.75,83.1,83.75,83.1,83.75,83.1,83.75,83.1,83.75,83.1,83.75,80.41,80.57,91.76,91.79,74.07,74.26,84.18,85.05,77.12,77.73,96.06,96.85,78.56,79.37,83.1,83.75,82.36,81.4,80.99,81,82.03,85.68,87.41,83.1
2013-10,80.78,94.29,,72.99,,81.31,,81.35,,94.94,,81.31,,81.31,,81.31,,81.31,,81.31,,81.31,,81.31,,81.31,,81.31,,81.31,,81.31,,77.47,,91.57,,73.86,,81.49,,76.06,,93.8,,76.53,,81.31,,81.87,,81.1,78.99,,83.56,,81.31
2013-11,82.6,93.94,,74.36,,82.24,,82.2,,94.89,,82.24,,82.24,,82.24,,82.24,,82.24,,82.24,,82.24,,82.24,,82.24,,82.24,,82.24,,78.95,,92.2,,75.41,,82.26,,78.11,,94.85,,81.14,,82.24,,82.36,,82.06,80.54,,84.49,,82.24
2013-12,85.58,93.41,93.88,75.83,74.39,80.95,81.5,80.95,81.5,93.28,94.37,80.95,81.5,80.95,81.5,80.95,81.5,80.95,81.5,80.95,81.5,80.95,81.5,80.95,81.5,80.95,81.5,80.95,81.5,80.95,81.5,80.95,81.5,78.53,78.32,88.9,90.89,76.06,75.11,80.85,81.53,77.63,77.27,92.92,93.86,81.67,79.78,80.95,81.5,81.93,82.06,83.2,83.66,81.06,84.82,84.29,80.95
2014-01,86.09,94.19,,81.57,,81.43,,81.47,,92.75,,81.43,,81.43,,81.43,,81.43,,81.43,,81.43,,81.43,,81.43,,81.43,,81.43,,81.43,,79.4,,87.78,,76.44,,81.31,,76.95,,93.89,,82.07,,81.43,,83.24,,85.54,84.8,,84.26,,81.43
2014-02,84.32,94.67,,81.23,,81.17,,81.24,,92.23,,81.17,,81.17,,81.17,,81.17,,81.17,,81.17,,81.17,,81.17,,81.17,,81.17,,81.17,,81.32,,86.51,,75.87,,81.09,,77.08,,92.92,,81.7,,81.17,,83.65,,86.5,83.81,,84.03,,81.17
2014-03,84.54,94.66,94.51,81.42,81.41,80.22,80.94,80.29,81,91.92,92.3,80.22,80.94,80.22,80.94,80.22,80.94,80.22,80.94,80.22,80.94,80.22,80.94,80.22,80.94,80.22,80.94,80.22,80.94,80.22,80.94,80.22,80.94,80.75,80.49,85.59,86.63,74.38,75.56,80.62,81,76.09,76.71,91.56,92.79,80.58,81.45,80.22,80.94,83.17,83.35,86.89,82.84,83.82,81.67,83.32,80.22
2014-04,84.73,92.2,,78.15,,80.32,,80.36,,91.22,,80.32,,80.32,,80.32,,80.32,,80.32,,80.32,,80.32,,80.32,,80.32,,80.32,,80.32,,79.69,,85.12,,74.03,,80.36,,77.63,,91.71,,80.81,,80.32,,82.28,,85.98,80.64,,81.02,,80.32
2014-05,84.16,90.63,,76.87,,80.77,,80.8,,90.7,,80.77,,80.77,,80.77,,80.77,,80.77,,80.77,,80.77,,80.77,,80.77,,80.77,,80.77,,79.42,,85.43,,73.63,,80.69,,77.97,,92.27,,81.23,,80.77,,81.45,,85.17,80.72,,81.06,,80.77
2014-06,84.33,90.1,90.98,77.82,77.61,81.6,80.9,81.57,80.91,90.38,90.77,81.6,80.9,81.6,80.9,81.6,80.9,81.6,80.9,81.6,80.9,81.6,80.9,81.6,80.9,81.6,80.9,81.6,80.9,81.6,80.9,81.6,80.9,80.61,79.91,86.21,85.58,74.96,74.2,80.73,80.59,79.25,78.28,93.11,92.36,82.12,81.39,81.6,80.9,81.85,81.86,84.69,80.22,80.53,80.92,81,81.6
2014-07,84.06,90.21,,77.77,,81.96,,81.89,,89.52,,81.96,,81.96,,81.96,,81.96,,81.96,,81.96,,81.96,,81.96,,81.96,,81.96,,81.96,,81.92,,86.63,,76.83,,81.16,,80.86,,93.2,,82.46,,81.96,,81.68,,84,80,,80.26,,81.96
2014-08,85.08,90.57,,79.38,,83.3,,83.25,,91.48,,83.3,,83.3,,83.3,,83.3,,83.3,,83.3,,83.3,,83.3,,83.3,,83.3,,83.3,,84.38,,87.93,,76.85,,83.47,,81.85,,94.54,,84.94,,83.3,,82.8,,85.44,80.76,,82.64,,83.3
2014-09,88.62,91.39,90.72,81.2,79.45,85.99,83.75,85.81,83.65,93.71,91.57,85.99,83.75,85.99,83.75,85.99,83.75,85.99,83.75,85.99,83.75,85.99,83.75,85.99,83.75,85.99,83.75,85.99,83.75,85.99,83.75,85.99,83.75,86.9,84.4,90.23,88.26,78.63,77.43,86.09,83.57,84.5,82.4,97.2,94.98,86.99,84.8,85.99,83.75,83.4,82.63,86.11,82.96,81.24,85.64,82.85,85.99
2014-10,89.27,93.79,,82.9,,87.53,,87.35,,95.09,,87.53,,87.53,,87.53,,87.53,,87.53,,87.53,,87.53,,87.53,,87.53,,87.53,,87.53,,86.89,,91.6,,81.35,,87.98,,85.86,,98.99,,88.53,,87.53,,84.92,,87.75,85.54,,88.57,,87.53
2014-11,95.91,97,,82.11,,88.9,,88.72,,96.83,,88.9,,88.9,,88.9,,88.9,,88.9,,88.9,,88.9,,88.9,,88.9,,88.9,,88.9,,88.18,,93.72,,84.42,,89.58,,87.95,,100.23,,90.21,,88.9,,85.81,,88.66,86.87,,89,,88.9
2014-12,98.61,97.59,96.13,84.28,83.1,90.1,88.84,89.79,88.62,97.74,96.55,90.1,88.84,90.1,88.84,90.1,88.84,90.1,88.84,90.1,88.84,90.1,88.84,90.1,88.84,90.1,88.84,90.1,88.84,90.1,88.84,90.1,88.84,90.35,88.47,94.9,93.4,90.37,85.38,90.9,89.49,90.59,88.13,101.41,100.21,91.21,89.98,90.1,88.84,91.57,87.43,90.31,91.17,87.86,89.82,89.13,90.1
2015-01,97.88,96.28,,85.73,,95.39,,95.05,,100.77,,95.39,,95.39,,95.39,,95.39,,95.39,,95.39,,95.39,,95.39,,95.39,,95.39,,95.39,,97.22,,99.59,,95.18,,97.42,,95.95,,97.9,,97.42,,95.39,,92.58,,94.65,92.88,,91.26,,95.39
2015-02,98.01,97.15,,90.41,,97.68,,97.61,,99.65,,97.68,,97.68,,97.68,,97.68,,97.68,,97.68,,97.68,,97.68,,97.68,,97.68,,97.68,,96.82,,100.1,,94.17,,97.55,,99.06,,97.19,,98.9,,97.68,,93.97,,97.76,96.46,,93.57,,97.68
2015-03,99.48,98.42,97.28,95.15,90.43,102.55,98.54,102.37,98.34,102.17,100.86,102.55,98.54,102.55,98.54,102.55,98.54,102.55,98.54,102.55,98.54,102.55,98.54,102.55,98.54,102.55,98.54,102.55,98.54,102.55,98.54,102.55,98.54,100.34,98.13,103.74,101.14,98.94,96.1,101.11,98.69,101.19,98.74,101.82,98.97,102.75,99.69,102.55,98.54,96.02,94.19,98.66,97.2,95.51,93.48,92.77,102.55
2015-04,98.79,96.09,,97.48,,102.58,,103.06,,102.14,,102.58,,102.58,,102.58,,102.58,,102.58,,102.58,,102.58,,102.58,,102.58,,102.58,,102.58,,99.51,,103.32,,98.14,,99.03,,102.61,,99.97,,103.43,,102.58,,95.93,,96.55,97.28,,91.88,,102.58
2015-05,99.72,96.48,,97.17,,99.41,,99.54,,98.88,,99.41,,99.41,,99.41,,99.41,,99.41,,99.41,,99.41,,99.41,,99.41,,99.41,,99.41,,98.2,,100.39,,93.49,,96.97,,98.88,,96.8,,99.87,,99.41,,96.17,,95.26,95.04,,94.49,,99.41
2015-06,102.23,98.35,96.98,99.33,97.99,98.9,100.3,98.89,100.5,98.16,99.73,98.9,100.3,98.9,100.3,98.9,100.3,98.9,100.3,98.9,100.3,98.9,100.3,98.9,100.3,98.9,100.3,98.9,100.3,98.9,100.3,98.9,100.3,99.7,99.14,100.29,101.33,96.82,96.15,98.46,98.16,98.08,99.86,96.83,97.87,99.04,100.78,98.9,100.3,97.67,96.59,96.67,97.3,96.54,99.92,95.43,98.9
2015-07,101.93,101.23,,99.11,,100.81,,100.91,,98.19,,100.81,,100.81,,100.81,,100.81,,100.81,,100.81,,100.81,,100.81,,100.81,,100.81,,100.81,,101.38,,101.6,,100.78,,100.12,,101.11,,99.03,,100.15,,100.81,,100.42,,100.51,101.24,,104.85,,100.81
2015-08,101.79,104.26,,104.83,,99.66,,99.64,,98.11,,99.66,,99.66,,99.66,,99.66,,99.66,,99.66,,99.66,,99.66,,99.66,,99.66,,99.66,,100.21,,100.01,,102.21,,99.91,,101.41,,100.6,,98.72,,99.66,,104.22,,102.8,103.03,,106.54,,99.66
2015-09,99.2,104.83,103.44,110.57,104.84,98.89,99.79,98.87,99.8,99.69,98.66,98.89,99.79,98.89,99.79,98.89,99.79,98.89,99.79,98.89,99.79,98.89,99.79,98.89,99.79,98.89,99.79,98.89,99.79,98.89,99.79,98.89,99.79,99.81,100.47,97.16,99.59,102.86,101.95,99.57,99.87,99.26,100.59,100.96,100.2,98.16,99.01,98.89,99.79,106.16,103.6,103.78,106.54,103.6,110.1,107.16,98.89
2015-10,99.16,101.33,,107.44,,98.77,,98.75,,99.61,,98.77,,98.77,,98.77,,98.77,,98.77,,98.77,,98.77,,98.77,,98.77,,98.77,,98.77,,99.16,,95.83,,102.55,,100.29,,98.73,,100.6,,98.12,,98.77,,104.44,,102.19,104.34,,104.19,,98.77
2015-11,101.23,101.91,,105.53,,103.47,,103.34,,100.59,,103.47,,103.47,,103.47,,103.47,,103.47,,103.47,,103.47,,103.47,,103.47,,103.47,,103.47,,104.18,,99.4,,106.93,,105.01,,102.92,,104.82,,102.4,,103.47,,104.81,,103.85,105.03,,106.39,,103.47
2015-12,100.57,103.67,102.3,107.24,106.74,101.89,101.38,101.98,101.36,102.04,100.75,101.89,101.38,101.89,101.38,101.89,101.38,101.89,101.38,101.89,101.38,101.89,101.38,101.89,101.38,101.89,101.38,101.89,101.38,101.89,101.38,101.89,101.38,103.47,102.27,98.58,97.94,107.92,105.8,104.57,103.29,100.8,100.82,103.47,102.96,101.04,100.52,101.89,101.38,107.6,105.62,107.31,103.66,104.34,103.32,104.63,101.89
2016-01,97.75,106.24,,110.45,,102.25,,102.14,,106.14,,102.25,,102.25,,102.25,,102.25,,102.25,,102.25,,102.25,,102.25,,102.25,,102.25,,102.25,,103.73,,98.74,,109.49,,107.36,,101.16,,104.47,,101.19,,102.25,,113.7,,111.14,106.92,,106.69,,102.25
2016-02,95.04,107.47,,108.09,,100.03,,100.04,,106.89,,100.03,,100.03,,100.03,,100.03,,100.03,,100.03,,100.03,,100.03,,100.03,,100.03,,100.03,,100.11,,97.25,,106.91,,105.11,,100.51,,103.19,,99.13,,100.03,,116.3,,107.89,105.42,,105.15,,100.03
2016-03,93.36,104.86,106.19,106.08,108.2,99.68,100.65,99.85,100.68,107.27,106.77,99.68,100.65,99.68,100.65,99.68,100.65,99.68,100.65,99.68,100.65,99.68,100.65,99.68,100.65,99.68,100.65,99.68,100.65,99.68,100.65,99.68,100.65,100.37,101.4,96.14,97.38,105.23,107.21,102.51,105,99.2,100.29,102.18,103.28,99.07,99.8,99.68,100.65,111.02,113.67,103.36,100.43,104.26,103.43,105.09,99.68
2016-04,90.62,101.39,,104.16,,97.82,,97.56,,106.76,,97.82,,97.82,,97.82,,97.82,,97.82,,97.82,,97.82,,97.82,,97.82,,97.82,,97.82,,98.4,,93.87,,101.95,,100.78,,96.34,,100.17,,96.92,,97.82,,110.04,,100.27,98.02,,101.2,,97.82
2016-05,89.96,103.62,,107.91,,98.13,,97.73,,105.16,,98.13,,98.13,,98.13,,98.13,,98.13,,98.13,,98.13,,98.13,,98.13,,98.13,,98.13,,99.59,,93.68,,102,,103.38,,97.41,,101.55,,97.16,,98.13,,113.91,,101.31,102.64,,102.55,,98.13
2016-06,87.13,103.38,102.8,107.11,106.39,98.76,98.24,98.49,97.93,107.68,106.53,98.76,98.24,98.76,98.24,98.76,98.24,98.76,98.24,98.76,98.24,98.76,98.24,98.76,98.24,98.76,98.24,98.76,98.24,98.76,98.24,98.76,98.24,100.06,99.35,93.51,93.69,103.02,102.32,103.84,102.67,98.42,97.39,100.79,100.84,98,97.36,98.76,98.24,116.98,113.65,100.82,101.59,100.75,99.01,100.92,98.76
2016-07,86,101,,108.55,,100.32,,99.93,,116.27,,100.32,,100.32,,100.32,,100.32,,100.32,,100.32,,100.32,,100.32,,100.32,,100.32,,100.32,,101.81,,92.42,,104.97,,105.45,,101.56,,102.05,,99.31,,100.32,,116.69,,102.01,99.84,,97.75,,100.32
2016-08,83.7,98.21,,108.8,,98.98,,98.68,,116.64,,98.98,,98.98,,98.98,,98.98,,98.98,,98.98,,98.98,,98.98,,98.98,,98.98,,98.98,,99.18,,89.5,,102.9,,101.83,,100.5,,100.83,,98.01,,98.98,,116.03,,101.67,98.55,,96.35,,98.98
2016-09,84.27,97.89,99.04,108.85,108.73,98.94,99.41,98.77,99.13,116.27,116.39,98.94,99.41,98.94,99.41,98.94,99.41,98.94,99.41,98.94,99.41,98.94,99.41,98.94,99.41,98.94,99.41,98.94,99.41,98.94,99.41,98.94,99.41,98.64,99.88,87.09,89.67,101.72,103.19,102.27,103.18,101.23,101.1,101.24,101.38,98,98.44,98.94,99.41,120,117.57,102.46,98.94,99.11,95.38,96.5,98.94
2016-10,85.8,99.55,,112.95,,100.69,,100.34,,123.96,,100.69,,100.69,,100.69,,100.69,,100.69,,100.69,,100.69,,100.69,,100.69,,100.69,,100.69,,99.71,,86.58,,101.24,,103.6,,104.37,,102.54,,99.65,,100.69,,118.61,,103.69,98.65,,97.52,,100.69
2016-11,89.45,102.77,,120.63,,102.91,,102.48,,122.91,,102.91,,102.91,,102.91,,102.91,,102.91,,102.91,,102.91,,102.91,,102.91,,102.91,,102.91,,102.44,,85.12,,104.31,,107.71,,108.11,,103.48,,101.83,,102.91,,125.97,,105.16,99.73,,97.65,,102.91
2016-12,95.93,104.67,102.33,128.41,120.66,105.26,102.95,104.93,102.59,122.56,123.14,105.26,102.95,105.26,102.95,105.26,102.95,105.26,102.95,105.26,102.95,105.26,102.95,105.26,102.95,105.26,102.95,105.26,102.95,105.26,102.95,105.26,102.95,105.95,102.7,85.47,85.72,106.25,103.93,111.51,107.6,109.3,107.26,105.91,103.98,104.3,101.93,105.26,102.95,128.87,124.48,104.47,102.29,100.23,99.21,98.13,105.26
2017-01,95.02,104.36,,137.73,,104.36,,104.17,,123.74,,104.36,,104.36,,104.36,,104.36,,104.36,,104.36,,104.36,,104.36,,104.36,,104.36,,104.36,,104.22,,86.71,,105.14,,109.19,,106.26,,104.81,,103.51,,104.36,,134,,103.31,100.92,,97.9,,104.36
2017-02,93.49,101.06,,134.66,,104.21,,103.88,,122.33,,104.21,,104.21,,104.21,,104.21,,104.21,,104.21,,104.21,,104.21,,104.21,,104.21,,104.21,,103.85,,84.5,,103.24,,107.42,,105.57,,104.09,,103.24,,104.21,,127.37,,102.55,98,,96.52,,104.21
2017-03,93.41,100.25,101.89,134.8,135.73,103.76,104.11,103.49,103.84,123.75,123.27,103.76,104.11,103.76,104.11,103.76,104.11,103.76,104.11,103.76,104.11,103.76,104.11,103.76,104.11,103.76,104.11,103.76,104.11,103.76,104.11,103.76,104.11,103.87,103.98,83.1,84.77,105.52,104.63,106.49,107.7,105.79,105.87,104.13,104.35,102.84,103.2,103.76,104.11,121.13,127.5,104.7,98.57,99.16,99.54,97.99,103.76
2017-04,90.97,100.19,,134.15,,103.54,,103.27,,120.89,,103.54,,103.54,,103.54,,103.54,,103.54,,103.54,,103.54,,103.54,,103.54,,103.54,,103.54,,104.13,,83.85,,106.4,,104.97,,106.15,,103.99,,101.78,,103.54,,118.16,,105.12,99.66,,100.05,,103.54
2017-05,92.75,99.53,,131.03,,100.34,,100.13,,118.18,,100.34,,100.34,,100.34,,100.34,,100.34,,100.34,,100.34,,100.34,,100.34,,100.34,,100.34,,100.55,,78.06,,105.52,,100.97,,104.21,,102.54,,97.84,,100.34,,118.18,,106.43,101.08,,100.3,,100.34
2017-06,91.64,99.93,99.88,129.26,131.48,98.73,100.87,98.5,100.63,119.25,119.44,98.73,100.87,98.73,100.87,98.73,100.87,98.73,100.87,98.73,100.87,98.73,100.87,98.73,100.87,98.73,100.87,98.73,100.87,98.73,100.87,98.73,100.87,98.33,101,76.78,79.56,104.91,105.61,99.39,101.78,103.05,104.47,100.64,102.39,95.1,98.24,98.73,100.87,114.08,116.81,104.03,99.43,100.06,96.4,98.92,98.73
2017-07,93,100.18,,130.86,,96.31,,96.07,,117.59,,96.31,,96.31,,96.31,,96.31,,96.31,,96.31,,96.31,,96.31,,96.31,,96.31,,96.31,,95.5,,79.28,,101.27,,97.67,,98.85,,99.83,,92.14,,96.31,,112.01,,99.37,96.46,,94.83,,96.31
2017-08,90.82,100,,128.87,,93.92,,93.67,,117.96,,93.92,,93.92,,93.92,,93.92,,93.92,,93.92,,93.92,,93.92,,93.92,,93.92,,93.92,,92.26,,80.33,,97.89,,95.77,,95.9,,100.27,,89.9,,93.92,,112.07,,98.62,94.9,,95.48,,93.92
2017-09,91.46,100.11,100.1,127.58,129.1,93.13,94.45,92.85,94.2,114.7,116.75,93.13,94.45,93.13,94.45,93.13,94.45,93.13,94.45,93.13,94.45,93.13,94.45,93.13,94.45,93.13,94.45,93.13,94.45,93.13,94.45,93.13,94.45,92.68,93.48,80.58,80.07,97.08,98.75,95.05,96.16,94.91,96.55,99.98,100.03,88.99,90.34,93.13,94.45,112.09,112.06,96.13,94.26,95.2,96.12,95.48,93.13
2017-10,93.34,100.27,,134.99,,94.37,,94.14,,115.78,,94.37,,94.37,,94.37,,94.37,,94.37,,94.37,,94.37,,94.37,,94.37,,94.37,,94.37,,94.41,,80.02,,99.13,,96.23,,96.95,,102.01,,89.13,,94.37,,118,,98.59,96.46,,99.06,,94.37
2017-11,93.3,97.53,,142.86,,94.49,,94.28,,115.59,,94.49,,94.49,,94.49,,94.49,,94.49,,94.49,,94.49,,94.49,,94.49,,94.49,,94.49,,95.17,,79.09,,101.5,,95.57,,99.49,,103.07,,88.48,,94.49,,118.92,,99.86,98.55,,101.24,,94.49
2017-12,93.35,95.89,97.9,141.14,139.66,93.77,94.21,93.5,93.97,114.04,115.14,93.77,94.21,93.77,94.21,93.77,94.21,93.77,94.21,93.77,94.21,93.77,94.21,93.77,94.21,93.77,94.21,93.77,94.21,93.77,94.21,93.77,94.21,94.76,94.78,79.57,79.56,103.15,101.26,94.18,95.33,99.62,98.69,102.55,102.54,88.13,88.58,93.77,94.21,120.57,119.16,99.9,98.3,97.77,100.1,100.13,93.77
2018-01,91.8,94.31,,138.63,,90.96,,90.83,,110.61,,90.96,,90.96,,90.96,,90.96,,90.96,,90.96,,90.96,,90.96,,90.96,,90.96,,90.96,,90.92,,77.96,,98.24,,90.65,,95.64,,99.86,,84.93,,90.96,,119.02,,97.26,94.61,,96.04,,90.96
2018-02,89.22,95.48,,138.96,,89.89,,89.66,,109.45,,89.89,,89.89,,89.89,,89.89,,89.89,,89.89,,89.89,,89.89,,89.89,,89.89,,89.89,,90.33,,76.5,,97.13,,89.42,,95.29,,97.06,,83.38,,89.89,,117.24,,98.44,95.36,,95.41,,89.89
2018-03,87.62,94.72,94.83,142.9,140.16,89.97,90.27,89.74,90.08,109.36,109.81,89.97,90.27,89.97,90.27,89.97,90.27,89.97,90.27,89.97,90.27,89.97,90.27,89.97,90.27,89.97,90.27,89.97,90.27,89.97,90.27,89.97,90.27,90.7,90.65,75.51,76.66,96.31,97.22,90.54,90.2,97.74,96.22,98.42,98.44,83.83,84.05,89.97,90.27,117.15,117.8,101.15,96.82,95.6,96.14,95.87,89.97
2018-04,88.9,94.4,,149.14,,90.4,,90.14,,108.51,,90.4,,90.4,,90.4,,90.4,,90.4,,90.4,,90.4,,90.4,,90.4,,90.4,,90.4,,90.92,,75.49,,97.15,,90.61,,100.15,,100.54,,84.02,,90.4,,115.42,,99.61,97.7,,96.24,,90.4
2018-05,90.69,95.18,,162.36,,93.97,,93.69,,113.55,,93.97,,93.97,,93.97,,93.97,,93.97,,93.97,,93.97,,93.97,,93.97,,93.97,,93.97,,95.79,,78.75,,100.41,,96.02,,103.91,,103.61,,88.16,,93.97,,122.67,,100.69,99.83,,100.32,,93.97
2018-06,90.92,96.6,95.39,170.3,160.6,95,93.13,94.83,92.89,114.99,112.35,95,93.13,95,93.13,95,93.13,95,93.13,95,93.13,95,93.13,95,93.13,95,93.13,95,93.13,95,93.13,95,93.13,98.98,95.23,81.02,78.42,100.61,99.39,97.79,94.8,104.4,102.82,102.83,102.33,89.76,87.31,95,93.13,127.36,121.82,102.67,100.21,99.25,100.47,99.01,95
2018-07,92.12,99.25,,175.09,,94.93,,94.82,,116.03,,94.93,,94.93,,94.93,,94.93,,94.93,,94.93,,94.93,,94.93,,94.93,,94.93,,94.93,,99.57,,80.71,,100.79,,98.3,,104.66,,103.36,,90.04,,94.93,,119.4,,102.73,101.46,,102.74,,94.93
2018-08,91.78,99.13,,216.03,,96.05,,96,,118.63,,96.05,,96.05,,96.05,,96.05,,96.05,,96.05,,96.05,,96.05,,96.05,,96.05,,96.05,,100.21,,81.65,,103.26,,98.49,,107.51,,102.75,,90.44,,96.05,,118.36,,102,102.55,,104.52,,96.05
2018-09,92.51,98.99,99.12,233,208.04,95.08,95.35,95.12,95.32,116.98,117.21,95.08,95.35,95.08,95.35,95.08,95.35,95.08,95.35,95.08,95.35,95.08,95.35,95.08,95.35,95.08,95.35,95.08,95.35,95.08,95.35,95.08,95.35,99.76,99.85,83.93,82.1,102.33,102.12,97.81,98.2,106.26,106.15,100.58,102.23,89.29,89.92,95.08,95.35,119.43,119.06,101.99,104.32,102.78,105.68,104.31,95.08
2018-10,93.26,100.02,,214.21,,96.6,,96.59,,117.44,,96.6,,96.6,,96.6,,96.6,,96.6,,96.6,,96.6,,96.6,,96.6,,96.6,,96.6,,101.04,,88.67,,102.36,,99.41,,107.18,,103.24,,91.43,,96.6,,120.41,,101.75,105.71,,106.72,,96.6
2018-11,93.67,99.68,,196.95,,97.62,,97.6,,118.45,,97.62,,97.62,,97.62,,97.62,,97.62,,97.62,,97.62,,97.62,,97.62,,97.62,,97.62,,101.73,,93.26,,105.03,,100.47,,107.43,,104.03,,92.77,,97.62,,127.16,,103.27,103.7,,102.88,,97.62
2018-12,92.75,99.26,99.65,195.26,202.14,97.48,97.23,97.48,97.22,120.63,118.84,97.48,97.23,97.48,97.23,97.48,97.23,97.48,97.23,97.48,97.23,97.48,97.23,97.48,97.23,97.48,97.23,97.48,97.23,97.48,97.23,97.48,97.23,101.47,101.42,91.59,91.17,106.89,104.76,99.93,99.94,107,107.2,103.14,103.47,92.26,92.15,97.48,97.23,126.13,124.57,105.2,104.75,104.72,102.36,103.99,97.48
2019-01,90.18,99.14,,197.11,,97.15,,97.22,,118.52,,97.15,,97.15,,97.15,,97.15,,97.15,,97.15,,97.15,,97.15,,97.15,,97.15,,97.15,,100.37,,90.72,,106.12,,99.75,,106.6,,102.76,,91.37,,97.15,,120.6,,104.17,105.27,,102.88,,97.15
2019-02,91.18,99.18,,193.62,,97.77,,97.76,,117.39,,97.77,,97.77,,97.77,,97.77,,97.77,,97.77,,97.77,,97.77,,97.77,,97.77,,97.77,,100.38,,90.94,,106.45,,100.91,,109.73,,104.08,,92.16,,97.77,,120.64,,103.33,105.18,,102.02,,97.77
2019-03,91.92,99.97,99.43,200.58,197.1,98.2,97.71,98.17,97.72,116.06,117.32,98.2,97.71,98.2,97.71,98.2,97.71,98.2,97.71,98.2,97.71,98.2,97.71,98.2,97.71,98.2,97.71,98.2,97.71,98.2,97.71,98.2,97.71,100.06,100.27,90.94,90.87,106.62,106.4,100.83,100.5,110.19,108.84,103.98,103.6,92.37,91.96,98.2,97.71,120.92,120.72,104.58,106.12,105.52,102.03,102.31,98.2
2019-04,92.25,100.96,,211.53,,98.73,,98.7,,117.24,,98.73,,98.73,,98.73,,98.73,,98.73,,98.73,,98.73,,98.73,,98.73,,98.73,,98.73,,102.28,,91.29,,106.06,,101.15,,110.55,,104.64,,92.9,,98.73,,119.29,,104.66,105.57,,103.85,,98.73
2019-05,90.98,104.57,,222.06,,99.16,,99.24,,118.97,,99.16,,99.16,,99.16,,99.16,,99.16,,99.16,,99.16,,99.16,,99.16,,99.16,,99.16,,104.09,,93.32,,108.32,,101.87,,113.88,,105.05,,93.66,,99.16,,120.22,,105.29,108.14,,106.27,,99.16
2019-06,89.31,103.78,103.11,213.71,215.77,98.21,98.7,98.33,98.76,120.51,118.91,98.21,98.7,98.21,98.7,98.21,98.7,98.21,98.7,98.21,98.7,98.21,98.7,98.21,98.7,98.21,98.7,98.21,98.7,98.21,98.7,98.21,98.7,102.39,102.92,94.58,93.06,107.05,107.14,100.24,101.09,111.64,112.02,102.77,104.15,92.17,92.91,98.21,98.7,121.03,120.18,103.95,108.22,107.31,105.64,105.25,98.21
2019-07,89.44,103.99,,208.15,,98.92,,98.95,,122.56,,98.92,,98.92,,98.92,,98.92,,98.92,,98.92,,98.92,,98.92,,98.92,,98.92,,98.92,,103.84,,94.51,,106.77,,100.7,,111.63,,102.6,,92.59,,98.92,,119.79,,102.49,107.54,,104.4,,98.92
2019-08,87.86,106.99,,206.83,,99.71,,99.7,,125.69,,99.71,,99.71,,99.71,,99.71,,99.71,,99.71,,99.71,,99.71,,99.71,,99.71,,99.71,,105.2,,93.84,,111.17,,103.58,,114.41,,101.76,,94.3,,99.71,,123.8,,103.85,110.93,,108.36,,99.71
2019-09,88.79,105.76,105.58,209.69,208.23,100.77,99.8,100.85,99.83,123.68,123.97,100.77,99.8,100.77,99.8,100.77,99.8,100.77,99.8,100.77,99.8,100.77,99.8,100.77,99.8,100.77,99.8,100.77,99.8,100.77,99.8,100.77,99.8,108.14,105.73,94.81,94.39,111.79,109.91,104.9,103.06,115.27,113.77,102.93,102.43,95.58,94.16,100.77,99.8,123.11,122.24,103.6,110.37,109.62,109.9,107.55,100.77
2019-10,89.35,104.64,,212.69,,100.35,,100.49,,120.87,,100.35,,100.35,,100.35,,100.35,,100.35,,100.35,,100.35,,100.35,,100.35,,100.35,,100.35,,107.51,,94.51,,113.5,,103.31,,115.98,,103.25,,94.53,,100.35,,121.57,,103.19,110.6,,110.09,,100.35
2019-11,89.92,103.27,,210.72,,100.4,,100.54,,118.59,,100.4,,100.4,,100.4,,100.4,,100.4,,100.4,,100.4,,100.4,,100.4,,100.4,,100.4,,108.11,,93.76,,113.43,,102.82,,114.33,,103.2,,93.94,,100.4,,121.5,,103.56,110.03,,109.01,,100.4
2019-12,90.23,103.8,103.9,214.91,212.77,99.83,100.19,100.02,100.35,116.65,118.71,99.83,100.19,99.83,100.19,99.83,100.19,99.83,100.19,99.83,100.19,99.83,100.19,99.83,100.19,99.83,100.19,99.83,100.19,99.83,100.19,99.83,100.19,106.66,107.43,92.53,93.6,111.98,112.97,101.97,102.7,111.93,114.08,102.2,102.88,93.35,93.94,99.83,100.19,120.19,121.09,103.03,109.21,109.95,105.63,108.24,99.83
2020-01,90.36,103.03,,217.62,,99.92,,100.07,,116.83,,99.92,,99.92,,99.92,,99.92,,99.92,,99.92,,99.92,,99.92,,99.92,,99.92,,99.92,,107.78,,93.52,,110.95,,101.58,,112.67,,100.8,,92.36,,99.92,,118.28,,102.34,109.3,,105.54,,99.92
2020-02,90.93,105.64,,222.65,,101.72,,101.88,,117.92,,101.72,,101.72,,101.72,,101.72,,101.72,,101.72,,101.72,,101.72,,101.72,,101.72,,101.72,,110.77,,96.1,,115.22,,104,,114.94,,101.43,,93.41,,101.72,,118.44,,103.92,112.6,,109.1,,101.72
2020-03,88.83,107.87,105.51,232.68,224.32,100.49,100.71,100.43,100.79,123.78,119.51,100.49,100.71,100.49,100.71,100.49,100.71,100.49,100.71,100.49,100.71,100.49,100.71,100.49,100.71,100.49,100.71,100.49,100.71,100.49,100.71,100.49,100.71,111.79,110.11,102.15,97.25,126.73,117.63,106.46,104.01,116.31,114.64,99.45,100.56,97.76,94.51,100.49,100.71,139.48,125.4,109.15,120.92,114.27,115.31,109.98,100.49
2020-04,89.09,108.23,,251.58,,102.03,,102.14,,123.05,,102.03,,102.03,,102.03,,102.03,,102.03,,102.03,,102.03,,102.03,,102.03,,102.03,,102.03,,117.48,,109.35,,129.26,,110.88,,118.92,,100.9,,101.94,,102.03,,151.83,,109.97,119.52,,115.93,,102.03
2020-05,88.61,108.64,,254.57,,101.72,,101.76,,124.22,,101.72,,101.72,,101.72,,101.72,,101.72,,101.72,,101.72,,101.72,,101.72,,101.72,,101.72,,115.46,,109.14,,125.11,,110.35,,115.6,,100.86,,101.71,,101.72,,146.99,,109.33,115.44,,114.54,,101.72
2020-06,88.91,106.8,107.89,250.33,252.16,98.52,100.76,98.51,100.8,122,123.09,98.52,100.76,98.52,100.76,98.52,100.76,98.52,100.76,98.52,100.76,98.52,100.76,98.52,100.76,98.52,100.76,98.52,100.76,98.52,100.76,98.52,100.76,110.56,114.5,102.77,107.09,118.22,124.19,104.61,108.61,110.39,114.97,98.88,100.21,96.4,100.01,98.52,100.76,139.69,146.17,106,108.95,114.64,108.17,112.88,98.52
2020-07,88.22,105.94,,252.12,,96.69,,96.62,,120.42,,96.69,,96.69,,96.69,,96.69,,96.69,,96.69,,96.69,,96.69,,96.69,,96.69,,96.69,,109.8,,104.73,,115.28,,103.08,,107.36,,97.12,,94.11,,96.69,,140.71,,105.64,106.92,,105.79,,96.69
2020-08,87.59,104.88,,266.7,,93.78,,93.61,,116.32,,93.78,,93.78,,93.78,,93.78,,93.78,,93.78,,93.78,,93.78,,93.78,,93.78,,93.78,,105.52,,103.58,,110.92,,98.67,,103.39,,94.57,,89.95,,93.78,,139.46,,103.5,104.37,,105.66,,93.78
2020-09,87.24,104.11,104.97,276.68,265.17,94.13,94.87,93.84,94.69,117.95,118.23,94.13,94.87,94.13,94.87,94.13,94.87,94.13,94.87,94.13,94.87,94.13,94.87,94.13,94.87,94.13,94.87,94.13,94.87,94.13,94.87,94.13,94.87,109.47,108.27,104.52,104.28,113.35,113.18,100.6,100.78,104.84,105.2,95.02,95.57,92.22,92.1,94.13,94.87,135.75,138.64,103.43,103.83,105.04,104.63,105.36,94.13
2020-10,86.94,101.27,,290.77,,94.25,,93.98,,117.67,,94.25,,94.25,,94.25,,94.25,,94.25,,94.25,,94.25,,94.25,,94.25,,94.25,,94.25,,110.42,,105.39,,115.02,,102.4,,104.87,,94.84,,93.92,,94.25,,133.62,,103.35,105.42,,105.03,,94.25
2020-11,86.27,98.61,,293.28,,93.75,,93.53,,115.67,,93.75,,93.75,,93.75,,93.75,,93.75,,93.75,,93.75,,93.75,,93.75,,93.75,,93.75,,108.97,,103.76,,112.57,,100.85,,102.6,,94.65,,90.91,,93.75,,128.22,,102.21,103.45,,101.51,,93.75
2020-12,85.78,96.77,98.88,283.22,289.09,91.17,93.06,90.92,92.81,113.75,115.7,91.17,93.06,91.17,93.06,91.17,93.06,91.17,93.06,91.17,93.06,91.17,93.06,91.17,93.06,91.17,93.06,91.17,93.06,91.17,93.06,91.17,93.06,105.75,108.38,96.72,101.95,108.09,111.9,97.64,100.3,99.23,102.23,92.37,93.95,87.95,90.93,91.17,93.06,125.3,129.05,100.21,99.85,102.91,98.32,101.62,91.17
2021-01,85.69,97.09,,271.66,,91.16,,90.84,,112.06,,91.16,,91.16,,91.16,,91.16,,91.16,,91.16,,91.16,,91.16,,91.16,,91.16,,91.16,,105.68,,97.44,,105.63,,98.9,,98.32,,92.11,,87.32,,91.16,,124.99,,99.54,97.27,,96.98,,91.16
2021-02,87.06,98.27,,260.06,,91.71,,91.4,,110.18,,91.71,,91.71,,91.71,,91.71,,91.71,,91.71,,91.71,,91.71,,91.71,,91.71,,91.71,,106.04,,97.24,,105.36,,98.6,,98.87,,93.24,,86.97,,91.71,,127.48,,99.35,96.91,,96.28,,91.71
2021-03,89.83,99.98,98.45,281.92,271.21,93.23,92.03,92.93,91.72,110.25,110.83,93.23,92.03,93.23,92.03,93.23,92.03,93.23,92.03,93.23,92.03,93.23,92.03,93.23,92.03,93.23,92.03,93.23,92.03,93.23,92.03,93.23,92.03,110.04,107.25,96.52,97.07,105.74,105.58,102.49,100,101.33,99.51,96.59,93.98,89.46,87.92,93.23,92.03,130.28,127.58,98.36,97.45,97.21,97.76,97,93.23
2021-04,90.15,98.86,,299.79,,92.74,,92.49,,110.37,,92.74,,92.74,,92.74,,92.74,,92.74,,92.74,,92.74,,92.74,,92.74,,92.74,,92.74,,108.15,,95.43,,104.07,,101.31,,100.94,,95.97,,88.21,,92.74,,126.15,,97.78,97.74,,97.84,,92.74
2021-05,90.15,99.34,,306.89,,91.29,,91.03,,108.44,,91.29,,91.29,,91.29,,91.29,,91.29,,91.29,,91.29,,91.29,,91.29,,91.29,,91.29,,104.37,,93.29,,102.94,,98.89,,99.05,,93.8,,85.57,,91.29,,125.47,,94.84,96.84,,96.46,,91.29
2021-06,90.97,99.18,99.12,316.3,307.66,92.08,92.04,91.79,91.77,108.96,109.25,92.08,92.04,92.08,92.04,92.08,92.04,92.08,92.04,92.08,92.04,92.08,92.04,92.08,92.04,92.08,92.04,92.08,92.04,92.08,92.04,92.08,92.04,103.97,105.5,92.39,93.7,104.43,103.81,99.1,99.77,99.58,99.86,94.34,94.7,85.92,86.57,92.08,92.04,125.67,125.76,95.59,98.23,97.6,98.15,97.48,92.08
2021-07,91.1,101.19,,315.46,,93.81,,93.54,,110.66,,93.81,,93.81,,93.81,,93.81,,93.81,,93.81,,93.81,,93.81,,93.81,,93.81,,93.81,,108.24,,94.39,,108.85,,102.39,,102.35,,95.4,,88.2,,93.81,,125.52,,97.97,101.21,,99.9,,93.81
2021-08,90.75,102.66,,311.2,,94.27,,93.94,,110.74,,94.27,,94.27,,94.27,,94.27,,94.27,,94.27,,94.27,,94.27,,94.27,,94.27,,94.27,,107.09,,95.56,,109.76,,102.96,,102.95,,95,,87.97,,94.27,,126.13,,98.55,102.88,,99.94,,94.27
2021-09,91.03,103.57,102.47,313.84,313.5,94.25,94.11,93.94,93.81,111.27,110.89,94.25,94.11,94.25,94.11,94.25,94.11,94.25,94.11,94.25,94.11,94.25,94.11,94.25,94.11,94.25,94.11,94.25,94.11,94.25,94.11,94.25,94.11,107.18,107.5,97.25,95.74,107.31,108.64,102.9,102.75,102.49,102.6,95.84,95.41,87.71,87.96,94.25,94.11,126,125.88,99.1,102.63,102.24,98.85,99.56,94.25
2021-10,93.46,104.55,,337.62,,95.62,,95.35,,111.56,,95.62,,95.62,,95.62,,95.62,,95.62,,95.62,,95.62,,95.62,,95.62,,95.62,,95.62,,111.45,,97.88,,104.9,,105.03,,102.89,,95.97,,89.35,,95.62,,128.85,,97.31,101.64,,98.8,,95.62
2021-11,94.23,104.63,,392.59,,97.26,,96.9,,113.63,,97.26,,97.26,,97.26,,97.26,,97.26,,97.26,,97.26,,97.26,,97.26,,97.26,,97.26,,114.38,,99.01,,108.3,,107.94,,104.41,,95.8,,90.45,,97.26,,131,,98.29,102.77,,99.46,,97.26
2021-12,94.15,104.62,104.6,497.9,409.37,98.16,97.01,97.82,96.69,114.76,113.32,98.16,97.01,98.16,97.01,98.16,97.01,98.16,97.01,98.16,97.01,98.16,97.01,98.16,97.01,98.16,97.01,98.16,97.01,98.16,97.01,98.16,97.01,116.42,114.08,98.6,98.49,111.14,108.12,108.34,107.1,107.84,105.05,95.7,95.82,90.83,90.21,98.16,97.01,131.24,130.36,100.1,104.98,103.13,102.68,100.31,98.16
2022-01,94.95,105.68,,497.06,,98,,97.79,,112.71,,98,,98,,98,,98,,98,,98,,98,,98,,98,,98,,98,,113.47,,97.84,,109.68,,106.65,,108.37,,95.47,,87.94,,98,,128.84,,98.71,104.65,,103.41,,98
2022-02,95.17,105.99,,501.47,,97.79,,97.55,,112.87,,97.79,,97.79,,97.79,,97.79,,97.79,,97.79,,97.79,,97.79,,97.79,,97.79,,97.79,,112.77,,94.89,,109.93,,106.46,,110.22,,95.88,,87.63,,97.79,,128.58,,99.48,104.98,,104.42,,97.79
2022-03,97.97,107.94,106.54,536.69,511.74,100.65,98.81,100.4,98.58,115.99,113.85,100.65,98.81,100.65,98.81,100.65,98.81,100.65,98.81,100.65,98.81,100.65,98.81,100.65,98.81,100.65,98.81,100.65,98.81,100.65,98.81,100.65,98.81,122.62,116.29,98.66,97.13,109.58,109.73,114.46,109.19,113.55,110.71,96.61,95.98,92.3,89.29,100.65,98.81,129.1,128.84,99.02,101.99,103.87,101.52,103.12,100.65
2022-04,104.41,109.16,,539.99,,102.71,,102.27,,118.22,,102.71,,102.71,,102.71,,102.71,,102.71,,102.71,,102.71,,102.71,,102.71,,102.71,,102.71,,124.08,,98.17,,110.32,,113.92,,113.07,,98,,91.81,,102.71,,126.07,,98.78,101.57,,103.23,,102.71
2022-05,106.5,112.11,,573.27,,104.87,,104.63,,122.76,,104.87,,104.87,,104.87,,104.87,,104.87,,104.87,,104.87,,104.87,,104.87,,104.87,,104.87,,130.24,,99.32,,119.04,,116.61,,117.75,,101.78,,95.15,,104.87,,125.83,,100.54,106.57,,108.93,,104.87
2022-06,110.61,112.85,111.37,624.04,579.1,105,104.19,104.7,103.87,124.07,121.68,105,104.19,105,104.19,105,104.19,105,104.19,105,104.19,105,104.19,105,104.19,105,104.19,105,104.19,105,104.19,105,104.19,134.4,129.57,99.39,98.96,120.89,116.75,116.41,115.65,118.83,116.55,100.71,100.16,95.15,94.04,105,104.19,125.69,125.87,100.24,106.85,104.99,109.85,107.34,105
2022-07,113.05,115.56,,640.96,,108.96,,108.73,,127.44,,108.96,,108.96,,108.96,,108.96,,108.96,,108.96,,108.96,,108.96,,108.96,,108.96,,108.96,,142.13,,103.58,,124.06,,124.31,,123.18,,100.75,,98.04,,108.96,,128.95,,101.23,109.63,,112.53,,108.96
2022-08,111.77,116.66,,662.17,,109.5,,109.23,,127.52,,109.5,,109.5,,109.5,,109.5,,109.5,,109.5,,109.5,,109.5,,109.5,,109.5,,109.5,,142.29,,104.89,,120.37,,123.61,,123.1,,99.44,,98.65,,109.5,,126.46,,101.05,107.93,,111.28,,109.5
2022-09,118.36,123.27,118.5,672.57,658.56,112.09,110.18,111.68,109.88,134.94,129.96,112.09,110.18,112.09,110.18,112.09,110.18,112.09,110.18,112.09,110.18,112.09,110.18,112.09,110.18,112.09,110.18,112.09,110.18,112.09,110.18,112.09,110.18,146.07,143.5,107.52,105.33,127.39,123.94,127,124.97,129.08,125.12,101.1,100.43,100.9,99.19,112.09,110.18,126.09,127.17,104.26,112.42,109.99,117.73,113.84,112.09
2022-10,121.52,126.02,,682.52,,112.74,,112.58,,135.12,,112.74,,112.74,,112.74,,112.74,,112.74,,112.74,,112.74,,112.74,,112.74,,112.74,,112.74,,152.42,,109.29,,131.16,,129.69,,132.03,,103.46,,101.49,,112.74,,125.71,,107.18,118.03,,122.5,,112.74
2022-11,117.66,120.21,,683.41,,108.72,,108.47,,130.16,,108.72,,108.72,,108.72,,108.72,,108.72,,108.72,,108.72,,108.72,,108.72,,108.72,,108.72,,143.17,,109.25,,125.68,,122.4,,126.6,,100.37,,97.14,,108.72,,122.39,,105.18,114,,114.89,,108.72
2022-12,111.43,114.36,120.2,685.18,683.7,104.78,108.75,104.43,108.49,125.57,130.28,104.78,108.75,104.78,108.75,104.78,108.75,104.78,108.75,104.78,108.75,104.78,108.75,104.78,108.75,104.78,108.75,104.78,108.75,104.78,108.75,104.78,108.75,137.7,144.43,107.94,108.82,122.34,126.39,117.3,123.13,123.15,127.26,96.85,100.23,93.18,97.27,104.78,108.75,123.11,123.74,106.34,111.4,114.48,109.81,115.74,104.78
2023-01,107.95,110,,689.64,,103,,102.71,,125.02,,103,,103,,103,,103,,103,,103,,103,,103,,103,,103,,103,,131.57,,108.56,,123.39,,115.58,,123.14,,96.03,,90.48,,103,,119.32,,105.04,108.17,,109.01,,103
2023-02,109.74,112.72,,692.04,,103.64,,103.32,,126.43,,103.64,,103.64,,103.64,,103.64,,103.64,,103.64,,103.64,,103.64,,103.64,,103.64,,103.64,,128.65,,108.3,,126.77,,117.42,,123.75,,96.05,,89.98,,103.64,,116.88,,105.24,108.69,,110.89,,103.64
2023-03,110.51,115.38,112.7,697.73,693.14,103.57,103.4,103.42,103.15,125.9,125.79,103.57,103.4,103.57,103.4,103.57,103.4,103.57,103.4,103.57,103.4,103.57,103.4,103.57,103.4,103.57,103.4,103.57,103.4,103.57,103.4,103.57,103.4,128.91,129.71,106.24,107.7,130.73,126.96,116.27,116.42,124.26,123.72,96.18,96.08,89.96,90.14,103.57,103.4,115.47,117.22,107.04,112.37,109.74,112.32,110.74,103.57
2023-04,110.24,116.87,,710.15,,101.18,,101.04,,122.77,,101.18,,101.18,,101.18,,101.18,,101.18,,101.18,,101.18,,101.18,,101.18,,101.18,,101.18,,122.87,,103.45,,130.12,,112.28,,122.71,,93.35,,86.93,,101.18,,113.76,,105.49,112.26,,112.29,,101.18
2023-05,113.56,117.36,,725.23,,102.18,,101.82,,122.49,,102.18,,102.18,,102.18,,102.18,,102.18,,102.18,,102.18,,102.18,,102.18,,102.18,,102.18,,122.77,,104.89,,133.62,,110.78,,123.82,,93.25,,88.25,,102.18,,111.52,,105.76,112.99,,112.27,,102.18
2023-06,116.79,114.66,116.3,870.25,768.54,102.33,101.9,102.16,101.67,120.98,122.08,102.33,101.9,102.33,101.9,102.33,101.9,102.33,101.9,102.33,101.9,102.33,101.9,102.33,101.9,102.33,101.9,102.33,101.9,102.33,101.9,102.33,101.9,122.55,122.73,104.46,104.27,134.05,132.59,109.27,110.78,127.7,124.74,93.61,93.41,88.89,88.02,102.33,101.9,108.36,111.21,103.95,112.03,112.43,113.66,112.74,102.33
2023-07,116.57,113.51,,973.18,,100.34,,100.2,,118.62,,100.34,,100.34,,100.34,,100.34,,100.34,,100.34,,100.34,,100.34,,100.34,,100.34,,100.34,,122.8,,100.73,,127.28,,106.6,,124.85,,90.82,,87.83,,100.34,,106.22,,103.39,111.53,,111.92,,
2023-08,119.56,116.78,,989.48,,101.69,,101.58,,120.3,,101.69,,101.69,,101.69,,101.69,,101.69,,101.69,,101.69,,101.69,,101.69,,101.69,,101.69,,126.56,,99.95,,129.74,,108.39,,128.35,,91.26,,89.88,,101.69,,106.7,,105.45,115.76,,116.32,,
2023-09,122.02,117.82,116.04,991.53,984.73,103.92,101.98,103.78,101.85,123.34,120.75,103.92,101.98,103.92,101.98,103.92,101.98,103.92,101.98,103.92,101.98,103.92,101.98,103.92,101.98,103.92,101.98,103.92,101.98,103.92,101.98,103.92,101.98,129.57,126.31,102.5,101.06,132.93,129.98,114.14,109.71,131.51,128.24,93.34,91.81,92.84,90.18,103.92,101.98,108.73,107.22,105.9,116.96,114.75,117.59,115.28,
2023-10,123.59,119.38,,1023.16,,105.06,,105.02,,125.57,,105.06,,105.06,,105.06,,105.06,,105.06,,105.06,,105.06,,105.06,,105.06,,105.06,,105.06,,130.65,,105.21,,136.51,,113.28,,130.78,,93.92,,94.64,,105.06,,113.38,,107.22,118.24,,118.29,,
