指标,进口额(美元)_比利时_当期,进口额(美元)_丹麦_当期,进口额(美元)_英国_当期,进口额(美元)_德国_当期,进口额(美元)_法国_当期,进口额(美元)_爱尔兰_当期,进口额(美元)_意大利_当期,进口额(美元)_卢森堡_当期,进口额(美元)_荷兰_当期,进口额(美元)_欧洲_当期,进口额(美元)_希腊_当期,进口额(美元)_葡萄牙_当期,进口额(美元)_西班牙_当期,进口额(美元)_阿尔巴尼亚_当期,进口额(美元)_安道尔_当期,进口额(美元)_奥地利_当期,进口额(美元)_保加利亚_当期,进口额(美元)_芬兰_当期,进口额(美元)_直布罗陀_当期,进口额(美元)_匈牙利_当期,进口额(美元)_冰岛_当期,进口额(美元)_列支敦士登_当期,进口额(美元)_马耳他_当期,进口额(美元)_摩纳哥_当期,进口额(美元)_挪威_当期,进口额(美元)_波兰_当期,进口额(美元)_罗马尼亚_当期,进口额(美元)_圣马力诺_当期,进口额(美元)_瑞典_当期,进口额(美元)_瑞士_当期,进口额(美元)_爱沙尼亚_当期,进口额(美元)_拉脱维亚_当期,进口额(美元)_立陶宛_当期,进口额(美元)_格鲁吉亚_当期,进口额(美元)_亚美尼亚_当期,进口额(美元)_阿塞拜疆_当期,进口额(美元)_白俄罗斯_当期,进口额(美元)_摩尔多瓦_当期,进口额(美元)_俄罗斯_当期,进口额(美元)_乌克兰_当期,进口额(美元)_斯洛文尼亚_当期,进口额(美元)_克罗地亚_当期,进口额(美元)_捷克_当期,进口额(美元)_斯洛伐克_当期,进口额(美元)_马其顿_当期,进口额(美元)_波黑_当期,进口额(美元)_梵蒂冈城国_当期,进口额(美元)_法罗群岛_当期,进口额(美元)_塞尔维亚_当期,进口额(美元)_黑山_当期,进口额(美元)_欧洲其他国家(地区)_当期
2000-01,92597,46207,341898,824695,234086,39038,221308,5495,82150,2927647,2428,1870,42164,,,25765,261,153489,,5739,494,7,923,12,131471,3861,5819,,143985,97753,304,,31,58,,,1365,,336462,27728,797,628,3881,652,31,,,,,,
2000-02,83057,31833,203278,636393,307243,27657,155046,2751,83215,2516594,5015,2342,33911,,,31278,331,124507,,6094,583,,307,143,128702,5513,5007,,137237,111009,220,9,102,200,,58,17071,,288870,13472,1312,279,4880,3471,161,37,,,,,
2000-03,94510,50572,251742,806647,245004,29607,239482,5550,92824,2991492,4906,3793,44120,,,35357,221,219227,,9259,775,3,903,20,33835,3873,7735,,184564,102807,174,45,7393,81,,12,1918,,404190,27124,407,139,6033,222,114,26,,,,,
2000-04,104805,51067,287257,849280,280917,39052,217742,4217,106539,3214232,2351,3803,51858,,,39672,491,224403,,9640,537,3,1342,29,20025,5423,8100,,203031,128633,67,73,139,107,1,19,1501,,452576,21505,1564,286,6839,843,17,26,,,,,
2000-05,108120,45338,210130,866120,271556,30523,246159,4247,86005,3083768,6003,2663,65265,,,36063,476,151094,,6613,1103,48,563,69,19589,9202,11679,,229651,101763,387,5,42,84,241,110,203,,448221,12099,879,225,7164,1248,,1867,,,,,
2000-06,140809,48737,273800,888177,326086,37263,255689,3779,101478,3790481,2863,6444,61953,,3,35698,831,227922,,12944,924,,1500,44,35787,6943,10146,,302835,109289,96,1150,271,111,1076,18,2849,13,751982,29633,1317,1349,8210,1029,60,,,,,,
2000-07,112768,37468,337128,886557,282152,24654,290695,3479,102495,3529089,4636,3933,48356,1,,37978,977,165310,,5678,2460,36,1713,63,64290,6787,7219,,286107,139692,781,40,1,307,759,54,10871,51,513292,31293,1458,246,8048,503,47,76,,,,,
2000-08,120943,48903,284989,918705,353996,28150,303241,2860,121002,3743922,2946,4601,63062,,,51814,3818,210038,,6792,2368,104,2296,119,51773,11437,4829,,261929,126086,1683,23,553,311,95,,17883,26,544537,66675,1567,288,9428,1366,51,99,,,,,
2000-09,119754,42958,317790,875970,386639,26597,291237,3105,107617,3584022,3142,6235,50692,,,37377,518,216854,,11971,2091,33,1588,438,19879,3162,8084,,213649,120921,465,37,558,226,1017,860,3543,4025,546031,52596,1310,156,8819,691,133,22,,,,,
2000-10,118827,48170,431079,855292,275563,29310,209028,2148,100428,3317216,2491,3502,42888,,,40742,367,184591,,5971,937,7,3098,172,31830,18768,19018,,205628,134625,516,56,133,178,332,1504,2279,3801,409348,43099,1060,293,5333,301,53,65,,,,,
2000-11,139725,51890,310173,1010560,371915,31896,305428,4556,119721,3916336,5852,4627,51490,1,,51168,4773,260897,,9059,975,783,1188,142,40348,18050,10020,,259387,139516,296,1211,111,362,300,506,4120,,532796,68008,1443,464,7360,4378,151,216,,,,,
2000-12,150339,47136,343380,992938,615285,33735,343284,3485,132759,4172104,5440,3136,67202,,,50927,408,214699,,9787,895,43,3075,157,33152,6590,7786,,246675,149347,114,126,360,326,281,839,8903,,541174,61363,1186,716,6954,928,24,61,,,,,
2001-01,86612,49237,208599,795725,338889,40832,239896,3549,118606,3555037,2208,3383,42455,,,47711,775,209834,,5957,680,41,3199,19,25373,5965,7100,,140027,113001,107,2946,309,125,69,1263,8549,5867,907111,47253,766,1960,4913,500,14,141,,,,,
2001-02,127986,49230,259357,1007629,309075,46722,272903,5499,120611,3547087,2571,3946,51417,,,41152,2865,185211,,17050,376,8,3552,254,25264,3431,8382,,218681,111652,2370,77,133,318,575,44,342,1529,500316,59412,432,250,8565,992,39,119,,,,,
2001-03,181342,51141,306229,1089098,311749,46026,317728,5986,115976,3888799,4738,3108,54936,,,57419,2086,298482,,11610,827,41,3921,176,37104,34370,10457,5,206896,136859,447,13,13,657,36,68,1236,5224,446169,56609,1030,361,6630,3113,10,49,,,,,
2001-04,157411,56825,351340,1219023,334747,48741,344572,5901,112114,4198698,4252,4179,75681,,,72720,150,224624,,17069,1284,47,2154,123,89192,8863,8706,,208127,163379,748,169,30,412,,70,4577,,530272,62763,980,384,7926,703,,4,,,,,
2001-05,134552,46451,290358,1120111,320235,33387,296754,8152,106587,3668900,2741,5278,48736,,,49825,474,150272,,9491,888,38,4173,192,53251,6368,10650,,172272,113709,365,99,49,170,133,21,341,,536071,54107,652,415,7781,693,,18,,,,,
2001-06,153180,44829,319938,1092163,365065,27797,342606,2044,130756,4055534,6108,4372,56629,,,49116,841,207221,,8313,763,7,8784,130,69913,20997,6097,,197961,152052,458,35,104,172,82,6,9718,,636501,40838,1124,432,10149,637,,34,,,,,
2001-07,156098,46742,258696,1186161,298889,84932,327392,5124,134413,4138236,4152,4292,61904,,,47723,505,194041,,13470,1981,65,4220,92,66297,9176,6382,,191291,158426,882,155,368,340,29,571,3038,,719010,35392,826,315,5969,1255,11,41,,,,,
2001-08,137277,58783,317735,1272731,441911,31731,383959,4131,136453,4642882,3379,4429,71521,1,,73228,7737,191527,,10092,2301,39,10983,100,30696,18191,15409,,201467,143545,1114,829,364,399,29,876,168,17,914097,47882,991,194,8827,928,12,85,,,,,
2001-09,152480,61996,338121,1338460,378593,49914,364938,4303,104755,4361294,5645,17709,60608,,,58320,1518,231538,,8740,3290,34,5992,145,31388,27893,8940,,159449,162231,2954,269,652,232,48,1322,2015,,621062,71101,1231,103,6139,1068,7,54,,,,,
2001-10,132276,47061,296839,1191142,309034,48918,247853,1851,103075,3631446,7534,7935,52216,,,40274,8656,161317,,8149,2273,15,6328,39,22405,26164,10404,,166364,144784,459,224,166,131,16,14,1886,,475983,24913,1086,210,7687,864,7,21,,,,,
2001-11,151910,57793,282475,1192680,314962,84048,291228,4862,145668,3975233,3929,5741,65022,,,63233,643,146883,,11168,2283,6,12699,128,50240,20674,4697,,155833,164476,515,21,210,216,,,1008,,615222,39682,1732,43,10230,1219,25,55,,,,,
2001-12,149606,56146,295053,1189892,381671,69513,354512,6597,127372,4653577,11231,7293,73120,,,61289,2212,175170,,9253,1638,79,5487,74,69341,44297,6536,13,155026,165885,430,212,2036,120,158,22,1626,,1057130,70484,1851,458,7323,920,33,54,,,,,
2002-01,126447,36501,266214,1137461,315905,65286,289698,3461,101479,3702237,5740,5513,63343,,,49902,1984,135548,,9967,557,473,17053,448,110403,15299,6205,,140399,136935,960,1784,2104,191,,18,1037,,503497,38582,926,474,7711,3725,39,6,,,,,
2002-02,96069,33519,172406,928851,261121,51290,233699,2152,74956,3112753,2094,3656,48884,3,,51727,550,90066,,8738,429,62,6167,197,78650,13219,2553,,114701,113478,577,171,53,360,,8,3030,,569037,39287,1422,280,9974,4463,,17,,,,,
2002-03,185281,52711,229727,1265210,364968,72721,368965,5216,110497,4271116,2510,6788,71116,,,80916,1200,142879,,8262,428,56,13564,255,96857,16925,9507,,142739,137621,1034,92,222,313,191,4,3900,2,716257,46589,1774,632,10056,4408,17,24,,,,,
2002-04,170331,43981,497471,1429531,379075,78423,356853,3695,137231,4873550,5416,7240,75240,,,51554,296,143791,,20227,801,307,13341,144,86701,9227,12368,,157666,162812,865,162,393,125,223,,1648,4,776138,116378,2866,381,8553,3818,,46,,,,,
2002-05,157779,49484,250555,1236479,333005,42044,333674,2903,103567,4271456,3911,6131,66026,2,,52655,822,124819,,8931,486,287,12922,141,63812,35210,8378,,141586,135453,1078,149,226,147,211,312,1292,2764,904126,52059,4502,855,9838,1030,219,14,,,,,
2002-06,170282,49111,240504,1154212,357642,56056,387504,9403,132958,4273056,4940,6980,77791,6,12,90638,4775,167375,,14115,929,174,17631,268,117618,5925,17014,,142095,148793,702,579,156,1252,,1110,1911,,677980,88697,2541,245,10935,892,,8,,,,,
2002-07,221626,66760,317875,1424087,384357,45436,429318,3182,167523,4910463,6557,7355,87128,,,98163,843,130067,,18408,3547,397,19965,134,52037,15925,38456,,179866,170051,358,87,436,227,1027,,5885,776,822480,65683,2372,556,14549,1311,25,12,,,,,
2002-08,181462,62456,278630,1763603,334423,38619,444241,4512,148533,5049204,8667,11155,93330,20,,92374,521,111057,,22704,2898,647,15922,82,55926,27117,82765,,154075,228286,1378,180,997,183,1171,,5100,616,674619,64622,2903,568,11691,2536,20,106,,,,,
2002-09,221968,56921,335133,1802689,371373,54411,413511,4271,140049,5307074,5671,6798,80804,7,,82498,1933,154572,,13748,1097,384,19994,347,54483,16539,54740,,166618,186215,15109,162,954,269,1137,,22898,2,796088,65544,3987,1018,17238,6885,56,9,,,,,
2002-10,153765,54018,229231,1215529,319273,52565,282302,3967,109833,3895621,1832,4317,69789,1,,75837,1873,103637,,10524,929,771,15369,196,57950,20113,55261,,126652,157965,10250,246,1691,154,753,,3541,,571049,35893,2453,475,13475,4858,26,48,,,,,
2002-11,163031,66503,267999,1508229,428656,55928,367782,3733,216176,4791030,2852,7469,87680,1,,74029,6167,94785,,14520,1172,536,16398,143,73890,19793,35521,,138509,204178,1541,1113,3364,132,1194,4,8176,11,659473,47077,2146,190,17832,2079,240,46,,,,,
2002-12,173925,64646,251019,1567920,405026,76295,412866,3490,130342,4975441,4865,9305,79604,45,,92467,511,114194,,18500,1154,509,11279,266,75204,23306,67051,,186934,254917,2181,512,1210,162,752,,5419,30,734703,45908,1654,71,22843,1864,,48,,,,,
2003-01,208750,96145,269997,1963638,430921,100170,430044,3953,150144,5612726,8423,10753,113413,,,92082,821,121731,,15002,690,897,16345,47,141203,39814,72193,2,200260,277652,1431,624,4207,301,221,,5049,,718716,95258,3299,53,15012,3298,,121,,,,,
2003-02,165293,40843,184033,1252799,302473,52751,318497,4406,117423,3888687,4539,10796,63949,,,57905,1748,107251,,9769,590,942,12863,345,98303,29365,46644,5,128468,146418,5231,394,1002,292,62,1381,7358,591,638360,56134,2087,499,14769,2038,,40,,,,,
2003-03,243645,68439,280877,1813988,407835,114684,410816,4627,174306,5404209,5247,13937,112475,7,,70222,7746,130981,,13944,462,1024,12362,160,45462,27463,38893,,209908,214598,1004,865,440,178,,,10123,21,822092,96295,2488,185,35344,10890,,37,,,,,
2003-04,244825,85532,345548,1951173,562314,85800,489531,7031,213094,5955558,3247,9168,117832,20,,111384,4958,100107,,24814,1037,692,16566,368,40643,18553,64236,,242872,208297,851,1363,600,471,1,489,21332,22,864184,78680,2886,641,24984,9287,,28,,,,,
2003-05,241353,71013,301791,1899012,465715,71264,459094,15193,156467,5663819,6635,12730,131061,,,100717,8769,135531,,20507,1310,531,17906,172,53502,39630,39657,5,275403,206726,665,670,423,2102,,,5121,1,797132,89385,3379,465,17319,14057,1245,3,,,,,
2003-06,211352,72280,279197,2112127,438614,78872,421717,11951,167596,5814695,4075,10270,115124,,,70259,3610,125284,,32188,2319,426,17430,225,74269,30614,32016,12,264273,170635,2059,864,434,155,,43,4990,,864371,151353,2391,122,17881,22546,158,66,,,,,
2003-07,239755,113950,377290,2220484,507970,74289,493670,17436,146142,6315493,10911,20436,149595,1,,94111,14897,136197,,25469,2692,492,22995,249,58746,25065,31849,,237547,266087,2027,441,357,196,2,,2629,57,867317,99034,2780,1214,30600,15474,4943,33,,,,,
2003-08,223534,83678,339654,2062315,641892,54596,406043,13403,155679,5942871,2742,19620,117319,2,,100209,1500,112099,,31073,5032,978,24281,342,70153,27012,11956,,227630,220886,2147,1997,1900,3191,,1065,3400,,845257,84290,2809,2689,27610,5077,7583,47,,,,,
2003-09,265458,89949,305571,2378466,712755,75260,452989,7698,194026,6900519,6289,20116,138410,16,,116453,3982,243128,,26155,2499,859,24607,718,72620,42542,29004,1,217123,241187,8990,1901,760,288,404,1849,10718,4613,987712,176625,2574,343,22696,3207,138,37,,,,,
2003-10,219634,74541,245278,2015078,443381,70753,337513,10317,156406,5451990,3296,19277,95908,7,,79157,3156,163779,,34598,2254,609,21263,251,45869,28982,17016,,212279,237674,2126,1504,5860,354,1092,567,5979,32,761934,85782,3078,200,40794,3718,226,47,,,,,
2003-11,230590,94036,287900,2148429,623522,75193,384852,8416,131223,6017149,5441,20659,103167,4,,114062,2757,136186,,35598,2161,1002,20464,392,85704,18484,44387,,241732,237615,2072,1497,927,310,,29275,16245,2684,768723,93634,2569,89,24316,19948,47,112,,,,,
2003-12,273867,73590,355062,2567056,560674,97858,474938,11153,174119,6830878,13796,26824,105131,,,98221,5274,277610,,32156,1731,1115,20706,640,79058,31599,42745,,257121,255430,1720,7092,353,383,,,3742,,793258,139995,5697,310,26083,12558,387,67,,,,,
2004-01,198177,80488,261738,2066654,351305,99137,426234,5872,167969,5783787,6727,18629,103688,869,,92126,10307,233507,,35968,764,1209,16665,396,155704,32805,51353,,219069,206755,1506,201,918,281,,29,5971,4,805316,72444,2682,215,38805,10841,208,17,,,,,
2004-02,299179,76942,294001,2178372,478039,66605,431574,6578,173899,6490077,10436,16543,158087,1139,,124733,1956,187443,,42295,1375,1502,18801,529,120351,27338,44782,,318441,290448,764,10409,1760,609,,14,8114,11,881897,141398,3158,694,59115,6419,292,31,,,,,
2004-03,311992,96920,438923,2748598,564060,82639,515158,10741,226708,7716149,5345,36612,134009,1929,,105546,8673,226662,,39050,1575,1225,21613,791,155692,46958,31435,,305139,331999,1388,1143,1722,104,,,17219,23,1053419,134711,2804,2678,34889,14158,147,22,,,,,
2004-04,305714,90330,424890,2670448,695322,80010,558556,8774,219504,8074753,6901,34913,185252,,,123489,11236,249538,,42280,3896,2188,21446,565,67693,76898,39502,,302688,276269,2400,1102,1021,247,1,35428,17170,5,1226778,205685,4648,637,42569,35731,31,25,,,,,
2004-05,274667,89561,374786,2637554,566693,60583,506327,8188,218151,7182704,4974,24154,128695,,,113618,1324,179946,,55338,2059,1822,23944,431,122144,23143,23506,,310933,275723,1888,290,983,354,,478,11831,17,957518,109441,4768,150,57101,8856,38,93,,,,,
2004-06,318772,107988,435614,2743950,578350,120585,594779,12502,441262,8308802,5252,29681,164935,4,3,142621,6938,221065,,31599,1656,2177,24041,538,136778,43679,30750,,294304,345896,1821,1226,1230,151,772,240,16712,,1254867,148497,3741,1208,27728,14600,44,67,,,,,
2004-07,295937,112173,469761,2714414,802849,162132,558218,22845,241262,7832430,7009,20101,133267,,,136351,9033,261587,,62392,2369,3030,19434,588,52918,24813,14418,,311964,309652,1525,1464,1057,239,481,498,15531,75,933451,86026,3395,1111,29585,9188,86,60,,,,,
2004-08,244131,122119,388363,2607624,810251,76638,584344,8058,262574,7438314,9095,20621,193300,425,,131589,2819,220780,,50697,2997,2889,18187,279,72988,32954,20992,,258195,292962,1591,479,981,205,704,44,14928,2,908425,34388,3567,605,31122,4945,335,65,,,,,
2004-09,307442,106349,446906,2694157,883399,114164,598272,11925,323961,8149561,9762,22924,144028,95,1,151607,2014,279435,,34191,3242,2588,22666,576,59161,29890,19557,,250820,316726,2845,1155,854,262,,663,7255,4,1241554,21810,3929,983,23731,7276,30,123,,,,,
2004-10,287082,83727,354329,1972465,579358,88791,488856,8154,221393,6274176,5527,15335,118802,25,,107327,2653,213069,,20058,2736,2458,19702,387,157607,24930,22662,3,231277,304855,1771,313,294,133,,968,10280,5,857017,34166,2391,1058,28000,4104,24,74,,,,,
2004-11,326604,103707,407917,2527140,597251,105893,556700,8293,223576,7473946,6713,21199,138704,1467,,147552,5529,339855,,25915,2625,1627,23200,749,134973,48829,9767,,240000,330750,1554,524,2199,250,198,978,6584,40,1036918,32836,3485,11283,33881,5995,209,89,,,,,
2004-12,347945,135677,458594,2802113,747478,130780,631092,17139,248420,8281803,8593,20370,142954,5,,135367,4655,403056,,35816,2043,969,22208,614,161780,74893,18032,,296282,331921,1587,1507,504,31328,,869,22358,,973998,22808,3361,1283,35872,6418,22,114,,,,,
2005-01,292255,86279,373954,2296320,602795,124901,501412,11301,263514,6761072,9720,17432,117080,84,,107350,3285,231943,,15123,2063,375,12239,1248,66341,26713,17009,,240285,276098,1526,432,1456,449,1,1571,11786,29,970109,28774,2769,10454,26926,6523,40,40,,,,,
2005-02,231743,74200,307328,1723837,489278,99822,453806,12969,170822,5535028,6056,21100,95148,10,,112811,2743,141028,,15089,1352,485,13207,867,44088,47216,13486,,220136,241233,3207,403,336,398,58,,3821,27,905321,54092,1843,4562,16402,3889,755,24,,,,,
2005-03,329047,108846,491653,2750014,635372,150060,620054,12956,258497,8394607,6048,31230,179894,26,,127891,4327,276979,,22428,2189,591,19126,795,123122,51506,19075,,283558,344128,3328,897,637,244,,35,48591,29,1397013,46455,6413,787,32120,8336,96,122,,,,,
2005-04,347008,116906,505276,2584428,1135742,125785,605220,16639,237811,8825003,6143,24625,186414,8,,134317,1849,217998,,32284,6689,847,19740,1390,138075,35966,31092,4,270694,356240,2748,433,560,29,,2,48664,3,1527475,50130,3922,2151,30762,8455,6,10332,,,,,
2005-05,287556,102444,418618,2137205,582775,93336,564369,13055,213912,7201137,6561,30377,151942,2004,,117127,10967,187296,,22153,6868,574,14978,843,67665,59139,24747,,259569,288682,3837,599,1267,128,154,12003,38549,,1350510,60200,3641,11832,30288,13653,6026,44,,,,,
2005-06,372380,105572,468294,2514583,707798,89894,648179,12182,260920,8261602,5810,27877,207392,4,,110649,23829,228914,,32482,4036,675,18429,849,66925,61885,37944,,268798,362651,3791,1245,421,310,124,2127,62584,5,1317339,148478,4015,395,37109,25246,4788,10546,,,,,
2005-07,349073,102002,452133,2682188,812830,120611,634100,16675,249535,8378485,4149,21491,162132,4,,138741,2513,214533,,30083,3695,803,15950,356,81997,58065,22661,,266322,311839,5426,1942,865,108,,766,44203,7,1424069,67082,7275,621,39176,14118,402,9054,,,,,
2005-08,334114,105546,450376,2816438,824159,87269,614321,10650,267574,8465103,7345,29031,213621,1167,,202618,8216,200664,,28970,5211,1073,22619,1560,78629,35281,19122,,277764,328163,8603,1061,1056,250,,366,17291,7,1320220,67452,5401,9601,30759,20241,25,10605,,,,,
2005-09,414361,97998,536363,3154577,792719,123295,632005,12525,288921,9230995,7642,31939,228402,1189,9,151000,8431,230158,,30396,2920,909,24537,589,87694,54335,15667,,275082,343301,4790,353,1231,209,1,4987,67986,8,1426666,97318,5778,734,33876,18222,68,19615,,,,,
2005-10,300707,90926,418462,2555050,607767,96991,453245,6785,194430,7678162,5030,26026,141645,24,,115828,2642,234292,,41197,8660,1059,23538,301,133055,50782,13325,,230082,290039,8989,342,2249,167,,,29828,1,1482429,39819,4830,698,33308,22323,91,10742,,,,,
2005-11,374509,101613,523770,2623000,814667,169467,612204,16368,231149,8673138,10369,27820,211294,2495,,155122,5612,236568,,34717,2079,1383,25084,256,93183,40103,50381,1,269729,335665,4995,797,829,82,13,1062,66305,17,1469383,84836,5386,980,31496,20229,121,17988,,,,,
2005-12,373942,103817,566517,2908141,1010797,141436,596296,8704,288648,9079426,11852,34933,189567,29,,138731,14805,227952,,61081,1007,973,28507,930,163548,37042,27872,,267564,404342,6648,489,570,285,,1483,50828,7,1297003,40251,5975,1012,29432,21779,236,14294,,,,,
2006-01,285815,105199,464043,2557960,691386,105432,579372,19020,223049,7956994,8295,24023,145081,30,,189779,6410,241645,,32592,1146,1555,24170,669,81378,68994,11406,,266725,308627,4118,1566,720,300,4,3625,40373,10,1351670,22618,6360,15044,31773,14735,54,20172,,,,,
2006-02,317022,86208,404270,2472395,764477,85329,530461,9595,200434,7330144,5922,24910,147598,69,,150907,6727,178828,,31573,1111,586,22265,820,54605,34987,13551,126,231223,266095,14054,295,570,129,53,437,41146,16,1131670,35659,6179,560,30798,11324,29,15097,,,,,
2006-03,391341,117088,574158,2903999,1316506,153669,655324,10275,275140,9748086,9146,36841,246988,75,,163303,3287,225993,4,46145,1649,1339,32171,666,70758,40275,12881,,347989,362203,17318,1035,623,125,22,341,44443,18,1551970,44898,9035,727,38038,23527,75,15309,2,,,,
2006-04,411320,109114,568082,3032412,1033568,190824,711656,25475,295932,9794299,9209,27129,229451,13,,160277,4771,236658,,110136,2935,822,29722,569,85031,70231,34916,,323641,340860,28014,598,961,422,811,1083,11064,24,1569967,27781,6357,15654,46963,24268,20,15479,,,,,
2006-05,342833,96040,466442,2782381,823949,66453,664797,9861,360530,8893450,7444,25615,220890,1952,,148519,5480,251502,2,49500,4289,945,25207,856,221429,35135,13174,,278107,303709,24481,831,1063,71,16,1154,24811,32,1543011,34658,5688,705,36084,13524,135,124,,,,,
2006-06,364972,110303,557652,3272262,709864,94101,830245,19747,329951,9744472,6599,24737,221455,1074,,153069,5257,236855,,68897,3218,1146,28380,443,81323,76367,10124,,258956,352729,22435,1870,714,392,1038,4510,20495,18,1732326,33227,7224,17321,44318,22570,142,15521,,,,,
2006-07,353899,106179,563217,3311101,1030161,116172,836798,12753,319043,10077125,8578,24341,236467,2880,,150253,22746,347269,,76030,6463,1156,29296,1199,76007,37611,24257,,272131,374945,26098,1073,1071,523,1108,3172,12734,32,1562049,37272,6406,887,40200,26221,775,15635,,,,,
2006-08,355713,115801,625548,3657261,885728,113400,813854,19274,331667,10472244,10525,27305,339254,5148,,181751,3767,306834,,57996,7426,1204,33245,997,111661,101344,20351,,297294,375192,27010,683,1722,225,1011,3730,23062,89,1447443,35568,14564,807,53355,43772,660,14845,,,,,
2006-09,388825,116812,556069,3691190,927102,131416,785017,11712,360535,10645433,12011,36131,310302,1663,,172229,3969,303182,,70383,4209,1006,36419,839,103841,41749,23588,,248983,388779,44150,1711,1591,609,884,2881,37314,192,1665593,53336,9245,928,55954,40452,229,248,,,,,
2006-10,340871,104925,491586,3244408,1104437,138330,584684,9707,306039,9498937,8749,42435,262842,9,,187758,3888,226559,,45986,2075,1190,26709,720,101274,46903,18707,,254847,386781,28610,1405,1754,1301,813,,39899,32,1356412,34446,7975,771,39998,41912,48,392,,,,,
2006-11,372906,122527,604054,3586956,1019984,196763,789881,8023,342733,10519833,10194,30087,342433,,,219800,4852,356420,,62835,3062,1626,31971,569,111405,33004,24821,2,325175,392922,23127,1443,2755,2640,744,438,68973,78,1293767,36859,7728,787,47243,29994,268,7046,,,,,
2006-12,378663,117998,635005,3375210,981223,153337,823532,13872,303214,10195532,7632,30296,310926,13,,176550,10709,212620,,47347,2405,1411,31026,1082,150384,81809,25130,,345450,401950,25862,1211,2055,215,1908,619,64483,18,1332865,40958,8129,841,52544,44128,443,233,,,,,
2007-01,377693,113178,536260,3267271,1005835,175229,799682,19186,398883,10780754,5615,44155,266809,23,,168809,13899,525622,,113995,3380,1927,19460,735,100965,148265,20663,,281243,391869,13037,723,1453,175,1139,246,17434,60,1776091,48637,8838,4552,66394,39126,86,872,,,,,
2007-02,317773,81069,499559,2501600,823185,98814,616932,16162,276871,8258445,9937,37805,206088,6927,,153300,11048,222464,,60985,770,2111,21005,974,118527,98376,17396,,278954,302624,6117,939,743,778,234,,69827,47,1296300,23870,5439,4371,41569,26244,93,263,,,,,
2007-03,454771,139465,608605,3702714,943996,161905,838831,16074,405488,11145109,14573,40725,348038,3009,,215480,29792,339286,,75056,2370,2232,30850,759,133564,70484,23142,12,392074,441517,8482,1307,1651,1718,,2,26088,84,1497839,44574,10029,4661,58246,52748,62,782,,1849,176,1,
2007-04,512378,152938,676420,3811324,1021589,169060,922271,24956,433876,12250896,23788,38825,442360,12332,1,219751,10146,357041,,145933,7273,956,34012,933,167970,90297,22113,1,368801,458479,10700,2303,1564,941,3344,,45255,176,1851968,47932,9418,1338,82213,55764,43,10936,,515,663,,
2007-05,414921,132660,580479,3340988,800880,127584,788160,20374,425826,10363950,19844,49849,359413,982,3,184936,6859,245433,,52970,1495,1601,29447,994,119301,97991,21425,,336232,418349,5114,754,1761,942,3981,1,38292,63,1536163,25728,7427,25689,69872,65774,2024,620,,652,96,,
2007-06,416989,166689,622117,3608370,980980,134899,879514,17145,407113,11299914,10944,34671,323481,7734,,169504,15772,304013,,98993,1659,2768,28416,1037,119015,61158,18070,,356807,483645,6032,2558,1542,62,2321,,65233,23,1747644,56273,8087,2057,62034,69504,131,354,,282,4275,,
2007-07,412894,172224,639540,4243094,1191991,140721,895666,21064,364874,12476265,12751,24355,319041,6377,,201695,4812,332404,,128999,3614,1189,26594,1652,214908,93812,29079,,367870,502964,4794,1058,988,747,6459,2,102292,43,1783396,69998,11667,1507,68412,69867,67,429,,244,73,34,
2007-08,418430,180502,703827,4215940,1292002,157191,942642,24372,412457,12620735,18904,23642,489912,13284,,214647,13605,383109,,77687,7743,2766,33949,635,126288,80503,29003,1,378147,541837,8532,742,1698,1038,2539,163,73652,69,1534491,53238,11614,2222,68248,67692,234,10924,,533,83,,
2007-09,408389,174938,685389,4249750,1302659,171377,918899,35274,416893,12364664,13308,23379,458196,6142,1,222231,6911,303108,,132952,677,1750,43939,1116,109286,69375,31187,,297964,562651,9125,589,2929,1872,5966,114,57745,108,1434774,42670,8106,6853,76259,68432,89,485,,705,102,1,
2007-10,353620,152915,653269,3625891,1051824,179922,693077,22433,432784,10996098,12459,26012,378953,1436,,228204,8113,236006,,60824,2158,2066,33272,852,128508,124692,26355,1,295917,577006,3543,1519,1303,2419,2898,521,15265,261,1437589,78507,8690,1588,77639,53509,53,560,,1352,149,167,
2007-11,449739,182564,816812,4196751,1412502,166662,951028,17815,436715,13043575,12075,25937,446171,5409,2,260363,18544,263397,,121903,2176,2398,43845,588,126858,84428,22413,86,390268,617703,7955,2334,1861,3160,6890,285,52061,342,1678725,32143,9531,2274,76798,92528,68,789,,61,100,518,
2007-12,433442,174902,761281,4658121,1526473,241253,969799,16887,523587,14123413,13990,25014,391216,3681,,226157,17244,285747,,139147,2334,2711,31211,1001,148627,92108,21108,,408477,549370,6396,6675,2192,1719,2024,110,49443,129,2054763,142418,11838,10548,83132,73819,6876,273,,132,5651,386,
2008-01,490919,215666,784498,4246143,1057552,215320,960766,26089,495692,13222900,25741,24062,424223,10253,,289349,8069,256106,,78369,3765,2074,40688,827,140846,108374,19590,,396877,529923,8586,561,1664,355,2554,,66074,125,2019742,93080,11583,1962,82873,80300,617,425,,400,217,2,
2008-02,351703,119112,602855,3505130,969510,180850,715620,22122,354504,10928009,11668,19822,356262,2345,,211032,10605,194371,,98240,353,3447,36899,799,136016,112681,22836,46,334251,435025,8390,337,1143,661,6432,6,28439,71,1845468,73267,8604,6902,61797,77270,166,390,,270,294,,
2008-03,454711,225709,881694,4445411,1398897,205690,960047,23175,540304,14157602,6041,24766,486609,3317,,277941,49118,239631,,102827,2519,2314,27765,994,136717,161858,30214,46,408002,546714,9403,644,1768,180,668,8,72873,182,2058526,140069,10214,2438,100180,115129,210,288,,564,1227,,
2008-04,508843,217921,863298,5119848,1417506,233069,1054777,23240,516745,15735957,11849,25558,496955,6105,,287278,14257,322938,13,101903,2681,2388,36353,1709,270097,121468,32773,197,424080,698129,5369,636,2381,300,3,3,14814,248,2551013,152235,13982,3147,92338,83971,957,587,,23,1971,,
2008-05,503409,227007,840354,5131664,1035842,240923,1119683,26335,457229,14758190,10376,30289,530341,1142,,255543,18712,321973,,160242,3313,2993,29295,614,163423,137192,33050,24,438203,635235,6696,659,3812,764,254,111540,24692,263,1975102,106998,12672,2192,88493,67907,421,566,,239,516,,
2008-06,494324,224579,894856,4896577,1193394,188304,1016300,18655,426534,14624399,15081,33261,541974,12322,,259115,18912,283586,220,157083,2113,2789,34671,841,201728,128152,40985,48,436977,626028,7195,2580,2628,239,355,2698,16132,261,2110187,116993,11189,10929,76143,115998,440,313,,641,69,,
2008-07,531713,322636,923042,5275185,1552017,290013,1239142,30739,644639,16505497,14971,46623,506588,6724,30,296016,17020,288847,,118183,4227,2114,41515,1821,174345,150323,38136,,452025,783733,8419,2513,3592,126,293,42,12493,275,2308022,192779,14252,18307,89241,97887,1615,451,,849,1936,37,
2008-08,399488,215340,786941,5100979,1652900,235132,1131249,23675,465775,15558343,16660,30036,505156,6609,2,244017,11474,342194,,118554,5514,2879,38544,613,224332,120109,31070,,439077,593509,6497,1669,2572,420,76,80,103600,431,2387209,99938,11183,9603,74126,116379,1148,272,,1137,171,2,
2008-09,481165,206317,803986,5005209,1542119,240536,954618,38721,390829,14977641,21980,41874,560732,17896,2,253256,18002,381296,,107023,3188,2403,44982,633,165348,91024,29769,,454401,618040,7497,1533,2043,95,8,41,17101,300,2224834,72293,9932,7133,99045,55636,1753,816,,1680,541,13,
2008-10,388486,234555,740545,4492216,1320197,281849,859434,31573,385559,13202683,15745,41135,431449,20863,7,250769,16513,283386,,100248,2754,2072,41109,954,161179,91786,24505,38,448565,603109,5044,1524,2009,127,499,,60491,196,1644767,62777,8106,2290,91630,47731,44,812,,514,3491,34,
2008-11,351031,193623,673596,4164678,1178018,210672,763221,16689,347846,11871851,13142,35087,318310,2387,3,228882,16711,306381,,102889,1436,3059,39031,748,126826,96266,22970,76,381213,638752,6696,1568,2731,187,43,444,64785,21,1382127,38508,9079,1139,72667,54678,2203,717,,17,272,424,
2008-12,383192,197291,766039,4528090,1332863,223927,885176,15517,341691,12709953,22141,35018,271682,1053,,260952,16009,311582,,137067,3372,3116,39186,763,242525,74912,34912,79,423072,643578,8753,3785,2809,73,19,1,16144,241,1276561,39729,10730,1791,74546,70250,4820,977,,1924,1963,32,
2009-01,305112,154068,460415,3552598,896850,178089,751476,11378,213710,9883607,14192,30161,237820,39,,245594,6338,342262,,100668,603,3798,25987,456,151804,68108,18750,,342262,363992,4823,2013,2951,54,191,,237137,320,827298,78102,8477,11296,62337,44139,380,1059,,283,662,1,
2009-02,297819,138752,475930,3328916,918856,225791,736542,10835,250951,10036150,16970,24803,255287,707,,223183,21190,245769,,67625,1416,1362,29993,1650,216886,137803,22458,,406175,469518,5233,2382,2982,241,178,393,109507,341,1161764,80588,8266,7321,55130,70694,791,697,,542,1907,5,
2009-03,365617,189813,579152,4041563,961246,246477,796194,17170,356426,11618672,17533,29716,307803,1567,,238405,14339,304014,,83726,1545,1705,31029,2500,188659,87460,22543,3,425503,495440,7327,3536,2967,237,,33,26692,328,1549470,101039,7577,5854,62650,40416,769,343,,1212,1074,1,
2009-04,441290,188742,622200,4145517,1089007,264275,975206,16582,366248,12940139,16275,27495,330278,1807,1,329086,11994,289946,,102583,2348,3083,26982,583,319090,131584,23883,4,382138,558204,7302,3023,5174,616,554,3992,11045,82,1818685,258835,7777,2397,84773,62356,1408,1007,,102,4562,18,
2009-05,458998,170432,579457,4095500,966870,226602,901818,19059,353072,12695148,15679,38034,294061,4366,173,274492,6309,238348,,91432,3483,3088,27830,708,269127,143378,24030,9,494497,464553,7531,1449,2758,133,766,8008,39307,16,2014328,311070,9887,4981,67877,56576,743,963,,517,2702,132,
2009-06,570844,193208,795459,5069292,1156600,260739,1097662,16378,502641,15094461,17876,41724,385474,4967,7,264901,13141,287736,,138457,1456,4208,29960,697,335234,174335,29803,8,547532,559438,5733,1280,2891,76,1508,207,15284,154,2156654,249591,9731,3814,89611,52556,3196,457,,356,1367,220,
2009-07,547422,227075,672083,5284194,1150122,286614,1037688,17085,579492,15569192,14925,42000,404320,5263,1,285506,6577,370860,,153843,3728,3798,29846,812,421280,120230,45066,5,541768,690490,5839,1851,2703,1253,1945,46704,12410,426,2131836,198560,12508,3401,116140,79574,7646,756,,549,2697,302,
2009-08,470546,187699,648791,5209130,1102535,318184,932024,17911,427437,14318632,18539,54352,344633,7786,,293719,9918,294633,,129354,9659,4845,31744,558,229687,102346,41093,,475280,524070,5367,1517,2169,9893,2963,66162,25658,500,1930616,184881,12211,11897,108051,66792,1594,771,,559,555,2,
2009-09,604289,223559,734176,5603919,1379189,312824,1038081,19210,611024,16256959,25908,47312,462161,6290,,289982,10138,257682,,140196,3056,8731,43665,690,250684,142853,75115,,471898,645800,8634,2424,2998,84,3066,605,15527,351,2301670,263317,11908,4228,138389,86585,1519,2710,,390,4120,,
2009-10,540154,189406,640843,4700996,870535,292724,685121,16873,416098,12722335,15640,41632,317717,16090,,252178,9088,162008,,131551,1147,6472,38051,627,218226,105322,47211,,330228,600994,3996,1593,2957,1361,4110,35,7132,212,1664895,140228,10459,1384,116324,117321,595,748,,283,1768,,
2009-11,582301,200035,790875,5169514,1249645,271700,940304,18746,509960,14475870,19629,43440,366544,9881,,350083,9634,223920,,146768,2187,4366,44627,733,209477,127215,34359,,442208,660282,5969,2714,4303,1145,44,1203,19393,76,1585086,178197,13587,15149,109503,106100,2609,1146,,127,1083,4,
2009-12,661161,226740,872670,5714972,1288799,336993,1143210,23410,538393,16500484,19198,57072,591884,5299,,353442,21340,252685,,171027,2570,5568,40521,954,233190,161372,49384,,570368,758297,11433,2220,3268,133,8615,617,10385,445,1960294,139754,14006,3184,120434,114183,619,2905,1,1593,5879,,
2010-01,615883,183360,702810,5339118,1181349,332435,994809,19923,437403,16248553,23130,53138,365093,5211,,295645,33564,222227,,207504,2644,5256,28992,598,406537,102770,54472,,380208,1647652,6388,2114,2937,827,1420,1122,34526,467,2184477,114491,11462,1976,114472,122494,1809,4106,,731,1003,1,
2010-02,557981,135854,624476,4177464,1018330,252920,768692,14462,362126,14464790,22528,42199,363430,8948,,220308,17891,231552,8,135629,748,3459,24101,691,263386,151166,40183,42,337167,2220706,5962,2012,1857,2,1931,2060,21508,189,2088226,143828,11954,3035,90410,89227,184,3332,2,242,2210,172,
2010-03,821251,224123,1021369,6419051,1343038,304699,1202957,31482,566145,19061849,41573,53629,504287,14525,,360839,31401,267043,,199510,1583,6858,43628,1239,232870,167437,59904,17,499728,1540999,6262,3833,3007,1851,5091,1879,63413,651,2523182,155471,14770,5244,140123,160756,8465,790,,553,4501,823,
2010-04,663302,204289,887140,6283685,1500237,195033,1143216,20427,556804,18630299,46081,53399,525871,15651,,287685,52269,254218,2,205075,1835,4796,38985,669,267887,200708,65444,8,436785,1641569,6956,5131,5634,1242,8730,1128,105120,586,2358226,189715,13004,2596,136934,224538,13950,997,,91,1544,1105,
2010-05,652247,219818,944849,6064383,1483790,279578,1165155,21724,480040,17630383,20312,68025,564677,14289,19,357959,32065,228808,,191856,8413,6178,39851,906,221536,159990,62130,31,509172,713250,9317,2618,2955,4535,1503,1039,32750,132,2551132,198449,15379,2930,147386,134403,12463,1109,,354,857,19,
2010-06,638798,245282,919334,6254427,1583804,321376,1332343,16303,642106,18233495,23160,63401,512843,8958,,393282,29816,443272,,218938,2452,5969,35940,826,271441,172132,68376,3,506190,723914,7931,4107,3393,2170,4617,654,24939,454,2274382,167251,15672,4014,156746,127006,93,661,,971,3747,,
2010-07,636228,247632,997907,6425127,1800122,294996,1381804,17377,516837,18465618,49812,69385,479137,17078,,351538,23397,498309,,193559,5091,6050,41216,1121,252275,145847,79551,30,517851,1045109,11965,2764,3514,2206,6482,769,19308,825,1795286,178950,13987,4942,162025,152515,9802,1024,2,2642,2037,184,
2010-08,569020,225908,1005612,6630144,1359764,278804,1258715,17857,606792,18590311,21247,80080,577141,13430,,449528,20789,360047,,188293,4615,5672,50939,1206,244511,118837,66615,30,558101,1520678,6658,2891,4094,2023,2436,74906,45107,1043,1748684,150598,21897,7693,148278,116476,5944,921,1,2306,13983,,
2010-09,696510,273959,882177,6536025,1577014,297592,1238172,33127,619487,18282232,17499,63442,632042,11866,,421302,28785,423865,,168916,2960,6817,62052,707,229362,101926,62273,4,473418,1060490,39347,3151,3677,1907,4227,448,22234,670,1827559,190499,14888,3139,146601,81744,7947,1020,,2458,8784,147,
2010-10,578130,207848,876479,5433088,1274432,240310,900325,15689,427724,15651630,57573,46875,418821,7799,9,329551,14540,328792,,147363,3231,5577,68350,892,226954,92887,69223,13,424915,885708,58199,2160,3159,1135,2713,,32931,511,2024371,197763,10979,3268,132368,78625,16221,855,10,1083,2177,2,
2010-11,665520,241168,1076992,7460324,1363745,276436,1256268,20241,576118,19999812,31302,88160,620730,13512,,390192,22705,371378,,176715,3773,6616,66859,1392,294219,170714,66210,8,523822,1451712,7220,4361,5244,22288,5396,1736,49839,413,1965369,229977,15753,6483,168965,264886,11982,1032,,1350,613,70,
2010-12,733172,238343,1369303,7368494,1621403,335285,1363642,29427,687031,22701366,36188,72429,662650,19031,6,379227,13760,404323,,163413,3986,5690,68142,675,321884,113667,60453,5,738058,2659873,10552,3448,4538,1543,2157,418,22292,770,2473270,256895,17041,5555,174182,237625,3151,1795,2,939,15329,304,
2011-01,725297,243432,1029895,7367370,1869764,294979,1317702,19437,746994,23680394,28538,78690,682348,14818,,361560,35571,402075,,225336,3341,8548,62381,1336,434129,133246,69621,40,587514,3419071,36798,4179,4048,2299,11711,3213,37563,1880,2642968,271317,16615,5377,192476,263837,15744,1010,5,1248,4801,277,
2011-02,493681,130367,776256,4979280,1337732,251132,811718,22192,395140,15817680,11847,52117,472219,17635,,249740,15922,207643,,115597,847,4469,43323,857,170973,177750,40400,19,376334,1628407,6455,2683,2436,1762,5443,8802,13393,731,2548861,107941,11277,3196,123427,178680,14684,952,,1425,1779,153,
2011-03,860069,256289,1225651,8729704,1828320,366450,1550842,29226,735449,25080010,21426,84571,657278,18805,,460445,82831,392429,,240735,3803,9342,78800,1365,388638,162029,80620,156,691456,2013135,9540,4489,4436,3476,5257,11571,32780,743,3224880,332204,18012,5511,205035,231855,11835,1285,,3548,3515,176,
2011-04,902059,203679,1161175,8090047,1781979,340554,1671064,24719,885566,24848689,20330,79455,690513,6576,7,396369,14215,268697,,200892,4225,4103,64247,1112,304446,145908,79460,48,553474,2827555,7568,4435,4495,1231,1961,2521,51983,446,3352561,249675,16377,9091,189704,216251,12125,1135,1,2694,1951,11,
2011-05,895481,259787,1214148,8215844,1858076,290660,1645746,28103,840736,24757501,20428,87012,662846,13458,5,424217,22948,485947,23,199166,4430,6937,64452,973,344881,182513,79772,1,615656,1744781,8565,4254,6006,2373,6659,3183,51424,348,3522502,300677,17979,10045,207204,382237,18947,1674,,2118,1677,601,
2011-06,986354,233799,1124905,7636363,1917786,279673,1577164,26301,595070,22626251,29626,92988,678033,8142,,401478,55455,305767,,222921,5788,6950,77173,977,287829,130206,82405,16,634774,1237511,10226,3972,5827,1565,488,8152,52540,2155,3169795,220693,16306,5836,206094,255767,14128,7484,1,2590,7086,91,
2011-07,776792,231961,1190997,7646124,1863505,297317,1612151,24389,715532,22996927,19526,105571,637082,11712,11,399810,44313,406355,,210817,8053,5287,68904,1050,364999,159970,88438,,688811,2046174,18044,4785,7883,2835,188,11569,16345,1659,2466407,383896,18975,4772,181237,229424,10675,2573,,2165,7748,97,
2011-08,795334,286018,1391380,8542646,1981263,284827,1595407,28954,899917,25134535,24875,110845,718786,8440,11,467672,55373,432564,,222554,12566,7124,72229,1573,239269,165219,101528,7,620245,1419520,33369,6424,11064,3767,234,13036,50250,851,3698625,253626,15294,6789,216687,296244,11124,4519,,1006,14609,10873,
2011-09,786642,247164,1198063,8584721,1701383,303318,1679039,23188,649515,24932420,26946,126805,638110,14693,46,482228,41766,464685,,191575,7133,5871,84335,1197,270455,195145,89842,3,672948,1836513,11591,5557,8980,7186,315,118467,98882,1353,3570624,231760,17723,7369,199777,297035,15854,2877,,2455,11275,10,
2011-10,979695,216391,1193473,6855285,1609837,294473,1097641,23778,523373,23160519,19373,94207,564285,14892,68,329251,36310,335906,,172595,7412,4797,69392,564,246952,152767,74278,4,461708,3345121,21557,4981,8311,5834,434,5861,87991,612,3512989,196015,16904,9713,187836,349781,8088,4448,,2234,11518,1584,
2011-11,947104,223941,1511322,8442658,2051176,315420,1470044,29406,759139,26703473,52980,129809,606183,15404,,344908,33875,454099,,236981,9699,7336,89344,786,274220,201329,79521,6,573964,3023390,17666,8195,11448,2177,377,6300,83861,712,3681882,335105,18639,6127,208787,411261,15758,1706,7,2405,6945,69,
2011-12,985796,282683,1535685,7679785,2278341,384335,1561166,29556,897875,26181346,78117,120192,548108,12835,2,448668,23613,391267,,211868,8284,8061,77109,856,293986,244200,81815,5,656651,2675894,15937,9471,12653,3499,67,1455,22116,1314,3657140,350939,17800,5783,200829,344304,9444,1418,,3110,7135,180,
2012-01,639180,187463,1207645,6584460,1457521,235421,1017112,13671,547813,20939389,41793,111806,376672,11791,239,346477,43947,269924,,166395,1979,4908,58926,356,234072,151280,59931,,442612,1798687,4022,7250,6020,1868,38,162300,48260,1341,3961132,234935,11794,4634,161030,297470,10914,1063,,2772,10399,68,
2012-02,937880,232767,1343810,7474951,2046602,324513,1408368,20765,790673,24549150,44114,109474,543088,8168,18,358578,60801,394627,,162345,3770,6152,82471,583,296851,205165,74955,5,637192,1899154,11738,5053,6543,2526,90,6344,60245,947,4159334,310720,18019,6106,170611,293190,13722,1476,,2288,11196,1161,
2012-03,850368,267298,1584467,8291959,2150990,356588,1367472,25106,1043726,26595945,42084,153085,597510,9005,8,408188,68491,424642,,199658,3378,5182,64570,564,310097,217967,76938,250,750481,1688829,11129,5456,10443,4073,322,6760,84620,1483,4690017,287078,17203,4964,237453,244359,14497,1835,,2831,9777,2743,
2012-04,769240,231664,1280851,6889594,1873640,283581,1145565,25203,607278,22013305,36593,118446,490861,8743,14,320238,93260,355082,,199369,3410,5364,51473,535,182703,154374,74621,11,503181,1580090,10427,5188,7400,2005,472,6343,36745,462,3858582,269522,17148,9398,172382,315713,5212,2233,,2357,6715,16,
2012-05,902386,269483,1435518,8929621,2271538,348791,1523961,21617,834678,26718354,31199,130596,544231,9604,26,413208,90950,338406,,228905,21841,7083,76897,793,240729,135286,79471,2,625964,2369892,16752,5909,8553,2166,15,754,28273,712,3834097,161488,19709,10687,273865,447978,11906,2276,,3372,6856,309,
2012-06,819050,233428,1425590,7281931,1912307,383646,1412499,19532,549596,23349247,26729,154865,567329,14125,1,372948,33787,329337,,203766,8589,4535,56444,508,291059,122917,84288,40,609522,2099121,10928,5281,7832,1722,829,4388,54628,2537,3338114,338300,19079,7352,195451,329571,5553,1527,10,5103,3508,42,
2012-07,803735,232655,1390975,7777729,2253509,360912,1609239,27562,576354,24308784,32440,147251,580915,9670,5,432071,81825,317644,,200919,9342,7362,61060,440,259356,177383,113186,106,687519,2037364,11053,4839,7369,4087,533,6761,87000,1699,3036262,238937,28449,6899,228276,442341,7258,2559,,4749,1107,74,
2012-08,828219,263085,1741414,8475528,2254931,386638,1546080,27307,597939,24867394,32635,130726,549246,11218,11,404655,64078,258352,,181383,12946,7018,76015,775,287679,207005,93739,408,631516,1459687,8121,7182,6964,2480,10004,7324,114309,2150,3205921,241442,30065,7055,212528,450786,14078,3057,,5498,4087,4112,
2012-09,745137,230171,1205363,7940305,2064266,335577,1326810,19559,648328,23024416,39505,136381,581382,13911,,458084,80960,321159,,229928,4809,3832,96896,807,252062,152282,91594,15,504938,1194681,12400,7315,6940,2524,4821,6669,58280,3014,3430725,220310,26396,5774,213976,291552,14722,1766,,5954,26676,5859,
2012-10,833057,239509,1354738,6803131,1679899,258868,1185051,13735,612648,21573829,26603,87383,443530,19082,,335490,79722,255914,1,159631,4423,5835,74640,344,226780,165612,69225,1,458849,1837074,9175,5097,6934,4103,738,2761,58062,1539,3580835,231420,23756,4139,181018,198896,7129,1437,,5052,14856,6107,
2012-11,832060,268824,1385528,7452034,2199293,231224,1338480,29343,784983,23664477,27594,120443,515843,11000,,439044,105700,317253,2,193628,7262,6661,102168,597,246997,165716,81869,,508741,2111761,18038,5647,6941,2968,14493,2032,24760,798,3379044,266620,21808,4058,183678,219116,20768,2211,,4037,3134,278,
2012-12,1003236,246921,1467562,8137239,2068629,289738,1373763,23025,1125619,25356152,46963,117338,543979,16821,,436642,38545,253725,1,197168,7213,7363,92466,500,239628,142831,80012,1,560174,2733151,11854,4569,7052,3186,3026,1739,7209,1938,3487992,229034,22455,3847,176565,123912,13107,1851,61,5520,733,248,
2013-01,810812,290313,1386658,7195844,1828701,431182,1436123,18576,848533,22797005,48656,101539,539550,19367,,422448,94636,380706,6008,221290,5730,8580,75295,1104,255872,211286,84007,5,613295,1131460,23563,7566,6086,4103,10003,6971,46381,2380,3652049,177942,31527,5722,196558,127579,15832,2268,,6439,3940,2521,
2013-02,549411,166699,1175392,5544852,1352522,183720,990127,20232,484133,18993753,28733,82470,368366,18183,,260663,53487,183348,,143242,1452,6157,74001,735,143213,108722,59983,94,434173,2744150,7554,4954,7368,2797,4461,4112,17259,1964,3235388,181945,24371,8278,154252,108694,12604,698,2,5047,30298,3449,
2013-03,891782,281833,1606391,7827147,2086558,396685,1502111,19148,692915,29876843,29066,138558,555659,14738,1,394621,58593,277502,,186223,5523,7711,83320,620,240390,218259,73623,287,587906,7338416,12845,5921,8412,4936,7690,2650,62570,1440,3418209,337425,27625,10151,218559,201908,4926,1432,,5065,25638,3855,
2013-04,752625,302098,1244647,7912594,1784888,349714,1366590,15994,836058,26035680,37020,106304,529943,17900,,405371,58450,319090,,226221,5750,8761,73767,620,201376,198723,111234,494,645813,3711580,15907,10115,10097,2770,7642,10735,122153,473,3698383,311926,26035,11616,212919,341752,6958,1728,,5278,14741,828,
2013-05,800317,299589,1607182,8223716,1861749,315214,1533726,20025,918817,29871095,29419,121926,572868,18836,,443480,63512,338548,,231494,12670,11282,56225,616,344419,188909,91015,239,619018,6631067,15271,10358,13677,2472,4055,3155,84490,877,3376289,382064,26345,11118,229936,322017,7340,1609,,6025,18032,87,
2013-06,640767,268042,1614918,7311089,1898493,299552,1405496,18681,845355,27115414,32203,110994,459426,16422,,371336,63360,288634,,213090,8037,5047,47050,547,290678,162106,90046,30,572715,5268981,20135,8823,10075,4902,8042,42193,42309,1833,3777328,300428,21668,10181,205275,331225,6900,1642,,6243,10882,2237,
2013-07,905785,357471,1501902,8443144,2514314,459602,1628724,27306,731645,29058334,34984,114649,542474,27128,1,405254,106055,373300,,262130,6691,9421,43799,845,345206,188881,122136,125,701105,4864844,20535,8745,12021,2073,3919,14813,31700,1685,3335815,230831,25752,8575,256919,335473,9288,1899,,7516,31834,21,
2013-08,871827,302019,1870422,8824213,2156070,457742,1583521,30545,849552,28978425,40444,162598,544800,25599,,472875,96256,360630,1,242109,7681,11061,44664,659,296701,179658,109097,137,656020,4575893,12366,7315,12057,4028,7510,5434,68120,1847,3158785,344583,27734,8887,236182,291271,6631,1910,,7650,3311,10,
2013-09,825676,268703,1516060,8555805,1857271,329425,1651195,25670,798227,27889485,25956,117544,550944,22193,,493294,99821,405990,,255267,3771,16333,60392,669,341893,169902,123021,120,507291,5118634,13648,8685,11934,4036,7137,9611,33293,2595,2792152,259433,22930,9733,230641,310854,6487,1941,,8252,13274,1783,
2013-10,947896,284899,1573603,7943552,1582143,376474,1272008,20039,598926,26981899,30870,125425,433834,28171,,427202,88903,293204,,244959,6069,9446,45130,691,276566,182204,102847,290,475288,5615703,14569,8332,9570,6555,87,2646,36137,1529,2961107,268993,20131,6732,209711,425270,6202,1744,,5502,9470,1274,
2013-11,974697,272307,1969098,8321441,1931687,289568,1527499,24034,1022107,27216953,32825,118582,479180,16648,13,467773,106201,376514,1,247258,6776,10901,57159,848,306287,190214,111503,25,579543,3592200,26344,7323,10013,7760,11708,105781,11188,1246,3078213,215189,24380,5786,244877,416334,7364,1973,,5586,2935,63,
2013-12,899886,280063,2032708,8126544,2252300,302823,1680381,16375,1209577,29412806,64564,100639,423036,17362,,472686,77721,312860,,241936,5664,10506,64407,872,440973,241470,131476,87,580970,5416861,17131,11021,12944,8212,4566,23938,25169,1603,3096746,272350,24419,9989,216660,241206,17503,2066,,5968,16434,134,
2014-01,1048765.01,284734.66,1784989.05,8302469.44,2247015.66,322243.65,1680959.77,25880.76,965491.37,29653885.76,35800.27,108461.48,518423.48,24389.67,0,497222.53,149114.98,338289.1,,312183.81,5042.9,11343.2,49150.84,415.49,350463.54,233903.3,128522.14,97.5,577819.31,4838738.72,13816.58,7467.34,11745.9,8434.43,4693.01,18241.04,31941.95,2987.78,3642451.83,362436,27712.6,11211.28,260113.33,375354.19,10266.59,2837.07,,7919,8606.45,3717.77,
2014-02,665464.55,221135.91,1716014.35,6104698.92,1755330.36,259512.55,1169946.45,15334.26,683701.64,24666711.06,26270.04,91706.18,369473.99,8001.12,0.58,347739.83,87839.83,304536.47,9.13,200847.53,3363.17,5654.57,34017.17,1194.25,213396.75,245981.63,91635.44,86.55,493134.17,5338720.65,12543.12,9150.72,9075.85,3857.71,4266.7,12701.71,32637.91,4023.04,3515072.07,269684.47,20261.93,6760.78,156465.72,132723.93,5799.43,1381.73,,8235.48,5002.26,2318.46,
2014-03,1010940.87,317895.56,2066322.4,8553888.2,2287195.36,330493.08,1616933.18,27208.02,888494.14,29807258.24,29933.57,137712.34,584717.05,18661.74,7.68,441397.05,69673.84,338823.3,0.61,257125.15,4461.07,8929.69,43840.48,992.27,515524.24,355120.95,136502.41,146.03,588879.85,4325606.39,23227.26,12062.7,12349.06,4878.78,3681.97,200481.1,66447.86,1096.93,3738214,253900.32,25615.42,9476.59,239532.24,215651.56,4375.41,2746.41,,5615.86,17949.61,12528.64,
2014-04,897005.36,310047.71,1914609.97,9458101.7,2345642.35,312703.17,1604777.93,26972.99,949917.38,28665605.88,26569.73,141795.9,554706.39,17266.29,3.5,572737.87,76044.02,431659.72,0.52,282661.44,5183.36,10392.72,45339.09,762.48,353682.03,261610.29,128210.35,100.59,593300.08,2719626.09,17882.61,14575.47,14029.77,3761.8,6794.56,15822.16,47068.98,1308.98,3600697.53,298447.69,28573.21,7711.43,271911.26,258921.09,4124.01,2886.56,,9943.22,17008.55,2705.97,
2014-05,940838.55,374243.01,2381473.37,9456699.66,2333930.34,301102.59,1588463.17,20610.78,760188.39,28192399.49,24828.67,183600.17,533248.33,15911.26,3.92,493297.21,82315.01,346549.91,0.11,274898.43,6329.69,5878.41,46990.97,869.06,428292.7,201828.61,137522.98,1048.13,598352.31,1723268.22,20508.32,13875.12,28427.32,3559.22,19130.08,6926.55,77335.83,1616.24,3773943.14,401321.11,31179.42,8311.32,235300.75,287118.08,1035.77,2055.95,,9506.66,5695.19,2969.53,
2014-06,853714.31,368781.52,1896726.27,8697297.52,1973394.45,319856.1,1550742.87,25665.45,690010.32,25734128.1,26991.79,142009.06,459592.82,13433.38,3.66,507959.12,53130.81,362276.05,,248983.27,3149.41,6957.78,45200.84,1273.47,394417.52,195910.18,117963.79,34.07,585683.67,1880746.26,14659.81,12185.02,14724.29,3185.96,9159.95,4310.8,69262.09,1496.53,3300695.58,297227.54,26851.72,6449.43,234975.99,280734.13,6415.36,3255.11,,9342.39,5640.37,11650.24,
2014-07,960968.1,388286.2,2032779.88,9277877.94,2402288.99,341280.45,1792806.23,26643.07,641986.72,27072348.48,33031.13,152113.47,562669.62,16900.34,2.74,525598.36,93471.44,400227.28,,316733.38,3163.08,7812.36,43044.77,1339.59,341547.78,218953.35,136448.67,81.93,653476.14,1314169.86,19910.69,9117.4,11166.39,2789.37,15634.5,2087.56,63820.5,2380.82,3280261.07,330081.62,29246.47,7965.96,269045.84,315310.53,7736.06,2365.14,,10151.03,6118.22,1456.47,
2014-08,773174.69,346784.85,2125161.69,9826091,2158781.89,254818.82,1741941.85,25129.99,641478.87,26788280.44,36774.57,188755.61,537748.22,11249.79,5.49,474412.92,83154.54,261036.36,,286283.33,2630.04,8288.47,46925.89,1309.21,329739.72,241515.48,132633.8,872.86,553539.86,1412750.91,14751.17,10510.09,9552.91,4923.76,26242.44,6059.18,57775.15,1652.74,3278996.49,244142.28,30871.47,7966,253451.48,307466.21,6969.69,3750.66,,8070.96,10868.79,1268.29,
2014-09,751878.81,386478.41,1824881.24,9166834.8,2487284.06,339666.73,1716371.79,32698.4,761137.48,28068058.33,26850.16,134670.84,510975.54,34831.42,0.68,536073.05,65659.86,380713.13,,291524.95,5402.56,7499.49,53222.53,923.04,470960.68,245228.91,146639.61,239.49,584605.13,2953204.24,20939.14,14613.48,11639.81,3120.22,25697.2,7002.67,60118.97,3283.15,3236580.52,216403.38,28396.53,8221.03,280936.25,185405.17,17985.89,4186.53,,9956.76,8958.18,8156.44,
2014-10,775383.02,311633.45,2043329.66,8620688.46,2018948.82,290897.49,1414632.4,28428.49,669290.51,28625813.63,20521.71,112668.36,449557.73,13771.53,0.74,456378.72,89573.23,315942.68,,251443.73,7700.93,9738.97,59379.3,868.4,342953.81,263092.47,123410.97,107.6,476075.78,5093321.23,19725.7,11260.56,9638.36,2967.3,23869.49,8493.94,55030.41,1010.01,3242696.95,209127.75,25292.73,9792.06,254955.74,457218.57,12749.51,2691.38,,7466.46,11291.61,794.94,
2014-11,624103.83,292935.61,1731808.68,7878165.33,2222770.26,241090.46,1577325.38,21767.53,706311.37,27002276.59,24012.24,102122.89,545302.64,7792.42,1.03,475805.41,60171.82,286696.34,,240145.51,7200.56,7466.58,53909.5,550.83,345287.62,234745.58,112146.37,5.09,474292.49,4434004.64,18822.62,13849.16,11102.87,8933.89,11617.06,8981.29,69909.34,2198.4,3331677.39,262042.84,26832.98,7675.03,235065.33,255828.27,3802.71,3184.85,,9357.5,7554.05,5902.98,
2014-12,759081.54,453116.73,2236156.06,9711564.53,2907052.55,420577.27,1833174.78,27549.65,1010730.66,32235179.76,34567.06,169436.28,577778.9,8082.56,0.87,527223.77,78843.4,306416.71,,297274.22,5789.77,10608.93,70558.26,1111.74,388966.58,245347.73,135454.17,162.22,617281.83,4482039.3,28626.87,18228.12,13362.28,3144.51,19346.55,7555.5,107456.15,1742.82,3674757.6,368293.59,31410.52,9095.89,300635.2,304586.51,8914.34,3524.22,,9442.89,8366.23,741.93,
2015-01,714925.64,364251.21,1665472.89,7837838.25,2043352.32,363671,1459555.24,26779,817248.43,24928887,28954,167429,441414.39,7944,,482843.95,87229,349625.68,,273431,3387,10281,47524,843,322833,253188,118742.2,127,579892.07,2758357.3,24224,15293,10696,3063,19271,7200,64525,1689,2592852.22,343356.06,27481,8615,291585,245801,20879,3003,,5443,15611,1160,
2015-02,463118.05,241642.77,1057280.8,5461494.02,1379930.93,283962.72,1081577.46,17561.02,566451.44,19493896.47,21435.73,75346.97,294214.07,7212.45,,312505.65,37639.79,227217.43,,138236.82,2318.12,7201.44,31232.68,406.24,428969.08,171028.31,82414.33,130.71,386489.6,3712682.35,22316.81,11227.41,17210.42,4855.86,18186.99,5650.79,82719.5,1842.37,2094046.8,338673.53,18902.83,4534.59,200669.65,147605.98,14321.04,1607.41,,6509.62,11781.43,1532.53,
2015-03,762476.61,376235.27,1745178.66,8199045.51,2078846.48,355423.69,1474368.05,27694.2,723361.08,26247538.23,24042.98,124500.07,497727.43,11689.64,4.64,470668.78,36450.3,305864.89,0.12,235158.14,5227.26,10505.51,47692.22,1145.79,311851.24,293690.17,134823.88,368.6,566640.58,3858227.93,19364.23,15180.7,10737.83,3734.87,17476.5,5706.74,57125.87,2457.99,2623169.47,301129.16,24350.99,9492.94,256678.77,169977.15,11619.96,16938.54,,7895.73,10283.8,5307.3,
2015-04,660524.27,377388.28,1738264.66,7714413.62,2142368.28,252880.5,1396368.25,25991.27,721903.22,25015028.86,20644.7,107135.99,518398.29,6786.4,0.36,435847.41,92098.74,338934.39,,212861.52,2006.32,7841.25,44948.36,1097.34,413238.21,234875.14,105022.74,630.03,540076.52,3022065.6,31309.49,16810.92,12869.07,2673.57,12394.76,5831.58,110477.08,890.09,2794750.92,284708.57,30271.52,11129.74,253060.36,278332.29,6465.61,3115.74,,13991.93,8807.01,2526.98,
2015-05,569401.16,335950.08,1579146.87,6936671.41,1637852.86,308290.38,1374680.55,38059.73,643755.5,23689572.93,19649.97,133415.85,460114.15,12682,0.97,423199.52,73869.92,338070.65,,216438.32,3159.18,9252.47,42992.7,552.18,322973.77,275013.51,92312.73,333.08,530027.25,3396695.8,18403.94,13366.17,8523.1,2698.82,14579.16,9247.35,36256.09,1485,3087261.44,280972.39,24716.35,6530.38,217168.34,150897.86,13857.41,2822.71,0.03,17136.66,8890.68,196.52,
2015-06,592554.79,355140.15,1982867.31,7695333.1,2213753.12,308509.84,1428216.49,21044.98,739698,25055625.42,27704.22,123862.13,515879.32,11725.37,,418969.52,66670.18,312278.37,0.97,230119.35,5476.77,7022.39,39542.94,1911.26,324249.35,216114.49,108007.93,18.18,601471.34,2495958.48,13140.58,10603.9,11486.12,2894.54,18618.7,5471.89,55633.98,1953.94,3188430.43,397447.28,23702.93,8159.52,218921.62,213694.36,10986.04,2641.49,0.05,17251.52,9473.59,1012.63,
2015-07,659444.41,413741.83,1917609.89,8001539.61,2429984.91,335457.68,1670410.89,25680.91,1008609.64,26150803.19,29053.2,160771.87,532828.56,18603.27,,419350.56,51742.02,317683.95,,238532.05,7952.43,10026.25,35834.97,534.67,397468.94,220972.16,130645.09,141.36,624251.97,1995238.59,13124.6,11105.72,11079.62,7746.38,19599.05,6089.94,151306.45,2285.57,3284784.17,463862.66,26018.57,10912.12,246848.42,198926.96,8835.3,3793.13,0.02,17332.94,8951.73,4088.15,
2015-08,519568.73,329040.24,1425629.96,7414592.82,1712957.38,330773.01,1399588.09,22310.73,647945.58,22377256.53,26077.69,144497.94,436924.39,13167.08,0.03,419171.2,59740.25,279016.67,236,258918.26,6042.99,10536.79,26462.89,516.08,357298.28,221617.06,117276.07,939.56,521191.8,2327343.46,21551.29,9445.18,14334.81,2798.4,12701.85,3513.98,86434.14,1973.5,2499375.27,274327.87,23312.89,11300.63,210794.67,137498.9,14031.21,4861.2,,10192.54,8571.55,855.64,
2015-09,503651.87,307569.16,1539615.59,7578610.49,2707849.64,349882.89,1414961.49,20731.38,734652.58,25411968.61,26224.88,150193.48,490559.11,13265.83,0.8,425444.86,73272.87,274908.22,,250785.69,6493.91,5794.56,28826.87,1143.83,330470.37,184379.1,109737.5,922.11,447310.89,3936657.81,18854.33,9751.77,12417.84,4879.43,12972.38,2409.87,82903.2,2322.59,2639892.64,338624.29,20954.54,11449.92,189936.4,117735.71,7037.74,5200.84,,8825.06,9959.72,1922.57,
2015-10,496974.75,320936.22,1137976.96,6381157.05,1931737.81,346295.78,1128415.12,25403.6,611736.95,21218423.1,21295.93,75616.34,438155.63,8123.98,1.28,340997.14,50925.88,225558.74,94.44,204513.14,6734.98,8462.97,28670.67,318.47,308393.02,183353.54,80861.32,437.05,563506.29,2942387.87,14237.55,10579.19,9817.02,4014.83,15133.29,9711.33,105193.72,1137.1,2618828.05,149272.62,16711.77,8692.59,195261.66,157531.65,12726.93,2604.82,,7974.76,9735.77,215.55,
2015-11,524742.49,378450.32,1247380.63,6641181.29,2213408.36,482983.84,1407125.27,24686.19,760714.11,23679975.07,19653.33,104685.88,433400.54,9281.09,0.15,377652.32,63944.57,248517.1,,245392.24,8170.99,8305.56,29936.14,310.21,306606.17,240345.83,91787.52,23.22,517483.7,3602243.36,15694.54,9491.92,10009.18,1622.44,30034.98,159772.55,100209.16,1556.61,2694210.04,172984.57,21311.12,8916.04,218600.75,207763.81,9244.36,3219.64,,7259.57,15067.62,4593.76,
2015-12,565947.44,296068.53,1891475.8,7837327.89,2499987.06,567612.99,1628809.97,33588.05,830472.48,30359570.82,21383.17,104424.22,565151.93,8265.79,2.41,439443.8,62117.99,267687.85,1.97,368894.18,8997.15,8457.99,37475.05,1246.89,322905.1,253552.87,127753.9,84.3,554208.38,7058418.2,23000.56,11544.27,10526.21,3095.51,28264.05,5765.79,77726.01,1921.58,3049902.97,209834.94,31875.39,12363.16,284625.22,211550.54,6533.98,3920.55,,7535.85,16817.95,1002.97,
2016-01,498386.44,357873.15,1332670.63,6203454.63,1762831.61,297939.35,1211242.92,21937.56,761035.79,20653268.76,22532.94,81868.82,445261.18,10952.74,45.48,378421.9,51093.79,252139.63,0.04,270402.6,5049.08,8847.62,22425.57,1080.48,276443.11,175576.13,93985.98,100.63,466730.83,2507214.12,25339.92,10415.93,7560.54,7483.92,28717.6,4199.83,43982.87,2122.3,2280724.31,160201.38,26567.88,11486.32,221954.69,268360.87,5062.6,2471.85,1.64,10699.73,18169.33,200.53,
2016-02,392280.15,217155.61,1102284.44,4938735.78,1547779.49,324410.17,946758.66,14635.93,551624.58,16561070.49,22657.58,65116.59,379222.92,8030.82,0.86,238655.16,74216.69,218293.36,0.53,178613.8,2581.28,5474.7,21690.63,420.44,238448.8,248648,80781.25,538.45,393961.35,1793665.06,10905.16,7996.27,10388,1978.49,35145.16,2598.97,24219.56,1607.37,1988957.99,148840.32,25092.51,7776.99,187441.48,82415.74,4515.48,2152.39,,7736.32,4607.04,12.2,
2016-03,750953.39,376079.62,1890904.92,7853419.98,2174512.97,494115.04,1397374.23,33063.59,1074912.41,25768293.3,25274.65,149434.93,522730.95,7386.89,0.62,452268.47,36725.84,272208.84,,288557.64,3549.42,10684.43,45359.61,887.86,295177.29,250786.28,112117.94,637.34,499026.84,3064519.21,13452.5,11391.18,12196.72,2435.04,20083.06,4877.27,47958.58,1677.08,2781915.5,247748.25,34404.62,8017.33,274572.08,195907,1297.44,3343.21,0.04,8997.35,14375.23,972.61,
2016-04,616481.66,362662.99,1349418.2,7577451.93,1943708.64,309448.87,1297973.1,26364.72,825960.88,22347281.69,16090,110090.99,490361.91,2310.86,6.57,420957.78,60422.03,332847.7,,259661.56,4434.31,10100.69,32614.88,706.48,249291.26,184245.74,103266.8,987.98,478323.06,1193424.47,14046.5,11889.49,14104.11,7169.45,18957.54,49275.94,90569.88,1509.3,2890521.18,432665.76,33939.35,6609.53,250234.86,233798.38,3047.38,2693.79,,8446.91,18072.15,114.13,
2016-05,654082.17,471657.9,1817884.74,7642958.32,1692625.98,379627.94,1429039.02,22926.26,952892.57,24886264.75,16039.59,129657.83,536193.46,13276.02,2.96,444585.46,34187.65,282465.46,,275801.77,7135.27,8961.04,28568.95,884.82,289297.9,194627.79,114403.33,1939.42,618049.55,2806725.03,14499.09,12276.03,15859.88,2341.11,27653.01,4474.86,30758.03,1281.73,2983456.05,416295.62,40478.86,6617.15,238892.55,192251.61,4186.42,3156.82,,10295.65,14133.17,858.77,0.08
2016-06,592241.32,350626.54,1520347.75,7463954.28,1988903.29,417941.22,1452389.21,33018.23,751555.84,23655000.17,21879.04,122862.36,564418.4,7452.45,9.08,467307.5,53781.32,325529.38,,280714.72,8015.02,9143.97,31872.93,524.54,341059.32,191865.49,142358.9,872.58,536041.37,2528114.05,18632.99,11921.09,12905.79,6850.3,20847.32,4236.48,18102.34,2159.1,2658966.4,161026.17,36722.05,8392.99,242520.41,214176.15,5114.24,3902.14,,7839.42,11297.5,4586.72,
2016-07,565785.48,433794.62,1816266.82,7463646.16,1928655.16,433054.33,1458706.45,27044.53,710969.09,24798313.53,13803.45,140374.22,571951.83,12034.69,28.94,455300.75,28303.25,341640.93,0.26,273640.85,8851.55,8089.27,32255.6,587.24,242125.9,199541.86,123838.47,101.13,506045.86,3771729.79,25898.21,11204.46,18740.27,1781.21,19087.76,56991.85,19187.45,1678.11,2366316.99,105659.81,34450.37,38117.56,238860.95,267316.38,3797.92,4507.84,0.01,5372.74,11115.1,59.84,
2016-08,546797.53,356131.94,1789633.84,7877639.69,1927182.92,528907.74,1572063.45,29635.48,833321.04,24700176.46,23506.95,167643.05,538654.62,11451.99,8.36,489396.21,57502.97,291469.83,0.1,320632.38,13801.86,9446.04,32152.51,390.37,200468.46,215171.98,148304.62,218.89,587580.19,2514652.33,19600.14,11069.74,12989.75,2840.4,7634.06,53977.87,9815.34,2148.51,2740169.82,220089.29,37908.12,8256.31,241922.15,209998.19,4181.8,4084.81,0.58,4744.96,16225.46,8751.78,
2016-09,493402.19,395875.87,1438812.94,7236775.08,1720111.52,502477.29,1396576.49,26901.22,923607.18,24337844.77,26444.67,145597.98,499476.04,11165.03,0.66,446824.29,42670.46,268349.16,0.3,345792,8979.01,8750.34,36269.13,376.38,217055.89,224896.67,127587.94,232.74,495117.51,4051053.46,18149.28,9832.9,11399.99,3102.03,17581.62,611.07,14892.12,2550.77,2487587.3,159854.05,43384.61,24716.91,241605.26,168969.98,3347.99,5142.6,0.01,9340.28,18839.83,5756.46,
2016-10,496147.88,262091.05,1222438.23,6625968.94,1419860.23,372484,1345300.4,21319,695589.52,21814820,22046,163073,500665.52,15496,1,347714.32,34977,284304.21,,308407,7936,9018,33760,562,234469,202541,114005.53,824,436616.17,3151294.69,14139,9589,15000,7309,24395,61214,17574,1626,2796918.74,90604.09,38584,8002,239371,133631,3066,3885,,9320,10521,1162,
2016-11,595726.94,309958.68,1681486.91,7492778.61,2051896.53,568744.78,1701922.43,23358.46,758264.75,25951674.01,37213.06,138389.93,596874.26,13111.59,0.96,399261.46,37250.06,262347.7,0.2,311199.68,14255.16,11298.79,38748.25,695.49,230949.49,205887.36,136726.22,50.96,534636.38,4047016.42,15367.68,11769.18,15602.91,2986.78,31955.14,57956.37,55592.47,3604.52,2866248.58,116329.88,43775.31,11446.13,284102.37,199585.92,6241,4452.05,0.09,9713.71,9956.43,4935.9,
2016-12,664734.8,373154.47,1685871.02,8000120.28,2397194.5,649865.8,1523045.87,25523.19,902116.82,32472841.71,37236.22,166826.55,554548.6,16998.54,2.26,463437.6,72801.1,320173.56,0.16,349693.16,10685.61,11782.84,44210.53,478.58,374898.47,239282.56,145552.34,141.73,587999.82,8551432.82,21502.31,12873.04,16785.74,5713.21,22414.71,111614.37,62407.86,2397.03,3216629.67,204739.59,41236.75,21982.42,286585.46,240667.23,1244.18,3750.8,22.74,10597.27,14529.74,5337.79,
2017-01,590025.13,276358.82,1315219.79,6727342.43,1760395.32,687719.45,1264975.34,21803.36,823661.76,22693877.98,25419.02,147395.2,477518.07,30774.5,1.22,345780.17,77482.8,267553.7,0,339642.42,5794.58,7009.74,25025.68,449.75,225777.63,202075.19,111597.06,103.72,426699.58,2479828.59,34759.08,12524.57,15067.7,10541.52,3504.76,122616.06,33491.12,2410.43,3138468.08,112347.87,26962.48,8428.15,267893.9,201632.6,4032.16,3106.93,,9922.17,18641.68,4096.73,
2017-02,473607.85,263899.46,1623901.24,6372013.37,1512614.79,756376.17,1297403.91,25435.15,960890.17,21472737.69,24905.5,132467.62,594248.16,26268.12,1.24,365109.1,61257.56,294963.36,0.09,259374.64,5361.1,10565.22,27063.16,656.72,169124.48,217653.67,107223.71,121.29,552664.83,1369211.07,19929.15,13666.68,16031.85,8577.67,10572.38,126967.37,91945.7,1329,3014331.5,162685.84,27855.45,9716.95,240957.14,186939.73,8375.79,3158.75,,4385.77,16665.71,4262.51,
2017-03,681800.39,377735.6,2254644.42,8154578.41,2256176.74,729319.91,1645443.99,28516.43,979508.8,28543872.45,33687.56,166790.77,655843.2,19143.28,11.31,455456.22,82167.01,443345.9,0.06,367265.98,3985.36,11905.26,55507.2,563.95,370919.26,242864.54,148344.23,174.76,670588.05,3300817.03,17237.78,14691.33,17614.72,9513.15,15614.56,59704.81,68677.88,1638.01,3509371.21,95519.58,37329.14,12962.07,299106.1,207826.79,10501.76,4313.06,0.26,6455.53,17290.52,1398.58,
2017-04,595057.64,290853.25,1651267.66,6888072.9,1746732.02,606403.85,1491692.22,22575.44,1026631.51,24873588.33,24633.69,138005.89,531566.88,10780.23,4.82,412916.66,91200.98,342757.16,0.08,328879.92,2851.25,9372.03,38010.66,290.83,224874.69,232223.87,132511.04,158.16,644761.24,3070598.16,20155.03,16783.9,17672.49,2592.08,34179.56,3869.67,63798.92,1404.84,3374756.29,220143.96,33512.63,10833.59,284017.52,192530.15,9597.73,3341.79,,6250.25,12539.84,9922.99,0.37
2017-05,653920.29,322622.07,1759140.79,7903366.95,2454754.95,656433.18,1705893.19,26490.76,894203.34,27763690.66,30071.36,178366.96,681180.81,17622.79,4.92,493327.5,98426.7,349632.74,24.64,299045.32,9119.8,9966.2,39498.1,670.87,206767.48,276831.01,139510.86,106.86,655524.99,3084715.13,19116.06,12652.2,17473.35,2986.65,11782.86,22885.08,32942.1,2430.33,3895637.92,218491.48,39259.29,14479.63,287872.89,191476.03,10278.52,3636.69,,10381.29,17846.39,4820.99,0.35
2017-06,629157.3,395870.79,2214239.75,8695548.93,2482124.39,731656.71,1862831.43,29777.51,883238.5,29398459.11,38704.52,174097.53,620248.45,21414.64,41.55,547310.76,54217.89,400443.27,,341951.38,10390.45,11787.55,32129.47,819.12,339600.76,288172.73,156459.84,358.01,737426.77,3370657.06,20318.24,11867.16,23825.75,4596.43,46694.68,3307.78,18654.48,2673.92,3350791.86,216348.19,44990.3,17033.92,297075,215342.27,8812.08,5897.08,0,10295.22,23691.7,5565.83,0.19
2017-07,591667.45,372490.05,1832832.06,8094091.14,2325376.89,706769.8,1838258.59,26307.5,753073.21,27620594.47,49455.68,172383.5,756545.16,7466,2.13,515149.95,81511.45,352281.04,13.46,369316.93,12067.42,13398.89,33536.47,549.63,304987.11,311059.33,149364.22,161.42,698604.37,3020100.42,17529.82,9724.49,19517.28,4772.18,9108.92,169385.08,25599.65,3262.12,3056393.69,282772.22,42798.2,26397.98,305855.12,209790.96,5370.35,4699.43,0.1,10007.98,22175.21,6612.37,0.09
2017-08,632903.34,357870.51,1676315.44,9173701.07,2712081.13,696642.51,2049788.55,27176.84,1029643.61,27826975.56,37710.66,184369.83,717010.84,9394.16,5.86,564673.43,96066.46,341396.12,0.03,331559.49,10426.18,12549.66,33999.63,556.46,235032.5,298150.85,223411.26,88.8,685690.23,1684601.42,19490.34,13693.09,24534.19,3858.62,34249.42,64157.09,49049.29,3345.43,2875506.92,258871.07,47305.45,14874.75,346605.29,205972.32,10637.77,6979.37,,7896.16,16862.04,253.81,16.27
2017-09,643572.23,427091.48,1967975.56,8953494.97,2751606.53,689686.92,1845656.29,25301.99,1073952.16,29467871.8,40986.83,236229.67,740181.54,12759.97,3.97,537699.27,81058.13,365528.33,0.85,332539.93,8407.23,8439.74,34866.97,907.25,206119.8,347913.68,165718.19,882.7,710084.44,2447452.68,20162.24,17721.91,23452.82,3965.11,27590.31,1041.94,39690.9,2757.65,3815041.18,195700.43,49107.54,17572.11,330620.72,222719.24,4161.98,5707.21,,10146.32,16772.65,7799.07,21.17
2017-10,565194.27,367848.32,1620678.89,8019665.17,2130268.27,543607.63,1459667.48,23250.37,761219.19,25715403.8,35567.65,165144.97,517583.54,17356.38,3.42,471515.07,62756.62,340253.02,0.02,384000.21,13210.98,9142.33,31267.16,329.31,245165.24,312284.58,134552.8,34.95,643182.05,2780486.68,25031.93,12809.58,26539.8,2514.58,45344.73,1005.5,39385.98,2762.52,3115931.36,134103.56,43209.97,17795.86,310973.6,236408.87,6113.42,5546.07,,9436.96,18580.32,6633.99,38.66
2017-11,722538.22,375981.76,2178859.75,8831814.74,2491530.84,694825.02,2067164.52,24264.59,953006.73,30696074.77,47856.87,238367.09,925031.81,15597.64,18.9,525185.25,99051.67,366169.04,,379023.48,17333.65,11043.55,29723.48,711.03,225267.01,305765.56,160241.4,365.34,784732.58,3212425.01,20571.91,19445.05,27386.82,6823.16,4787.12,447.91,31430.99,4903.33,3891023.08,200148.99,54355.22,17212.84,350619.67,343656.04,4012.66,5879.27,,8215.18,13181.59,8077.05,0.4
2017-12,767926.28,381282.32,2154335.21,9155786.08,2668276.54,636122.22,1887302.01,26837.66,1067114.71,31022396.9,38435.2,199268.41,781418.96,10111.94,3.72,622887.89,80536.34,387633.54,0.49,356158.92,11152.95,11243.45,29047.43,981.62,374107.67,316317.85,193727.65,579.83,671192.27,3077191.2,26376.86,21645,25692.69,7080.81,50721.89,2553.62,20717.09,5074.01,4078429.52,228735.93,48468.06,15572.62,372826.29,170767.96,4651.62,4997.5,,6473.97,17497.84,7045.22,88.06
2018-01,666679.61,346233.14,2345921.26,9092556.52,2494184.94,1073418.41,1865102.17,26613.6,1313965.73,32246055.73,45400.12,200240.86,783423.11,12138.47,10.19,612321.34,118800.19,434353.78,0.43,389767.36,9999.16,11906.33,30059.97,1078.91,365047.09,301551.68,176610.65,1473.88,765049.67,3261222.29,24504.28,25135.62,31178.13,5028.99,11799.35,891.45,56360.12,4707.96,4375590.29,252624.65,51326.01,18640.67,412216.91,192764.66,1706.09,7442.55,0.1,6524.71,16424.6,6052.82,4.91
2018-02,366514.52,229810.35,1458847.53,6879922.27,1442766.16,507191.45,1301578.69,13479.22,882800.7,25366570.19,31484.78,142501.9,616841.6,7639.31,9.22,403243.16,83476.44,327147.1,0.03,294111.22,6248.35,7575.15,21110.37,1012.98,197987.1,270076.77,140758.94,193.7,582218.85,4528480.97,15111.03,12263.47,23929.16,3912,20929.73,2963.43,39742.15,3653.22,3892026.58,107654.71,40793.69,8287.23,288734.91,125558.6,2533.42,4287,0.51,10959.94,11882.79,6317.19,0.64
2018-03,641715.78,411498.77,1773077.03,9225822.82,2396518.45,803121.87,1833082.35,33072.26,1150042.19,32313621.4,50438.62,187650.47,793993.92,17537.74,9.24,570032.82,97453.34,401785.1,0.98,418824.07,6852.27,13038.47,29892.75,1279.54,238803.57,291214.25,186432.75,372.71,1027092.19,4176301.4,18835.83,17853.9,29191.43,4164.83,30848,5838.4,43044.17,3952.11,4473097.03,119020.1,46706.33,21042.54,403813.5,274454.31,2505.61,7559.6,0.01,11074.36,23300.19,360.55,0.91
2018-04,662314,359772,1884790,8837307,2963305,826475,1729740,25235,835346,31168534,30996,205224,780667,12300,6,558214,101778,403807,,349866,8474,11300,25926,843,330356,261787,177540,42,855903,3168116,21249,17703,25697,3574,8988,5044,84308,1952,4490923,218948,47385,14356,368920,393963,5974,6356,,13328,26771,5663,3
2018-05,670720,486068,1895002,9389505,2489610,918303,1957318,29082,1053412,32893217,54380,183415,723013,11624,13,660896,73414,447046,,424054,11664,12338,25752,564,222874,329565,191546,320,808311,3342072,21818,20035,30931,6403,8961,3276,38965,2859,5010124,269875,60171,26374,400259,524972,4013,6857,4,15963,22675,6796,6
2018-06,534717,315755,1555092,7953187,2380288,843379,1710333,28285,1060151,30176491,42464,155891,653923,6689,13,566558,102725,405879,,320122,18435,10154,30416,1281,365958,271702,177802,230,775478,4638882,21688,17983,24505,6050,30167,4608,22668,2566,4186179,320480,45179,14489,361477,157796,4417,4837,,9881,14528,1201,3
2018-07,581746,350621,2358753,9904832,2228809,923628,1970708,22631,862988,32131370,48002,219321,722458,6601,8,606565,80262,439775,,493551,22687,9028,32352,834,289742,312510,188943,501,786725,2009571,26274,15175,26426,3536,17441,3723,61927,3636,4730954,198885,62463,17027,368658,1077551,2580,5685,,10971,18860,5441,2
2018-08,551340,382902,2407853,9477852,3138200,932529,2052798,27213,973762,33958289,54975,210288,823494,6913,23,609270,99389,355608,,453142,13172,11444,34432,715,325483,293000,203916,654,656071,3434479,24889,16928,27607,3304,46653,3323,46520,3380,4861238,289500,56080,18218,373540,613314,3379,6589,,10260,21130,1516,5
2018-09,563551,391623,1796082,9977611,3143373,1050623,1853430,30813,1206625,34166527,55875,223321,727599,4534,4,657437,101146,428702,,327648,15031,10608,32764,896,219193,355856,210806,251,646637,3210021,20729,16264,33948,3245,42803,4594,38096,3654,5600148,251281,50594,30142,381947,403277,3523,8146,,7153,24645,280,1
2018-10,582522,381747,2074083,8265706,2857410,919061,1519017,27658,737192,30690544,31148,184723,639008,7442,7,521744,95121,333520,,298482,17040,8444,27067,549,238524,309368,171326,23,663607,2565518,16693,13820,26196,4401,55945,30441,21334,2197,5952201,116836,43340,11883,353732,523469,6146,6615,,9576,16726,1930,4
2018-11,679179,379289,2307304,9477379,3235244,1029930,1715057,24430,827234,33715724,43080,178071,793173,6005,38,599693,95961,410765,,295831,20947,10263,28781,828,379477,339261,184893,280,708317,2598374,17113,19763,25116,4972,22593,241845,52837,3118,5761651,163473,47351,16495,375732,557526,4720,6985,,10948,14204,122,77
2018-12,480306,349885,2003073,7732001,3506786,1031713,1662748,23687,1399762,30185214,77313,158914,747353,8843,25,546751,101055,368643,,274702,15202,8133,30576,797,245533,310370,160667,220,669881,1636802,16953,19881,27702,5317,18702,75929,65181,2749,5245704,335699,39758,14965,321590,401030,7009,6036,,9373,13326,6508,62
2019-01,729393,424283,2188130,9620260,3546087,1257703,2013720,24971,908172,34412727,53548,204582,821941,9148,5,654357,107169,418852,,287147,12987,10900,30745,871,257394,369311,204296,248,909580,2800425,21415,19772,37727,6671,22238,416,75391,4262,4893984,398748,40736,18083,423910,529806,8015,6656,31,16968,20331,1298,43
2019-02,348997,302075,1460832,6801489,2065261,985127,1135947,19666,654256,22812966,28596,154035,426795,4333,2,444774,63658,248562,,241885,4535,11460,23563,541,238615,243404,153138,207,539223,1214722,10737,14593,19433,2620,13683,881,61516,2235,4085822,196940,27109,12471,264207,239323,10384,3919,,13515,12759,5101,22
2019-03,526070,374774,1756908,8454126,2446379,1275817,1702706,25735,1052069,29979544,49377,187161,682060,11839,6,611737,124533,355062,0,305405,8376,10155,31100,934,364922,265270,181281,36,841805,2657535,18917,16097,20770,21238,25739,3846,82032,1994,4493050,262246,46898,14448,387377,242891,10356,6125,,11990,9929,393,30
2019-04,604078,339158,2027950,9123688,2471061,1269975,1896116,24690,1079458,33491247,70178,187415,787670,5102,6,652379,107126,390147,0,327865,8948,10731,27773,611,275816,326529,169839,560,836510,3453519,18875,16021,31453,3951,66367,145656,103590,2745,5191049,387516,48584,13253,365322,557765,8615,6132,,13787,29544,6082,42
2019-05,520772,376176,2126336,9318667,2920552,1131914,1872398,24577,928652,32862969,67618,194898,745015,11008,7,650884,112354,397106,0,306809,8864,10911,23065,771,285206,343846,189948,676,773529,1821652,46041,20405,28847,3631,64282,459100,84976,3774,5349369,384584,47015,10981,421452,729765,4251,5379,1,15556,19234,68,45
2019-06,504106,368603,1847035,8516683,2510628,1121637,1720900,24379,764614,30103370,57987,190135,668428,8446,3,684618,85280,424182,0,286973,10340,12851,26646,567,248312,337273,170111,231,700125,1447847,42949,19657,32491,20292,42211,152034,98528,3358,5278550,430834,42994,9410,380702,741370,14767,7344,0,10350,31512,5048,29
2019-07,607227,473512,1829642,9157510,2535076,1158123,2031796,23585,909484,30815467,75682,209106,812493,11244,4,679774,76657,443661,0,356163,14318,11059,30118,784,266724,353569,206584,99,823132,1327420,23399,19326,37423,4185,25020,4008,92231,3459,4724726,331860,44196,12528,420092,551303,16019,5442,,10599,57068,8003,33
2019-08,550928,438466,2179662,9135332,2479911,1049502,1854969,22921,828334,32007116,62094,237061,678068,8238,4,664761,92183,419323,1,359979,9695,8695,32863,878,246624,344310,233921,64,722421,2583264,19430,14550,34686,3511,64286,7654,83915,4547,4937215,413535,49303,10871,392624,656981,12965,5859,,9067,41340,294,13
2019-09,561323,395792,2093057,9056230,2574375,1115814,1803794,19775,901301,30988491,68008,153947,702214,8977,5,655656,90800,404801,0,295903,12286,8096,39194,654,368327,325120,176590,362,684890,1837155,17637,14534,33221,3765,18537,3250,65449,3975,4973011,496256,41746,11960,362770,513432,12951,8155,1,11384,41722,282,8
2019-10,559240,400275,1915355,7287265,2759444,1036309,1598215,26531,995865,28783629,66395,182081,678014,7099,85,537334,119261,398064,0,307653,14314,11550,31886,987,276123,320409,189573,64,666225,1818765,40633,13114,32622,2490,42982,73015,65986,4142,5263135,277444,39947,10670,373582,272325,23341,5898,0,12692,21174,4045,9
2019-11,757186,544763,2322844,9339984,3173917,966616,1793845,21506,1070814,34056132,54031,203655,801041,9873,6,710410,67991,343056,0,350265,21792,11693,32453,819,542747,338829,223448,296,825711,2254409,21305,11199,72812,4037,94218,6223,42941,7139,5528038,387422,45169,11648,409016,539013,16280,9494,,15231,43468,7447,31
2019-12,600503,517535,2079758,9225976,3088265,1081133,1996866,23983,1102706,35611695,72700,213815,805435,8477,68,676128,116220,387869,0,321376,16178,14250,29177,1144,527093,375942,225015,449,814075,4048780,18074,16383,55309,4703,59369,4074,58074,5094,5539201,536441,42766,9063,426985,393456,10760,6637,,14463,34663,5245,20
2020-01,466754.85,349989.65,1686406.29,7019273.34,2194313.73,998283.18,1378254.51,16254.84,899653.05,29691405.14,61359.05,184041.04,783067.93,6189.4,123.38,486423.52,125655.68,305350.44,0.07,298726.81,7489.58,7383.81,23884.06,374.06,954191.84,292088.1,156477.21,100.5,597095.5,2717339.18,14735.33,11175.36,40533.96,5967.16,26328.23,1997.81,30813.25,4193.37,6108725.95,395097.9,32120.02,8567.88,359554.14,549297.32,11032.72,3648.79,,10109.09,52913.92,8035.4,12.95
2020-02,459374.78,579971.55,1460482.05,6837307.49,1785643.35,1055704.85,1358035.94,17796.09,814339.71,25880240.42,43367.88,154817.81,570458.37,6084.97,4.71,555704.02,77861.12,329505.48,,246785.5,10279.25,7067.01,20036.76,623.66,521162.53,325919.3,154829.45,34.37,772605.73,1010461.09,13760.36,15617.3,27653.19,7074.99,135619.54,542.32,69567.91,3491.19,5173185.99,441183.37,34073.93,11389.05,303787.83,414476.85,6673.51,4736.68,92.77,2832.57,37777.8,431.77,6.7
2020-03,625678,620357,1818314,8297125,2153684,1323259,1647026,28622,956408,30282027,68129,200868,913624,5720,47,620426,124057,421118,0,308801,7918,7881,32160,866,753695,337452,176638,217,908068,1425410,18081,16974,52089,5335,74958,7846,81148,4100,4972401,481983,35589,12335,377748,280413,14515,7344,0,3775,43752,8067,8
2020-04,651396,428654,1512422,7619769,2177772,947748,1471099,25363,1107893,27054347,37370,184952,811915,7367,11,487669,81254,360905,0,318461,7427,13381,29759,1317,789540,284235,161232,258,822766,974588,16014,16055,27129,5238,48559,2283,52675,3643,4216529,665608,39579,15945,376722,197388,3693,3725,,5071,35584,6369,13
2020-05,449821,441301,1501463,7185859,1849040,1138437,1364088,27636,1034167,24510977,47143,151482,701456,2210,86,415163,78990,277702,0,258713,7086,9384,32693,2599,326840,278731,158075,97,766843,848681,20309,13340,51298,6212,32003,280362,46938,3059,3560059,564032,30963,13827,318270,168809,6964,3752,0,9840,16474,8669,9
2020-06,726867,572646,1527459,8260274,2324429,1130337,1772398,23406,1250999,29319227,80656,268332,829774,7846,35,488094,106134,314696,,353045,6277,7133,29666,759,627714,375272,228013,539,644156,1189710,21855,19663,33429,8892,51011,150753,47710,5725,4198191,745500,41742,10568,440619,327412,13986,6406,0,7596,41255,229,18
2020-07,680597.57,442946,1375963.32,8799930.55,2450335.32,1204567.5,1996235.08,24123,932364.48,30777522.71,45365.67,256256.04,871775.68,7604,16,539745.34,136216,395817.07,,366818.84,10259,7548,28511,2633,611117.62,427694.4,229805,327,814483.55,1295197.51,23623,19090,38925,7634,32773,9763,86894,4609,4779820.45,833769,43256,10023,455666,392966,13310,7240,2,5896,52676,5314,21
2020-08,642222.06,471424.69,1841474.32,9125882.4,2300955.09,1312389.52,1986673.4,27456,1392212.78,32418414.83,68999.5,241070.87,865973.1,7082,9,551406.63,122633,322520.68,1,460125.09,7296,10011,32511,1192,696211.15,407461.58,233186,70,739092.62,1937810.52,24321,19823,32916,3846,82031,8849,97935,5902,4539571.12,642569,46023,13609,436305,596866,26249,6437,2,2764,25883,1130,32
2020-09,732667,582855,1911971,10659677,2755390,1219214,2522307,21862,1164548,36455222,73324,305258,947345,6640,8,641999,130153,350606,0,405344,9488,10087,38284,2647,486949,404384,289865,249,969432,1625467,42130,18704,68513,6751,40068,107174,149272,6836,5417576,869232,55520,11920,496814,769436,48241,6741,0,4608,55623,12008,33
2020-10,812559,406594,1672842,9036174,2575778,1068962,1931469,20730,847150,31705118,45782,307999,959248,6924,9,566619,137495,369104,,408534,9667,11590,36213,811,598467,434780,301092,540,751624,1144014,25243,16235,34205,8738,29901,48739,73595,6829,4627507,627440,45833,10286,519050,1080244,22373,6471,,4550,54806,283,20
2020-11,806195,474428,1610025,10560594,3540521,1370997,2315938,23810,1243738,35000604,56816,266949,959517,9264,46,616315,122290,375070,0,445071,11757,11042,40848,1201,353227,366061,274167,253,857629,1518644,32383,15278,38036,15668,94337,6573,82322,5816,4437008,575406,53753,10529,533139,783126,26131,8221,0,4063,39620,6756,23
2020-12,786872,636530,1842466,11876967,4086655,1274371,2503005,19166,1144144,39119531,144779,250218,1133870,6780,37,683311,126622,370796,0,413153,9645,12075,42988,1973,537458,386800,275887,172,831534,1692127,28937,18510,43061,15982,124474,53924,75977,6266,5159720,954712,50137,12474,524386,872107,34086,7960,0,5004,41309,75,28
2021-01,747944,597949,2083070,10164050,2818413,1095510,2456458,22315,1239841,35313106,105823,360680,995811,12633,47,672865,140419,327315,0,505824,6864,16609,42238,1073,739883,435289,274255,44,731164,1358907,18761,18774,34841,10574,62521,10414,100213,9759,4896743,1055674,49545,16047,555940,424789,27159,9229,,1797,56446,569,18
2021-02,652655,460386,1445760,8003329,2436311,1229749,2004133,20600,1116663,30508741,42112,280265,854604,7329,27,519940,124237,332445,0,439075,4979,9103,37713,977,915239,414865,249845,617,667044,1187223,33776,14676,47076,23147,99355,7098,54160,8011,4966105,658673,40648,29874,409468,569265,37599,13411,,2034,30522,6602,13
2021-03,850196,632995,3004847,10283177,3177483,1866876,2948496,37682,1133691,41674411,61505,333282,1176178,19399,22,696946,159928,498622,0,405233,6704,14073,47987,1536,1124597,555549,296457,878,1013438,2574211,22156,20843,36993,12629,69782,123778,124598,5810,6206309,731329,52991,14093,503565,689844,45293,14721,0,6761,70343,565,18
2021-04,799159,574872,2001793,10483164,3637511,1154694,2610793,24792,1107483,41085023,95253,268560,1235240,17829,18,712416,109651,519759,0,465731,9131,23602,42660,1320,1051301,497623,334296,419,724793,4456529,19851,18644,33074,14623,63159,8485,110363,6933,5675606,697010,53135,17423,506189,743349,40133,11643,,8672,96028,302,12
2021-05,668088.09,692148.46,2012869.8,10559699.71,3535454.12,1476862.65,2610497.85,28359.87,1255025.58,40120065.95,73073.39,285118.99,1011673.14,13881.03,17.62,727656.12,235191.3,453014.22,1.3,507934.07,9596.59,18670.12,39585.97,1900.32,1028074.94,479089.51,342546.03,445.36,918615.38,2671891.93,24589.98,17726.2,35372.22,34582.42,101830.31,13766.89,86724.68,7230.51,5718729.76,1041080.76,55075.47,15850.32,517034.47,679874.78,23278.23,5879,0,10215.87,73745.87,484.12,10.66
2021-06,688192.02,569460.86,2281522.85,10629266.08,3360674.79,1423228.88,2851085.65,25884.14,1230314.12,41422225.66,83643.47,316699.87,1116183.91,11716.24,30.96,772587.54,147843.91,494741.11,0.01,505774.4,15681.17,17106.34,47912.58,1008.09,788738.88,424654.01,384194.18,245.7,1108999.63,2873198.72,23249.58,19731.25,34203.77,12188.44,94446.49,2722.84,85024.2,9588.27,6235314.85,1157095.74,57857.03,166744.2,510234.78,740393.31,26662.54,10267.61,0.05,9676.94,55570.07,651.91,11.7
2021-07,680608.26,606413.06,2175190.21,10162785.19,3123325.15,1532055.36,2447004.32,28422.05,1068743.48,39343952.66,116723.33,312464.41,1060308.29,9499.04,71.1,690883.26,126093.08,553557.46,0.63,456505.48,23820.49,15768.88,46588.47,1568.98,669499.95,449485.44,271288.55,1124.62,894119.55,2828608.6,25961.81,17427.79,35539.58,6769.72,115177.67,2862.78,90639.72,9341.16,6710438.56,610747.84,59370.73,13683.26,565436.78,565415.02,15852.96,9464.78,,11133.25,125914.32,236.91,11.36
2021-08,683412.05,463264.77,1554178.87,9636984.64,3238118.35,1473297.61,2627530.26,105454.01,1095858.33,38951746.77,86970.73,273908.27,1069115.42,6689.74,299.15,692911.82,156880.7,404414.69,0.82,462141,26939.81,10907.18,41659.85,1901.47,778949.8,419253.09,265741.55,312.48,874232.61,3150457.78,22451.13,17944.38,37167,9520.06,90986.23,2830.35,69138.44,6984.19,7041652.22,787357.39,53128.14,14429.59,479639.59,569865.67,35485.31,10080.74,,8990.52,91856.05,445.85,7.1
2021-09,600647.49,610315.84,2031729.81,10407425.75,3302088.8,1423920.12,2273730.85,27215.67,877543.83,40236010.63,90993.56,258910.65,1067998.71,9125.25,127.9,778080.24,169367.52,432531.19,0.04,539793.09,13992.44,14239.21,51895.97,1575.24,657313.01,539810.4,293378.11,373.72,788009.07,3556233.96,20549.45,18687.79,52140.28,9357.41,69213.43,5950.7,100553.92,13428.87,6867820.85,775952.78,54605.24,12882.54,550163.95,724310.57,26377.74,16229.64,0,7974.31,91120.85,320.23,2.66
2021-10,602024.18,547099.57,1868613.74,8575341.39,3024052.77,1421122.57,2306054.95,33813.71,1043151.56,39172128.62,85426.3,259950.23,825778.91,23229.79,14.22,682274.45,126760.4,404590.72,,411160.38,11177.31,12411.4,43791.67,2873.28,567615.68,384334.25,254811.04,544.4,631966.79,5587210.86,22354.1,22970.01,40261.77,26776.81,110559.21,2707.13,79923.65,7917.14,7522064.03,602499.14,46495.52,12189.78,440569.82,349421.03,27273.32,8941.83,0,8409.29,103530.54,65.42,2.59
2021-11,706341.7,598083.95,2794567.6,10907777.89,3537671.57,1809996.33,2518756.08,26110.64,1256962.37,45044674.16,70533.14,283421.78,934552.17,13080.6,17.93,748049.06,153965.99,478991.81,1.69,496621.62,10594.24,14614.09,55769.04,1125.87,854514.01,445291.3,310702.43,234.18,717249.37,4787901.1,23051.05,22603.96,42843.69,3774.07,100582.94,2346.03,104045.41,10859.91,8203114.69,669149.69,57105.52,13209.07,530727.02,540695.05,53687.24,12649.24,0.03,7433.54,112892.71,402.13,1.66
2021-12,865726.87,625671.19,2280032.94,10205794.81,3945795.08,1720390.71,2671662.06,30726.19,1592606.74,43483038.19,61984.31,221018.82,923837.75,19624.8,22.05,725848.34,143603.38,419708.77,3.69,370976.47,12336.32,23256.77,55702.57,1398.4,1006192.78,499095.08,228821.14,212.96,841915.33,2848239.5,24749.57,29021.64,3782.38,8566.68,71277.62,3364.66,84261.84,8772.96,8306904.58,973152.2,53741.12,13648.54,483623.64,946301.81,27151.4,14968.82,0.09,8392.39,78462.07,686.37,2.05
2022-01,757543.49,557667.89,2372969.04,9733552.22,3048023.73,1426434.14,2565130.98,33359.96,919214.98,42000182.14,118624.95,324965.23,1050503.59,12246.07,21.28,676467.5,138455.95,398120.35,5.09,449907.78,10744.53,17002.61,51249.99,735.65,870942.54,433056.86,291274.32,506.35,713885.17,5059948.98,23399.08,26332.69,63.38,9125.25,79829.98,7490.99,114404.77,8070.51,7574814.41,1075028.36,70650.85,13446.56,516910.46,310117.15,29699.43,11200.49,0.08,8052.31,88280.31,703,0.88
2022-02,867920.28,311724.96,1665436.27,8036554.81,2521516.59,1469569.31,1964256.4,23856.85,1027273.68,34660740.93,54232.18,226381.22,610494.63,16522.85,11.94,533915.61,129230.58,441358.7,,363389.66,6636.35,15884.16,40911.59,1582.49,843472.26,355463.42,226384.75,94.31,753829.01,3644416,17963.71,25671.95,9402.25,7559.21,47766.84,7097.66,160873.56,6293.61,6238632.57,708239.82,43143.92,12493.76,377338.95,682650.39,28114.13,12467.58,,10143.43,111746.19,820.21,0.34
2022-03,860673.47,579536.92,2173795.71,9272210.09,3043776.61,1768656.69,2315979.1,28687.42,1144178.74,40047183.58,48202.27,227089.16,804771.74,23870.77,11.1,644771.33,124920.92,355838.06,0.09,376489.75,8276.37,15703.19,43540.4,1417.95,1450773.37,446422.83,239462.54,951.54,863220.35,2926024.81,20782.04,24116.38,18405.73,9053.38,65277.13,6055.39,171712.93,5666.08,7843945.92,896468,51438.27,14419.01,428210.52,572802.49,17742.54,14953.37,0.92,8908.73,78934.79,9036.69,
2022-04,797025.07,540069.88,2006893.99,9451483.22,2676618.9,1078820.19,1957531.94,27408.65,1130925.48,38075645.87,82646.18,240555.06,800820.79,23990.02,16.65,757598.57,68127.89,415408.86,0.02,435678.88,7342.73,13944.02,45425.92,1411.43,661765.67,416251.3,238187.83,777.27,639072.34,2014581.67,16634.85,24471.51,2459.37,18573.22,123662.75,154475.04,107051.85,5320,8889482.79,431755.65,45406.7,14430.98,415087.27,1118845.21,16751.01,12494.79,,8594.37,139532.59,235.41,0.16
2022-05,613619.26,432139.87,1729925.09,9884328.15,2740496.58,1860722.46,2111066.49,30532.27,1073205.04,40017227.25,34239.48,245319.81,824796.47,16004.69,31.07,800133.21,151249.89,471339.41,,397884.93,14239.1,19695.51,45342.47,1207.46,794540.88,439529,261501.19,185.42,898510.77,1874324.09,24500.47,41026.3,5366.16,17466.04,93502.63,6685.13,134778.8,7127.03,10268980.33,81589.51,57539.32,15543.11,488842.04,846180.15,10812.53,10725.31,,12410.62,123417.43,4623.41,0.88
2022-06,854973.65,535542.76,1730119.38,9368779.77,2843598.5,2005717.14,2541955.93,32802.66,998773.51,42115792.15,71092.19,300062.82,814221.92,37212.11,18.1,712905.4,96016.27,506846.07,11.27,443602.22,14547.25,15787.12,48268.79,1782.12,550331.17,499460.96,309302.94,197.94,939138.66,4305185.46,25730.72,35563.07,4689.23,40381.58,191483.8,5917.03,132359.51,8400.12,9748264.47,76143.37,54903.3,14924.67,517468.17,460995.18,11532.95,11723.61,0.01,12970.68,173914.65,10170.18,1.75
2022-07,767912.93,454042.1,1737234.63,9485396.8,2980241.59,1437649.79,2389904.07,31775.68,863904.53,41746739.96,49066.68,278849.07,832084.23,19159.27,5.39,655411.7,81888.78,514432.48,,429304.37,31763.15,13502.16,51768.35,995.72,386096.71,369225.32,227910.95,685.2,702889.95,5088160.8,25304.27,29019.82,6169.61,8292.73,53039.22,21264.09,185840.94,7364.79,10019264.64,42347.79,46150.2,13991.23,487031.89,794000.61,9294.55,8654.41,0.04,10935.51,92364.59,5145.17,1.48
2022-08,659245.36,435662.86,1814990.88,10108991.67,3237714.55,1815145.81,2601259.8,26554.39,1170364.76,45345516.18,55726.55,255236.44,916597.77,9604.39,4.84,752771.2,80892.97,469968.89,0.3,469947.5,25864.31,12123.18,48020.61,1632.13,364403.01,444806.48,280606.08,332.05,812288.02,5348686.11,23541.21,35443.58,7521.56,12867.19,35189.05,1759.82,202683,7752.7,11214592.06,42925.18,50288.65,14124.19,458939.2,824665.21,10826.69,9072.28,0.01,9644.9,159120.9,5115.08,0.81
2022-09,711075.93,497184.58,1680923.48,9374600.17,2762816.07,1555643.07,2328573.77,22155.94,987194.01,41501949.93,56662.58,269989.93,777651.59,11618.5,18.1,792387.66,106642.21,467353.8,0.14,456146.64,13577.21,18923.69,53679.03,1327.38,261186.91,445323.53,302095.39,358.05,715270.53,4516510.76,33985.78,39348.35,10727.08,10490.19,89462.82,6620.61,177669.64,7840.75,10656146.57,58696.21,45683.53,18073.37,447501.17,517072.52,11132.5,14515.53,1.91,11659.38,157821.46,609.28,0.65
2022-10,610378.8,402677.56,1620093.48,8613929.05,2881215.27,1367758.37,1844095.87,25253.01,1077161.66,38896435.97,98442.17,214709.31,745291.66,4389.26,14.85,635809.09,59572.56,369200.03,0.56,362707.21,18857.95,16155.03,44570.47,362.81,271306.66,358214.25,230553.27,183.29,506795.41,4867225.37,18818.57,30415.02,7068.37,7763.94,45611.56,21347.99,111270.78,5188.11,10229782.55,171047.37,33725.95,7825.67,380645.9,518174.44,7001.88,4342.25,0.14,8339.31,36247.87,4893.76,0.3
2022-11,631969.93,390672.01,1604348.92,9003880.69,2874051.38,1392172.29,2197330.28,21431.95,1053279.88,40921777.07,78211.44,208346.09,806034.06,4662.86,9.57,709526.54,117310.59,405452.87,1.53,431659.52,23112.09,14506.08,52886.33,1003.51,489192.71,414362.41,228975.62,411.33,770595.03,4706220.29,29545.94,26973.07,8728.45,8169.61,79805,3753.48,175058.98,6967.3,10544850.94,242322.22,44852.48,10402.31,418597.68,522793.53,13007.82,7728.57,0.03,8439.44,133180.68,4981.33,0.39
2022-12,604274.86,583146.11,1671047.97,9088666.45,3989940.52,924925.58,2178230.49,23893.14,1085895.05,41482377.68,86011.31,249378.08,816422.53,8855.28,33.55,566138.16,116965.86,431252,0.26,433315.37,15989.44,20739.22,59130.88,896.5,746298.06,438661.55,240335.96,334.7,868644.59,5373177.04,41293.12,36929.42,10393.63,10131.8,49276.26,3402.87,137904.64,8893.17,8996554.28,379751.02,45684.95,9208.48,484121.56,541197.14,15387.84,4833,0,4684.02,79220.07,908.16,1.76
2023-01,461504.2,536525.06,2174521.47,8737470.09,2544956.74,719066.54,2105369.46,19614.83,940474.93,36199656.51,41937.91,220155.98,765265.6,12115.55,18.8,517909.53,145809.78,380103.88,0.98,419398.37,9609.88,12426.88,37600.51,919,385845.46,337083.42,245281.38,322.32,638716.85,2569761.59,41266.51,26562.9,6586.35,2745.18,61216.73,2886.17,203274.07,6241.27,9305274.55,243869.94,41900.96,9620.63,422506.32,738764.14,10007.16,8691.56,,8995.84,136448.87,9851.6,6.88
2023-02,686807.97,508395.19,1413406.61,8342003.92,3247991.81,1390233.97,2159590.34,23162.71,1009602.51,39418008.85,108841.11,230074.2,724008.04,11314.36,14.88,500949.75,114860.35,434687.65,0.45,364488.29,11392.87,20123.65,50494.08,1651.22,312316.41,387090.41,226788.04,568.14,743209.26,5292668.35,18235.83,22001.6,6293.51,14320.05,110883.94,25612.56,225515.07,5754.61,9343636.4,457911.5,41253.82,9773.56,378908.6,422514.09,17739.6,4527.14,0.16,3729.93,136689.16,6786.61,1.16
2023-03,833878.94,591330.9,1867344.28,9073564.13,3500106.48,1810922.03,2334585.74,25672.49,1292769.47,47300327.02,75154.01,256680.59,813347.21,11498.06,3.56,613495.98,113147.63,551009.86,0.04,419287.05,12790.16,16787,58614.52,2020.08,512304.49,463103.73,210680.18,338.72,1006037.77,7750304.4,27843.29,24497.15,10412.27,7674.11,89508.88,17082.52,267471.41,4432.95,11020624.22,516950.16,38406.87,10335.01,443236.15,547861.53,38368.11,7177.5,0.19,7092.01,117607.39,1230.82,0.51
2023-04,694402.32,350102.02,1376715.59,8897104.25,3168851.42,1947534.19,2145196.57,20213.61,1063361.41,40479007.79,58856.22,195678.22,780898.02,16914.96,5.71,540429.48,109249.26,356677.76,0.01,364352.68,9929.51,19893.93,43439.21,1179.11,320120.94,428610.97,266004.45,536.38,822175.66,4859095.33,24184.75,19314.45,12808.84,10606.24,128312.83,19046.58,306737.61,3292.12,9606386.46,424581.95,38160.75,11353.32,401484.34,648141.38,6588.62,6735.49,0.15,9180.49,101761.49,766.04,0.3
2023-05,624950.01,473207.96,1500227.79,9510323.66,3425866.51,1348914.03,2427265.01,23218.06,1223501.76,44716561.77,110887.5,224112.46,860584.88,10390.74,5.8,664933.95,130167.03,476253.91,0.04,423246.9,73709.06,25240.17,40041.46,1583.18,462459.15,437341.99,240975.18,880.43,812534.39,5741774.57,23862.08,26895.14,9702.73,9903.93,62799.5,23592.46,281562.82,8198.56,11305594.9,596807.43,45195.07,14164.41,393367.05,568367.03,10184.02,7683.76,0.07,9088.93,120512.18,775.54,2.47
2023-06,631502.82,405603.74,1516312.02,9433994.58,3425249.68,1325545.31,2475083.36,22787.11,1634763.66,42881973.39,57709.84,245890.84,878215.69,15568.79,9.25,712252.74,115074.85,515885.24,0.3,388264.47,13218.53,20883.28,70631.83,1705.7,382258.8,372022.8,252017.28,321.96,925780.05,3793247.75,31786.62,25611.95,18998.58,13973.57,55154.67,13107.56,328672.15,7285.11,11279970.6,430422.98,40351.46,10755.41,426992.61,422800.64,8941.8,5849.04,0.01,9882.81,200841.68,1006.39,1.29
2023-07,627911.28,394092.5,1507061.8,8966894.21,3021768.72,1246290.04,2272988.88,26367.77,1335479.37,38507397.64,55034.48,237185.86,792581.45,15283.55,6.78,697531.81,149524.77,453813.18,0.01,411369.66,23401.78,15084.44,50975.23,1375.6,311171.93,440005.82,222270.12,296.45,831532.38,3390297.41,26608.81,17841.53,8501.53,8550.48,59006.33,14010.7,239492.39,11336.46,9207829.02,336833.64,48858.46,10802.47,484320.38,450216.91,10751.7,7277.28,,10517.05,138409.78,196.81,6.15
2023-08,672499.6,458552.83,1946857.98,9792310.22,3118212.46,1361512.37,2454584.28,17848.85,1651847.88,42585461.55,93182.87,267491.04,701030.95,19588.46,82.19,790178.7,178082.05,340260.75,0.04,387492.14,18737.54,15567.86,59860.76,2056.39,316453.86,336180.26,227154,688.31,720511.56,3657459.1,33727.57,22543.69,11811.61,11817.59,73843.4,17463.54,136716.13,10336.26,11515041.33,182949.33,40007.52,11066.56,415511.61,394591.44,15951.05,5445.22,0.55,10789.21,171871.66,689.56,126.01
2023-09,649133.85,451544.19,1645022.47,8703537.82,3270606.68,1477709.74,2223631.06,17546.09,2029288.6,41916553.91,54963.72,268059.21,646618.13,12721.67,4.64,756204.82,84311.69,351700.28,,389810.76,17190.87,11789.66,54629.25,1866.66,302891.12,442656.09,244679.15,528.44,659001.91,4090153.64,30509.33,22060.72,14910.3,11154.41,102825.96,7450.29,154631.48,8917.3,11531541.41,105212.06,38433.49,12189.57,454370.29,479259.22,28063.56,7252.45,,7688.93,157478.73,6225.14,4.71
2023-10,,,1690038.67,8071606.4,2955482.69,,2173256.24,,1409986.78,,,,,,,,,,,,,,,,,,,,,,,,,,,,,,11106957.31,,,,,,,,,,,,
